0.11663071811199188,0.8291364908218384,4.434865275015909e-07,0.19851122796535492,0.787453293800354,-0.029159732162952423,0.2548919916152954,0.6843687891960144,-0.03328212350606918,0.22094586491584778,0.5913624167442322,-0.035691700875759125,0.1620980054140091,0.5692578554153442,-0.03770413249731064,0.25890398025512695,0.5698264837265015,-0.0012343775015324354,0.2816283106803894,0.459104984998703,-0.013694756664335728,0.28959858417510986,0.38704848289489746,-0.029408812522888184,0.2949073314666748,0.32506054639816284,-0.04295261204242706,0.2110166698694229,0.541496217250824,-0.003106099320575595,0.23477217555046082,0.42147761583328247,-0.013043696992099285,0.24989143013954163,0.339277058839798,-0.030715448781847954,0.26187247037887573,0.27173373103141785,-0.044799257069826126,0.16413472592830658,0.5387980937957764,-0.010279596783220768,0.1815476417541504,0.4212769865989685,-0.02342739887535572,0.19506312906742096,0.34145647287368774,-0.04256223887205124,0.20454545319080353,0.27669864892959595,-0.056065093725919724,0.11438754945993423,0.5543763041496277,-0.021026767790317535,0.12793748080730438,0.46170151233673096,-0.03375041112303734,0.13932092487812042,0.3992946147918701,-0.04292701557278633,0.14857801795005798,0.34476569294929504,-0.050196416676044464,hello
0.11496373265981674,0.8243706822395325,4.198262502086436e-07,0.19863034784793854,0.7859851717948914,-0.028237855061888695,0.2542089819908142,0.6858878135681152,-0.03171751648187637,0.2278669774532318,0.5892038345336914,-0.0337311327457428,0.17557799816131592,0.5586393475532532,-0.035386037081480026,0.2608678638935089,0.5686312913894653,0.0011434234911575913,0.285170316696167,0.4580269455909729,-0.010821851901710033,0.2922854423522949,0.38551008701324463,-0.0267189908772707,0.2959010601043701,0.3226723074913025,-0.04054033011198044,0.21389079093933105,0.5406906604766846,-0.0004990437300875783,0.23939098417758942,0.420715868473053,-0.010623099282383919,0.2548868656158447,0.3387022614479065,-0.02905113808810711,0.2670062780380249,0.27101266384124756,-0.04385877028107643,0.16670918464660645,0.5375415682792664,-0.007488815113902092,0.1853845715522766,0.4189258813858032,-0.021161962300539017,0.19931243360042572,0.3399465084075928,-0.04098675772547722,0.20881156623363495,0.2763437330722809,-0.05507660284638405,0.11645714193582535,0.5517812371253967,-0.0178879052400589,0.1313208043575287,0.45842939615249634,-0.03183187171816826,0.14287340641021729,0.3951878547668457,-0.04227157682180405,0.15245723724365234,0.3395841717720032,-0.050385285168886185,hello
0.12803342938423157,0.827713668346405,4.3946030814367987e-07,0.21025848388671875,0.7809149026870728,-0.026177197694778442,0.2615928649902344,0.6783477663993835,-0.029248660430312157,0.23218512535095215,0.5851536393165588,-0.03148487210273743,0.1746748834848404,0.5661859512329102,-0.033443134278059006,0.26668912172317505,0.5661422610282898,0.003567533800378442,0.29125675559043884,0.4638388752937317,-0.00853531900793314,0.2995806932449341,0.3959653377532959,-0.02476872131228447,0.30504310131073,0.33636409044265747,-0.03891163691878319,0.2219139039516449,0.5365167856216431,0.00019228838209528476,0.24664238095283508,0.42262235283851624,-0.010316760279238224,0.2623068690299988,0.3409808874130249,-0.028112443163990974,0.27497756481170654,0.2733445167541504,-0.04202365130186081,0.1756935715675354,0.5341796278953552,-0.008505764417350292,0.19268673658370972,0.4185808300971985,-0.023312419652938843,0.2064594179391861,0.3394080698490143,-0.04276958107948303,0.2165534645318985,0.2742205560207367,-0.05608229711651802,0.1252356767654419,0.5512296557426453,-0.020465834066271782,0.13815970718860626,0.46116605401039124,-0.03499092161655426,0.15054427087306976,0.39907512068748474,-0.04490852355957031,0.16093002259731293,0.3444700241088867,-0.052470896393060684,hello
0.19714310765266418,0.8317102789878845,4.640963027213729e-07,0.27574220299720764,0.7967749834060669,-0.032289206981658936,0.32462412118911743,0.7014957666397095,-0.03939756006002426,0.29971548914909363,0.617065966129303,-0.04534587636590004,0.24936038255691528,0.5841118693351746,-0.05132860317826271,0.3373609781265259,0.5802916288375854,-0.0012192248832434416,0.3708397150039673,0.48860540986061096,-0.020252328366041183,0.3858118951320648,0.4229840934276581,-0.04142938181757927,0.39542919397354126,0.3639799952507019,-0.05851173400878906,0.29761460423469543,0.5537315011024475,-0.002480241237208247,0.33379310369491577,0.45706379413604736,-0.020759498700499535,0.35380324721336365,0.38463521003723145,-0.04301377758383751,0.3719449043273926,0.3176405727863312,-0.059516068547964096,0.25366756319999695,0.5522254109382629,-0.010385997593402863,0.28461700677871704,0.4534424841403961,-0.032458238303661346,0.30426597595214844,0.38233432173728943,-0.05439580976963043,0.32140809297561646,0.3171691596508026,-0.06889533251523972,0.20366673171520233,0.5683708190917969,-0.021902190521359444,0.23181267082691193,0.49216577410697937,-0.041773609817028046,0.24830786883831024,0.43873685598373413,-0.05376317352056503,0.2634512186050415,0.3864454925060272,-0.06264497339725494,hello
0.22543677687644958,0.8183223009109497,4.398982014208741e-07,0.3063421845436096,0.7920131683349609,-0.0195033997297287,0.3611052930355072,0.702896237373352,-0.018763206899166107,0.3348546326160431,0.619067907333374,-0.01859292760491371,0.27606841921806335,0.606329619884491,-0.018797269091010094,0.38370975852012634,0.5887728929519653,0.012831064872443676,0.4159746766090393,0.4999348223209381,0.0044984761625528336,0.43209215998649597,0.44090351462364197,-0.009345726110041142,0.4444462060928345,0.3891502916812897,-0.02221161313354969,0.34553802013397217,0.5580747723579407,0.006742638535797596,0.379647433757782,0.45844829082489014,-0.001130583113990724,0.40345463156700134,0.38751915097236633,-0.017462482675909996,0.4236091375350952,0.32814350724220276,-0.030568541958928108,0.30205345153808594,0.5517359972000122,-0.004663534462451935,0.3271534740924835,0.4452196955680847,-0.017734762281179428,0.3455160856246948,0.37379416823387146,-0.036716535687446594,0.36080747842788696,0.313551127910614,-0.04971299692988396,0.2520851790904999,0.5628366470336914,-0.018865812569856644,0.2738211750984192,0.48170626163482666,-0.03127029165625572,0.2910372018814087,0.4260120391845703,-0.040572259575128555,0.30822354555130005,0.374794602394104,-0.04831850528717041,hello
0.24725814163684845,0.8322421908378601,4.732544596208754e-07,0.3279229402542114,0.8094902634620667,-0.02147434465587139,0.38734060525894165,0.7157127261161804,-0.020917577669024467,0.3686843812465668,0.6238350868225098,-0.020396392792463303,0.3123893141746521,0.6011201739311218,-0.020421074703335762,0.4005020260810852,0.6061274409294128,0.008173822425305843,0.44071465730667114,0.5232334733009338,-0.002237604232504964,0.46357378363609314,0.4652409255504608,-0.01684201881289482,0.4819238781929016,0.4149817228317261,-0.02977602742612362,0.3658636808395386,0.5733824372291565,0.0028466875664889812,0.4078998267650604,0.4723408818244934,-0.006204479839652777,0.4352114796638489,0.3981185555458069,-0.02195531316101551,0.4579596221446991,0.33741092681884766,-0.034321706742048264,0.3249792754650116,0.565567672252655,-0.007862451486289501,0.35725975036621094,0.45699256658554077,-0.022446105256676674,0.3805331587791443,0.38239341974258423,-0.042094886302948,0.3984319567680359,0.3215816020965576,-0.055417485535144806,0.276507705450058,0.5744737386703491,-0.021398430690169334,0.30487778782844543,0.4916035532951355,-0.035350311547517776,0.32435107231140137,0.4341866075992584,-0.045225344598293304,0.34159690141677856,0.3834388852119446,-0.05329296365380287,hello
0.3043696880340576,0.8535617589950562,4.1616635826358106e-07,0.38600531220436096,0.83942049741745,-0.01655074581503868,0.4527038037776947,0.7506621479988098,-0.013754190877079964,0.4426896274089813,0.6591174006462097,-0.012154894880950451,0.39117953181266785,0.6313411593437195,-0.011208757758140564,0.4668523371219635,0.6334391832351685,0.015435182489454746,0.509299635887146,0.5617008209228516,0.005142382811754942,0.5366206765174866,0.5153967142105103,-0.00957399420440197,0.5602259635925293,0.4777955412864685,-0.022392088547348976,0.436007559299469,0.5961242318153381,0.007480157073587179,0.4814339280128479,0.49816495180130005,-0.001951571088284254,0.5134682059288025,0.43026623129844666,-0.01740947552025318,0.5413331985473633,0.3755885064601898,-0.029123805463314056,0.39781248569488525,0.585885226726532,-0.0060549392364919186,0.4334036111831665,0.47979384660720825,-0.021716972813010216,0.459789514541626,0.41031843423843384,-0.040674809366464615,0.4820929765701294,0.353446900844574,-0.05339620262384415,0.3515082597732544,0.594146728515625,-0.02206052839756012,0.3838290572166443,0.5146708488464355,-0.03604189306497574,0.40589597821235657,0.46154841780662537,-0.04548519477248192,0.4266853630542755,0.4124119281768799,-0.053464263677597046,hello
0.3021407127380371,0.8490808010101318,4.3834168650391803e-07,0.3845183551311493,0.8343744874000549,-0.01946558803319931,0.4538210928440094,0.7465672492980957,-0.01713193953037262,0.4479154050350189,0.6516640782356262,-0.015036311000585556,0.3970320224761963,0.6235681772232056,-0.0127619169652462,0.47676417231559753,0.6336797475814819,0.014020530506968498,0.5213984251022339,0.5536777973175049,0.006905804388225079,0.5475650429725647,0.49956244230270386,-0.005035542882978916,0.5680122375488281,0.45360082387924194,-0.016261620447039604,0.44694817066192627,0.5969220995903015,0.00901035312563181,0.4946216344833374,0.5020771026611328,0.0023845075629651546,0.5252079963684082,0.43735271692276,-0.010531107895076275,0.5500360727310181,0.383272647857666,-0.020461522042751312,0.4088069498538971,0.582809567451477,-0.0015150823164731264,0.44614464044570923,0.4813726544380188,-0.013986781239509583,0.47310733795166016,0.4130021929740906,-0.031162520870566368,0.4946745038032532,0.3548426032066345,-0.042892493307590485,0.36185264587402344,0.5841062068939209,-0.014874703250825405,0.3930880129337311,0.5074313879013062,-0.026768898591399193,0.41399073600769043,0.45444363355636597,-0.03535621240735054,0.4322360157966614,0.4054609537124634,-0.042476821690797806,hello
0.2779763638973236,0.8522353768348694,4.995327458345855e-07,0.3712591528892517,0.831788182258606,-0.01980917528271675,0.43859806656837463,0.7471643686294556,-0.018477072939276695,0.4469030201435089,0.6606723070144653,-0.01873983070254326,0.4149775207042694,0.6201034784317017,-0.0203374195843935,0.4439437985420227,0.6258507370948792,0.013167664408683777,0.4865456223487854,0.5333471894264221,-0.002198169706389308,0.5134575366973877,0.46678218245506287,-0.020467255264520645,0.5350014567375183,0.4111240804195404,-0.035184912383556366,0.40775322914123535,0.5960721373558044,0.006238310132175684,0.45050323009490967,0.4955095052719116,-0.00996849313378334,0.4810875952243805,0.42191749811172485,-0.03160509094595909,0.5073610544204712,0.3622414767742157,-0.04738592728972435,0.3633344769477844,0.5852165222167969,-0.006481940392404795,0.4035051465034485,0.48277369141578674,-0.029872309416532516,0.43386566638946533,0.4144638776779175,-0.052029021084308624,0.4577203392982483,0.35688516497612,-0.06574323773384094,0.30823445320129395,0.5878810286521912,-0.021460969001054764,0.34484320878982544,0.5092014074325562,-0.044795259833335876,0.36945611238479614,0.45538657903671265,-0.05787521228194237,0.39110898971557617,0.40466463565826416,-0.06656632572412491,hello
0.1702590137720108,0.8151082396507263,3.98473673612898e-07,0.25865283608436584,0.7769395112991333,-0.01973140798509121,0.31618279218673706,0.6909599304199219,-0.020349012687802315,0.3021990954875946,0.6024514436721802,-0.023051023483276367,0.24792620539665222,0.5722374320030212,-0.025798331946134567,0.327377051115036,0.5725739598274231,0.025908581912517548,0.36512166261672974,0.4869367778301239,0.016812460497021675,0.3814345896244049,0.4262228012084961,-0.00042429741006344557,0.3917735815048218,0.3701450228691101,-0.0155278155580163,0.28923696279525757,0.5434138774871826,0.020983487367630005,0.3262265920639038,0.45452532172203064,0.010925957933068275,0.34648796916007996,0.39145368337631226,-0.009556007571518421,0.35919344425201416,0.3356899619102478,-0.024916881695389748,0.24677163362503052,0.534234344959259,0.010006248950958252,0.2810784578323364,0.44438064098358154,-0.002768151694908738,0.3034026622772217,0.3829757571220398,-0.019016947597265244,0.31726354360580444,0.3313429355621338,-0.029608167707920074,0.19897957146167755,0.5401594042778015,-0.0043302192352712154,0.22614847123622894,0.4660643935203552,-0.014730111695826054,0.24264128506183624,0.4147831201553345,-0.020572196692228317,0.25434207916259766,0.37047892808914185,-0.024861665442585945,hello
0.08310917019844055,0.7769402265548706,5.152943458597292e-07,0.162613645195961,0.7237703800201416,-0.03137407451868057,0.20766013860702515,0.6295739412307739,-0.037701454013586044,0.18274475634098053,0.5417352914810181,-0.043386030942201614,0.13260763883590698,0.5159172415733337,-0.048677776008844376,0.21124356985092163,0.5149642825126648,0.005483987275511026,0.23588602244853973,0.42175644636154175,-0.009712422266602516,0.24694392085075378,0.3560678958892822,-0.029555512592196465,0.2540649175643921,0.29771775007247925,-0.0454166941344738,0.166398823261261,0.490531861782074,0.0055777630768716335,0.19130724668502808,0.3873281478881836,-0.008009279146790504,0.20678165555000305,0.312444269657135,-0.02893216349184513,0.21822819113731384,0.24768385291099548,-0.044078413397073746,0.12097664922475815,0.49002403020858765,-0.0005470170872285962,0.13897396624088287,0.3867925703525543,-0.017369065433740616,0.1522762030363083,0.31821396946907043,-0.03648541867733002,0.16056163609027863,0.2613186240196228,-0.048076365143060684,0.07198891788721085,0.5078812837600708,-0.010523295029997826,0.08257552981376648,0.4234154224395752,-0.024148637428879738,0.0931248813867569,0.36867964267730713,-0.0319976732134819,0.10132332146167755,0.32272106409072876,-0.037021927535533905,hello
0.10214178264141083,0.7856267690658569,5.039794928052288e-07,0.1765708029270172,0.7467560768127441,-0.037504494190216064,0.22882476449012756,0.6586243510246277,-0.04571985825896263,0.21125935018062592,0.5709918737411499,-0.0510895699262619,0.16631275415420532,0.5296913981437683,-0.054787036031484604,0.23588521778583527,0.5275607109069824,-0.00013378445873968303,0.2618740200996399,0.42579853534698486,-0.014268149621784687,0.26858365535736084,0.35568273067474365,-0.0327741876244545,0.2707497775554657,0.2944228947162628,-0.0473247729241848,0.1930379718542099,0.49648693203926086,0.005126750096678734,0.21625235676765442,0.38634783029556274,-0.006403522100299597,0.22655142843723297,0.31075766682624817,-0.025889644399285316,0.2314896583557129,0.2478523850440979,-0.03971307724714279,0.14877481758594513,0.49248844385147095,0.004306770861148834,0.16419604420661926,0.3852596879005432,-0.009928972460329533,0.17191997170448303,0.31533488631248474,-0.026532446965575218,0.1744050234556198,0.25734859704971313,-0.03688274323940277,0.10164620727300644,0.5092722177505493,-0.0006377401878125966,0.10965315997600555,0.4258013963699341,-0.01331904623657465,0.11230408400297165,0.37514710426330566,-0.018962008878588676,0.1126738041639328,0.33192193508148193,-0.021697482094168663,hello
0.34862321615219116,0.8660535216331482,4.1525603933223465e-07,0.4201980531215668,0.868078887462616,-0.017782602459192276,0.48191630840301514,0.7876725196838379,-0.017015639692544937,0.480704128742218,0.7073993682861328,-0.016028858721256256,0.4347223937511444,0.6768205165863037,-0.01656261831521988,0.5063642263412476,0.6786047220230103,-0.003226889530196786,0.5487836003303528,0.5970508456230164,-0.01577351801097393,0.5763700008392334,0.5374699234962463,-0.030096642673015594,0.5965391993522644,0.48640385270118713,-0.04237611964344978,0.476414293050766,0.6424652338027954,-0.010210023261606693,0.5226527452468872,0.5483028292655945,-0.022196155041456223,0.5563089847564697,0.47994720935821533,-0.0380210354924202,0.5817387700080872,0.4231542646884918,-0.049205951392650604,0.4376053214073181,0.6280425786972046,-0.020899711176753044,0.4747593402862549,0.5257782340049744,-0.03733619675040245,0.5040871500968933,0.45276933908462524,-0.05571335181593895,0.5258137583732605,0.390114963054657,-0.06725968420505524,0.38992661237716675,0.6288950443267822,-0.0335557796061039,0.42578747868537903,0.5463964939117432,-0.0505513958632946,0.45029497146606445,0.489715039730072,-0.06067558750510216,0.46917566657066345,0.4398486018180847,-0.06743926554918289,hello
0.2662121653556824,0.8577560186386108,4.014391379314475e-07,0.3465224504470825,0.8427056670188904,-0.01908988133072853,0.4096806049346924,0.7513458132743835,-0.01735013723373413,0.40152907371520996,0.6590797305107117,-0.016040893271565437,0.3511575758457184,0.6311085224151611,-0.015222346410155296,0.4250510334968567,0.6253994107246399,0.01082864124327898,0.4644221365451813,0.542789876461029,0.002726889681071043,0.48708638548851013,0.4901358485221863,-0.009836864657700062,0.505577564239502,0.443398118019104,-0.021650953218340874,0.3927762508392334,0.5924198031425476,0.004330379888415337,0.43832695484161377,0.49292218685150146,-0.003223107196390629,0.468622088432312,0.4243278205394745,-0.016991883516311646,0.4939204454421997,0.3673270046710968,-0.02837638184428215,0.3527557849884033,0.5843830704689026,-0.007777642458677292,0.3889341354370117,0.4779452979564667,-0.02184242568910122,0.41496315598487854,0.4059392213821411,-0.04109423980116844,0.43625205755233765,0.3457489013671875,-0.054624248296022415,0.303461492061615,0.59339839220047,-0.022549793124198914,0.33599376678466797,0.5120037198066711,-0.03701053559780121,0.35622572898864746,0.45460963249206543,-0.04825349152088165,0.3727843761444092,0.4017828106880188,-0.05776647850871086,hello
0.24230509996414185,0.8426173329353333,4.4273267008065886e-07,0.32823291420936584,0.8212671279907227,-0.01953061856329441,0.3944471776485443,0.7330880761146545,-0.01845790632069111,0.3816014528274536,0.6379870176315308,-0.017874842509627342,0.3256887197494507,0.6109086275100708,-0.01800142601132393,0.40638428926467896,0.6178246140480042,0.010630597360432148,0.44747865200042725,0.5313531160354614,0.0017434481997042894,0.4686567485332489,0.4732709527015686,-0.012079301290214062,0.4858262240886688,0.42140859365463257,-0.024885250255465508,0.3725574016571045,0.5835430026054382,0.003935534041374922,0.41747620701789856,0.48042193055152893,-0.004458719398826361,0.44793036580085754,0.40720513463020325,-0.0204754788428545,0.4729160666465759,0.3449541926383972,-0.033439844846725464,0.3318610191345215,0.5732701420783997,-0.008045261725783348,0.3655559718608856,0.4619554877281189,-0.02271108515560627,0.3898604214191437,0.38821518421173096,-0.043067991733551025,0.40895283222198486,0.32632288336753845,-0.05713232606649399,0.28211304545402527,0.5789740681648254,-0.022583449259400368,0.31047293543815613,0.4930471181869507,-0.03710934892296791,0.33082374930381775,0.43526703119277954,-0.04800315946340561,0.34859082102775574,0.3822273313999176,-0.05703747645020485,hello
0.1871052086353302,0.8177142143249512,5.283923201204743e-07,0.2653581202030182,0.7803767919540405,-0.038298774510622025,0.31720927357673645,0.6946337819099426,-0.04837935045361519,0.2945795953273773,0.6086968183517456,-0.056697022169828415,0.24326428771018982,0.5745334029197693,-0.06375719606876373,0.3505503237247467,0.5650898814201355,0.0049843196757137775,0.38305845856666565,0.47866207361221313,-0.010713678784668446,0.3972480297088623,0.41996634006500244,-0.03249788284301758,0.40921998023986816,0.36320653557777405,-0.050621695816516876,0.3116193115711212,0.5313624739646912,0.00655803456902504,0.3454657196998596,0.44038116931915283,-0.006967855151742697,0.36389511823654175,0.3722822070121765,-0.02891053631901741,0.3827006220817566,0.30425721406936646,-0.045790962874889374,0.26637789607048035,0.5253778696060181,0.0005757360486313701,0.2959384024143219,0.433877170085907,-0.016394661739468575,0.3100183308124542,0.3681391477584839,-0.03549424186348915,0.3225884437561035,0.30580320954322815,-0.047867145389318466,0.21430528163909912,0.5404903292655945,-0.010338003747165203,0.23924259841442108,0.46760308742523193,-0.024173462763428688,0.2528683841228485,0.4170714318752289,-0.03183984383940697,0.26518356800079346,0.36774730682373047,-0.03739992901682854,hello
0.13183002173900604,0.7969364523887634,4.784535008184321e-07,0.2127792090177536,0.7584288120269775,-0.03200751170516014,0.2656036913394928,0.6625798344612122,-0.037515588104724884,0.24613159894943237,0.5647157430648804,-0.041538942605257034,0.19767098128795624,0.5267992615699768,-0.044816754758358,0.2727406919002533,0.5386455655097961,0.007909020408987999,0.30309605598449707,0.4445560574531555,-0.005265065934509039,0.31529057025909424,0.3827761113643646,-0.023145606741309166,0.32341814041137695,0.32861125469207764,-0.03797709196805954,0.23168891668319702,0.5071304440498352,0.007782725151628256,0.26383426785469055,0.40060704946517944,-0.004090202506631613,0.2813745439052582,0.32596296072006226,-0.023569611832499504,0.2952178418636322,0.26200857758522034,-0.038103409111499786,0.18731039762496948,0.5024797320365906,0.0008480102987959981,0.2128039449453354,0.39552104473114014,-0.015278775244951248,0.22904738783836365,0.3227854073047638,-0.03498173877596855,0.24158115684986115,0.2605132758617401,-0.04804379492998123,0.1373315304517746,0.5168558955192566,-0.009907368570566177,0.15729445219039917,0.43652790784835815,-0.02478598617017269,0.17153340578079224,0.38233649730682373,-0.034474197775125504,0.18388810753822327,0.33190232515335083,-0.04157831519842148,hello
0.11055018752813339,0.7908420562744141,3.929673368929798e-07,0.19389797747135162,0.7515631914138794,-0.027622705325484276,0.2480871081352234,0.6521136164665222,-0.03219422698020935,0.21549773216247559,0.5572758913040161,-0.035408832132816315,0.16000622510910034,0.5306773781776428,-0.03862384334206581,0.2604789435863495,0.5404519438743591,-0.0033440575934946537,0.28420379757881165,0.4314470589160919,-0.017195379361510277,0.2918185293674469,0.3591163754463196,-0.03343065828084946,0.29577842354774475,0.29674196243286133,-0.04703855141997337,0.21359650790691376,0.5121572613716125,-0.00588438892737031,0.23859620094299316,0.39270442724227905,-0.017223823815584183,0.25341689586639404,0.3100782632827759,-0.03453129902482033,0.2646220624446869,0.24280381202697754,-0.04788127914071083,0.16712042689323425,0.5098314881324768,-0.013370782136917114,0.18692703545093536,0.3909353017807007,-0.02759222500026226,0.19995582103729248,0.3124663829803467,-0.04576906934380531,0.20824754238128662,0.24910804629325867,-0.058095429092645645,0.11709900945425034,0.5259414315223694,-0.024169128388166428,0.1318029910326004,0.4347076416015625,-0.0379939079284668,0.14376266300678253,0.37223196029663086,-0.04703615978360176,0.15313579142093658,0.31777945160865784,-0.05363168939948082,hello
0.14319659769535065,0.797013521194458,4.0560217939855647e-07,0.2236204743385315,0.7621554136276245,-0.02842792496085167,0.27644383907318115,0.6636641621589661,-0.033004030585289,0.24921517074108124,0.5682139992713928,-0.03592535853385925,0.19422076642513275,0.545663595199585,-0.03868144750595093,0.28077128529548645,0.5464428663253784,-0.002750872168689966,0.3066903352737427,0.44509851932525635,-0.015930769965052605,0.3182225823402405,0.37954068183898926,-0.031055977568030357,0.32611918449401855,0.32342761754989624,-0.043963879346847534,0.23776650428771973,0.5166354179382324,-0.004899599123746157,0.2652687132358551,0.401589572429657,-0.016459763050079346,0.2811090350151062,0.32411760091781616,-0.03249606117606163,0.2934578061103821,0.26125192642211914,-0.04471021890640259,0.19283853471279144,0.5128222703933716,-0.012369784526526928,0.2138865441083908,0.398026704788208,-0.027407526969909668,0.2287091165781021,0.3213042616844177,-0.04607592895627022,0.23946520686149597,0.258083313703537,-0.0588470883667469,0.1433972716331482,0.5274299383163452,-0.023165782913565636,0.1598098874092102,0.43901824951171875,-0.037442274391651154,0.1719338744878769,0.37980133295059204,-0.047095026820898056,0.1826396882534027,0.3269053101539612,-0.05456586554646492,hello
0.16460809111595154,0.7937368154525757,4.019131267796183e-07,0.24555239081382751,0.7615028619766235,-0.024752067402005196,0.2979832589626312,0.6639447212219238,-0.027170455083251,0.2733632028102875,0.5706427097320557,-0.02857935056090355,0.2249448299407959,0.5405321717262268,-0.029762879014015198,0.3058483600616455,0.5474677681922913,0.0001541637466289103,0.3343081772327423,0.4466823637485504,-0.011934110894799232,0.3476034998893738,0.3823238015174866,-0.026245128363370895,0.3577340245246887,0.3279266655445099,-0.03827778622508049,0.2641368806362152,0.5180723071098328,-0.0028034565038979053,0.29230034351348877,0.40279313921928406,-0.013253905810415745,0.3115108609199524,0.32457125186920166,-0.029075004160404205,0.3273064196109772,0.26208361983299255,-0.041138652712106705,0.2204740196466446,0.5144561529159546,-0.01070443820208311,0.2404622584581375,0.3982565701007843,-0.025308173149824142,0.25550973415374756,0.32130110263824463,-0.04376216232776642,0.2668094336986542,0.2592843472957611,-0.056208375841379166,0.1721906065940857,0.530084490776062,-0.021494397893548012,0.18780843913555145,0.44261470437049866,-0.036500610411167145,0.20093321800231934,0.38132619857788086,-0.04701363295316696,0.21191763877868652,0.32651668787002563,-0.05470886081457138,hello
0.2309216856956482,0.8012762069702148,4.2862586724368157e-07,0.31087422370910645,0.7717489004135132,-0.02746078372001648,0.36974549293518066,0.6683770418167114,-0.02881213277578354,0.34457942843437195,0.575323224067688,-0.02865283004939556,0.2808018922805786,0.562282919883728,-0.02798016183078289,0.387412965297699,0.5510786771774292,0.004508632700890303,0.4194834232330322,0.4575895071029663,-0.004267829470336437,0.43134456872940063,0.39328664541244507,-0.01854574680328369,0.4375130534172058,0.33521801233291626,-0.032085396349430084,0.34818798303604126,0.5192879438400269,0.0019762995652854443,0.3819406032562256,0.4166208803653717,-0.004773529712110758,0.40151461958885193,0.3418084681034088,-0.019476862624287605,0.4154014587402344,0.27767279744148254,-0.031629763543605804,0.303693950176239,0.5139036178588867,-0.00624822499230504,0.32913094758987427,0.4064318537712097,-0.017861858010292053,0.3465614318847656,0.3341037631034851,-0.03547172620892525,0.358312726020813,0.2705102264881134,-0.04816795140504837,0.2527499496936798,0.5279896259307861,-0.018179897218942642,0.2742457985877991,0.447071373462677,-0.030426664277911186,0.28805628418922424,0.3906416893005371,-0.038788802921772,0.2987052798271179,0.33771225810050964,-0.045865051448345184,hello
0.297313392162323,0.8461409211158752,4.613185922153207e-07,0.37977737188339233,0.8278809785842896,-0.028021661564707756,0.44406580924987793,0.7402748465538025,-0.02998269535601139,0.42635777592658997,0.643669843673706,-0.031199874356389046,0.37180933356285095,0.6137450337409973,-0.03217499703168869,0.46857643127441406,0.6078755259513855,0.009298143908381462,0.5097388029098511,0.5211411118507385,-0.0013388475636020303,0.531516432762146,0.4594448506832123,-0.016613036394119263,0.5502055883407593,0.40624764561653137,-0.030680354684591293,0.4287528991699219,0.5719556212425232,0.006306743249297142,0.4705200791358948,0.47442108392715454,-0.0037566127721220255,0.49568402767181396,0.4054759442806244,-0.020901698619127274,0.5182963609695435,0.349479615688324,-0.03447318822145462,0.3839084804058075,0.5644340515136719,-0.0032549190800637007,0.41583138704299927,0.46372586488723755,-0.019996486604213715,0.4366375207901001,0.3930485248565674,-0.040112581104040146,0.45512622594833374,0.3341175317764282,-0.0538829080760479,0.3322577476501465,0.5764350891113281,-0.01644594594836235,0.3646439015865326,0.501200258731842,-0.033050354570150375,0.3841320276260376,0.4475895166397095,-0.04407168924808502,0.4022984206676483,0.39681464433670044,-0.05282173305749893,hello
0.2946457862854004,0.848808228969574,5.393729338720732e-07,0.3782510459423065,0.8312819004058838,-0.026058275252580643,0.4436427354812622,0.7434461712837219,-0.026098698377609253,0.43135911226272583,0.6450798511505127,-0.02554958686232567,0.37613335251808167,0.6125853657722473,-0.02466152235865593,0.4637798070907593,0.6096278429031372,0.014403261244297028,0.50589519739151,0.5281105041503906,0.006066968198865652,0.5295498371124268,0.47692471742630005,-0.008402089588344097,0.5501886606216431,0.43147146701812744,-0.021649068221449852,0.42677783966064453,0.5726715922355652,0.011928420513868332,0.46721285581588745,0.4756011664867401,0.004912486299872398,0.4954201281070709,0.4072745740413666,-0.011403930373489857,0.5193305611610413,0.3497726023197174,-0.02456606552004814,0.38320785760879517,0.5643090009689331,0.002782754832878709,0.41254493594169617,0.46261343359947205,-0.012297074310481548,0.4338023364543915,0.3915752172470093,-0.03350226208567619,0.4507465362548828,0.33121612668037415,-0.047846026718616486,0.332514226436615,0.5761581063270569,-0.009696412831544876,0.36224859952926636,0.5008096694946289,-0.024654585868120193,0.3817850351333618,0.448752224445343,-0.03594554215669632,0.3993326425552368,0.3994378447532654,-0.04497404769062996,hello
0.300078809261322,0.8708971738815308,4.057928322254156e-07,0.383743554353714,0.8610286712646484,-0.01666916534304619,0.4558729827404022,0.7745621204376221,-0.012709030881524086,0.45276883244514465,0.6787939071655273,-0.009795830585062504,0.4008617699146271,0.6466189622879028,-0.007320711389183998,0.4751196503639221,0.6492494344711304,0.018010012805461884,0.5196008682250977,0.5678395628929138,0.011129475198686123,0.5452315807342529,0.5157461166381836,-0.0015747911529615521,0.5650396347045898,0.47151845693588257,-0.013377292081713676,0.4449564218521118,0.6117269992828369,0.011163262650370598,0.49343380331993103,0.5118511319160461,0.004480763338506222,0.5270621180534363,0.44481199979782104,-0.009926125407218933,0.5536314249038696,0.3877853751182556,-0.021173566579818726,0.4064769446849823,0.5985574722290039,-0.0011759618064388633,0.44424450397491455,0.49242711067199707,-0.014844645746052265,0.47166547179222107,0.4243951737880707,-0.03307333588600159,0.4927651286125183,0.365200012922287,-0.04529210925102234,0.35877567529678345,0.6014459133148193,-0.016011301428079605,0.392211377620697,0.5197476744651794,-0.029503703117370605,0.41443711519241333,0.46550610661506653,-0.03899151831865311,0.4332617521286011,0.41349124908447266,-0.046732347458601,hello
0.1946069598197937,0.8096880316734314,5.121949584463437e-07,0.2771681845188141,0.7799118757247925,-0.02908393368124962,0.33316442370414734,0.689797043800354,-0.036916282027959824,0.3181982934474945,0.6015763878822327,-0.04465220123529434,0.27889329195022583,0.5593103170394897,-0.05299300327897072,0.34594976902008057,0.5546586513519287,-0.0019344165921211243,0.38345596194267273,0.4629656672477722,-0.023968679830431938,0.40383458137512207,0.39609915018081665,-0.04725629463791847,0.41911429166793823,0.3368297219276428,-0.06446947157382965,0.3074960708618164,0.5320450663566589,-0.004929714370518923,0.34696292877197266,0.4376126825809479,-0.02582765370607376,0.3683866262435913,0.3639377951622009,-0.04931268468499184,0.38697874546051025,0.3015178143978119,-0.06565912067890167,0.26400935649871826,0.5296691656112671,-0.013814612291753292,0.30124467611312866,0.4363028407096863,-0.036679357290267944,0.32353639602661133,0.3666200339794159,-0.05580083653330803,0.34140893816947937,0.30893799662590027,-0.06690869480371475,0.21223324537277222,0.5431219339370728,-0.0263043362647295,0.2459173947572708,0.4694841504096985,-0.04624943807721138,0.2644272446632385,0.41365909576416016,-0.05619080364704132,0.2780681848526001,0.3664892911911011,-0.06186970695853233,hello
0.16233110427856445,0.7885587215423584,4.80165454064263e-07,0.24458104372024536,0.7540675401687622,-0.027066025882959366,0.2999575436115265,0.6608352661132812,-0.03065328486263752,0.2743070721626282,0.5696521401405334,-0.03320593759417534,0.21877743303775787,0.5500538349151611,-0.03517289087176323,0.31811636686325073,0.5437694191932678,0.0053323800675570965,0.35213667154312134,0.448636919260025,-0.005341552663594484,0.3682388961315155,0.38708582520484924,-0.02003713697195053,0.37991011142730713,0.334100604057312,-0.03302309289574623,0.27739500999450684,0.5113778114318848,0.0024291821755468845,0.311359167098999,0.40421390533447266,-0.007280913181602955,0.3328877389431,0.32867753505706787,-0.024065276607871056,0.35061460733413696,0.2664251923561096,-0.0369795560836792,0.23279346525669098,0.5054450631141663,-0.00616315146908164,0.2596559524536133,0.39544612169265747,-0.02043161913752556,0.27798232436180115,0.3210739195346832,-0.04005279764533043,0.2929809093475342,0.2593159079551697,-0.05338475853204727,0.18213209509849548,0.5188575387001038,-0.01811874285340309,0.20164357125759125,0.4382437467575073,-0.03208025172352791,0.21670600771903992,0.3803887963294983,-0.04220448434352875,0.23058956861495972,0.32807376980781555,-0.049921758472919464,hello
0.1190054714679718,0.7941697835922241,4.1611551182541007e-07,0.20116889476776123,0.7562100291252136,-0.025916695594787598,0.25352078676223755,0.6525315642356873,-0.029797900468111038,0.21892917156219482,0.5596585273742676,-0.0327252633869648,0.1598745584487915,0.541450560092926,-0.03551514446735382,0.2643352150917053,0.5388703346252441,-0.00039153077523224056,0.2900424301624298,0.4340173006057739,-0.012437568977475166,0.29912900924682617,0.3655431270599365,-0.027336394414305687,0.3045746982097626,0.3059045076370239,-0.04031772539019585,0.21835672855377197,0.5096526145935059,-0.003991519566625357,0.24609585106372833,0.39334559440612793,-0.013798480853438377,0.26184865832328796,0.31338727474212646,-0.029690131545066833,0.2732994556427002,0.24790456891059875,-0.042456481605768204,0.17190374433994293,0.508120059967041,-0.01271646935492754,0.19269852340221405,0.3932417929172516,-0.025427095592021942,0.20643170177936554,0.3173713684082031,-0.04345056787133217,0.215425044298172,0.2543840706348419,-0.05637187883257866,0.12149451673030853,0.5261335372924805,-0.024766450747847557,0.1391063928604126,0.4390501379966736,-0.03623579815030098,0.1522708237171173,0.3803994655609131,-0.04500572383403778,0.1618535816669464,0.32730576395988464,-0.05252807214856148,hello
0.13908541202545166,0.801063597202301,4.3968015006612404e-07,0.22147239744663239,0.7651063203811646,-0.026234667748212814,0.2726127803325653,0.6706290245056152,-0.028469646349549294,0.24167823791503906,0.5789618492126465,-0.029855793341994286,0.18543890118598938,0.5563240647315979,-0.03077920526266098,0.2826065123081207,0.550707221031189,0.0069018821232020855,0.3092085123062134,0.45296359062194824,-0.0032149883918464184,0.3202722370624542,0.3875923752784729,-0.017662769183516502,0.3274041712284088,0.3312068581581116,-0.030585942789912224,0.24022875726222992,0.51861172914505,0.004347094334661961,0.2677743434906006,0.40994882583618164,-0.005128523800522089,0.28554975986480713,0.33121567964553833,-0.02248709835112095,0.2995292544364929,0.26623842120170593,-0.03575938567519188,0.1958577036857605,0.514363169670105,-0.0037682009860873222,0.21741925179958344,0.4034080505371094,-0.018655307590961456,0.23402631282806396,0.3267422616481781,-0.039004676043987274,0.24664467573165894,0.26263657212257385,-0.052397821098566055,0.14733552932739258,0.5313826203346252,-0.01496940664947033,0.16312843561172485,0.44612324237823486,-0.03021942265331745,0.17498324811458588,0.3871123194694519,-0.04080786928534508,0.18407925963401794,0.33469343185424805,-0.04830460995435715,hello
0.18395408987998962,0.8014979958534241,4.0219543961939053e-07,0.2588646113872528,0.768143355846405,-0.02138690836727619,0.3053570091724396,0.668283224105835,-0.02039528079330921,0.29628807306289673,0.5819730162620544,-0.020119771361351013,0.2758422791957855,0.5429815053939819,-0.019650178030133247,0.31577804684638977,0.544217050075531,0.012006049044430256,0.34651637077331543,0.45532944798469543,-0.0024213851429522038,0.3641579747200012,0.3965914249420166,-0.01954442448914051,0.3774842619895935,0.34987083077430725,-0.03270700201392174,0.2796834111213684,0.5198471546173096,0.007564374711364508,0.3109985291957855,0.41597914695739746,-0.006472238339483738,0.33001065254211426,0.34236541390419006,-0.024972278624773026,0.3462221026420593,0.2839761972427368,-0.037682514637708664,0.2371743768453598,0.5188940763473511,-0.0029418838676065207,0.2602902948856354,0.41015249490737915,-0.022372543811798096,0.2761971950531006,0.3378209173679352,-0.041772667318582535,0.2894701063632965,0.27817174792289734,-0.05356396734714508,0.18566036224365234,0.5361512303352356,-0.016115518286824226,0.20400476455688477,0.4522995948791504,-0.035705093294382095,0.21566283702850342,0.3939206600189209,-0.04743867740035057,0.226405531167984,0.33921539783477783,-0.05492689460515976,hello
0.29710865020751953,0.8521912693977356,4.2403550537528645e-07,0.38218167424201965,0.8449042439460754,-0.02266572043299675,0.45562148094177246,0.7557388544082642,-0.02119993418455124,0.4493066072463989,0.6575531363487244,-0.019418323412537575,0.39451730251312256,0.6297728419303894,-0.017605116590857506,0.478757381439209,0.6311581134796143,0.008136040531098843,0.524495542049408,0.5396695137023926,-0.000509257020894438,0.5500375628471375,0.4783710837364197,-0.013007123954594135,0.5680522322654724,0.42614153027534485,-0.024626126512885094,0.44630730152130127,0.5958936214447021,0.004027646966278553,0.4956696927547455,0.49370843172073364,-0.0040809945203363895,0.5262621641159058,0.4244399666786194,-0.018320366740226746,0.5482898950576782,0.3682405650615692,-0.02908426709473133,0.4055950939655304,0.5832594633102417,-0.005585501901805401,0.44288262724876404,0.47432899475097656,-0.0191628597676754,0.46735119819641113,0.4018213152885437,-0.03776799514889717,0.484811395406723,0.3411155045032501,-0.050281621515750885,0.3558637499809265,0.5852741003036499,-0.018206806853413582,0.3873071074485779,0.501814067363739,-0.03213697299361229,0.4072760045528412,0.4437912702560425,-0.04257512465119362,0.4240824580192566,0.39020031690597534,-0.05068320780992508,hello
0.26029306650161743,0.85272216796875,5.349180582925328e-07,0.34259241819381714,0.8288700580596924,-0.030207429081201553,0.4094579815864563,0.7387753129005432,-0.03748713806271553,0.3814987540245056,0.6377478241920471,-0.04392433911561966,0.3142317235469818,0.6055827736854553,-0.05050346627831459,0.43298858404159546,0.6017106771469116,0.00403204932808876,0.47309523820877075,0.5161573886871338,-0.010253416374325752,0.4949577748775482,0.45588406920433044,-0.029034193605184555,0.5123489499092102,0.40035247802734375,-0.045639168471097946,0.3929353952407837,0.5657434463500977,-0.00017962943820748478,0.43479183316230774,0.4706345796585083,-0.012901398353278637,0.46077677607536316,0.4004784822463989,-0.03218313306570053,0.4829753041267395,0.33816513419151306,-0.04782773554325104,0.3464870750904083,0.5578130483627319,-0.010994921438395977,0.37990662455558777,0.45556533336639404,-0.028339333832263947,0.40117761492729187,0.38700032234191895,-0.04768432676792145,0.4184344410896301,0.32511112093925476,-0.061384834349155426,0.2901809811592102,0.5687505006790161,-0.02569594793021679,0.3230088949203491,0.492599219083786,-0.040913596749305725,0.34434622526168823,0.439696729183197,-0.050458453595638275,0.36349135637283325,0.387030690908432,-0.058760374784469604,hello
0.21004098653793335,0.8234189748764038,5.136398044669477e-07,0.2974359691143036,0.8016025424003601,-0.03824790567159653,0.3624943196773529,0.7123110294342041,-0.048498235642910004,0.35616859793663025,0.6164500117301941,-0.05739733576774597,0.3159239590167999,0.5687501430511475,-0.06602469086647034,0.3816857635974884,0.5684764981269836,-0.0019028354436159134,0.42001959681510925,0.4766661524772644,-0.024085255339741707,0.43523991107940674,0.4093014597892761,-0.04942834749817848,0.44459566473960876,0.34660398960113525,-0.0686502531170845,0.33941271901130676,0.5419512987136841,-0.0006046396447345614,0.3795018494129181,0.4495127201080322,-0.021675733849406242,0.3970109820365906,0.3752759099006653,-0.047203339636325836,0.41022905707359314,0.30882900953292847,-0.06519494950771332,0.29266154766082764,0.5369968414306641,-0.006463991478085518,0.3303917944431305,0.44724828004837036,-0.02952023781836033,0.3477223217487335,0.3771125078201294,-0.04836951568722725,0.35900503396987915,0.31552401185035706,-0.05944448709487915,0.2376977503299713,0.5473659038543701,-0.01696101576089859,0.27276983857154846,0.47595512866973877,-0.036634426563978195,0.29090869426727295,0.4234650731086731,-0.0454055555164814,0.3033483922481537,0.3759356141090393,-0.050300657749176025,hello
0.17528150975704193,0.8024513125419617,4.909791186946677e-07,0.2548862099647522,0.7655318975448608,-0.029412182047963142,0.30699241161346436,0.6700475215911865,-0.03450319543480873,0.28691866993904114,0.5809482336044312,-0.039551861584186554,0.24230891466140747,0.5460392236709595,-0.04429614171385765,0.32484006881713867,0.5402207374572754,0.009351367130875587,0.36050188541412354,0.45573434233665466,-0.007141034584492445,0.3789089322090149,0.3967326879501343,-0.028615707531571388,0.3927080035209656,0.34219521284103394,-0.045641615986824036,0.2859143316745758,0.5116999745368958,0.007214209530502558,0.321487158536911,0.4162929058074951,-0.008277848362922668,0.34356212615966797,0.34392234683036804,-0.029674682766199112,0.3641561269760132,0.27756157517433167,-0.044940728694200516,0.24189166724681854,0.5077400207519531,-0.001750074210576713,0.27402740716934204,0.4081519544124603,-0.020968163385987282,0.2951613962650299,0.33803772926330566,-0.040265146642923355,0.31369835138320923,0.27519673109054565,-0.05193993076682091,0.1901983916759491,0.5232723355293274,-0.01458763051778078,0.21392807364463806,0.4438357353210449,-0.03106185793876648,0.22829926013946533,0.3886290490627289,-0.03969298303127289,0.2413301318883896,0.3373635411262512,-0.04518183693289757,hello
0.1396452635526657,0.7851122617721558,4.497403551795287e-07,0.22159312665462494,0.7492870092391968,-0.027470789849758148,0.2711554169654846,0.6519216895103455,-0.030360838398337364,0.24684932827949524,0.561072826385498,-0.03201453387737274,0.19407954812049866,0.5397629737854004,-0.03292449191212654,0.28789108991622925,0.5309939384460449,0.005963577423244715,0.3174709379673004,0.4333770275115967,-0.0048974258825182915,0.3310741186141968,0.37008464336395264,-0.02018493413925171,0.3404419422149658,0.31594544649124146,-0.03332888334989548,0.24653643369674683,0.49890920519828796,0.004439821001142263,0.2770114541053772,0.3911689817905426,-0.005254520568996668,0.2953818440437317,0.31603026390075684,-0.022060539573431015,0.3103295862674713,0.25471141934394836,-0.03460930287837982,0.2012145221233368,0.4934045970439911,-0.0028236659709364176,0.2247103750705719,0.38350751996040344,-0.016487425193190575,0.24078497290611267,0.31014126539230347,-0.03535105288028717,0.2534458041191101,0.2509467899799347,-0.04789891839027405,0.15032687783241272,0.5079959630966187,-0.013503069058060646,0.16863292455673218,0.42816129326820374,-0.026686133816838264,0.18330451846122742,0.37141746282577515,-0.036250628530979156,0.19642867147922516,0.3215748071670532,-0.043237071484327316,hello
0.085877425968647,0.772377073764801,5.057132170804834e-07,0.1672895848751068,0.7197005748748779,-0.028652019798755646,0.21071332693099976,0.6189447045326233,-0.03298834338784218,0.1718021184206009,0.5296163558959961,-0.036087896674871445,0.11286389082670212,0.5150130391120911,-0.03836122900247574,0.21417644619941711,0.5073614716529846,0.007903197780251503,0.23780208826065063,0.4056733250617981,-0.0013277732068672776,0.2464417666196823,0.341480553150177,-0.015513867139816284,0.2522677779197693,0.2851192355155945,-0.027754228562116623,0.16983523964881897,0.48003658652305603,0.007381608709692955,0.19529135525226593,0.36673593521118164,0.0007894671871326864,0.20886221528053284,0.28940147161483765,-0.014967632479965687,0.21899114549160004,0.22446492314338684,-0.027625853195786476,0.12454861402511597,0.481195330619812,0.000919074343983084,0.14109815657138824,0.3719509243965149,-0.008679307997226715,0.15278373658657074,0.29958730936050415,-0.026991749182343483,0.1604650914669037,0.24037981033325195,-0.03979974612593651,0.07737769931554794,0.5024309158325195,-0.009231450967490673,0.08752229809761047,0.4175335466861725,-0.01707301288843155,0.09720206260681152,0.3612416386604309,-0.024410506710410118,0.1041557639837265,0.3135561943054199,-0.030700646340847015,hello
0.08966833353042603,0.7854604721069336,4.967525910615223e-07,0.16949263215065002,0.729987382888794,-0.03390407934784889,0.2138429880142212,0.6300690770149231,-0.04039029777050018,0.17291365563869476,0.5441162586212158,-0.04480072483420372,0.11691270023584366,0.525704562664032,-0.048125725239515305,0.21364465355873108,0.5095277428627014,0.0024017351679503918,0.2310926616191864,0.4044785499572754,-0.010374522767961025,0.23822951316833496,0.3373829126358032,-0.027103949338197708,0.2426287680864334,0.2790597975254059,-0.04080739617347717,0.1665538251399994,0.4861057996749878,0.003903798758983612,0.18472060561180115,0.3722388744354248,-0.0066736494190990925,0.19514255225658417,0.29403841495513916,-0.02495930902659893,0.20289084315299988,0.2291521430015564,-0.03828079253435135,0.12121102958917618,0.48935627937316895,-0.0008944251458160579,0.13217289745807648,0.37629586458206177,-0.015592345967888832,0.1402323842048645,0.3010515570640564,-0.035539671778678894,0.1449449211359024,0.23963698744773865,-0.04796376824378967,0.07380238175392151,0.513444721698761,-0.009557870216667652,0.08070957660675049,0.42682331800460815,-0.022581424564123154,0.08710407465696335,0.3698911666870117,-0.03135290369391441,0.09169919788837433,0.3200860023498535,-0.03713145852088928,hello
0.11572347581386566,0.7787656784057617,2.387886581800558e-07,0.09626121819019318,0.6438812613487244,-0.023017561063170433,0.11663800477981567,0.5159552097320557,-0.02659580484032631,0.14278581738471985,0.41653746366500854,-0.033422380685806274,0.16067181527614594,0.3302103281021118,-0.040209658443927765,0.19883909821510315,0.47625890374183655,0.01937066949903965,0.23704172670841217,0.3864644169807434,-0.0005370093276724219,0.2540000081062317,0.3195827603340149,-0.0240388922393322,0.2700285315513611,0.2605739235877991,-0.043301813304424286,0.22500941157341003,0.5122172832489014,0.010449291206896305,0.2576797604560852,0.4117603302001953,-0.007042114622890949,0.26651471853256226,0.3358706831932068,-0.03409150615334511,0.27307039499282837,0.2685573995113373,-0.05544345825910568,0.24155762791633606,0.564302384853363,-0.0052564311772584915,0.2672309875488281,0.4630781412124634,-0.0343702957034111,0.2544923424720764,0.3965955972671509,-0.05861485004425049,0.2391071915626526,0.34416812658309937,-0.07461166381835938,0.2510610818862915,0.6305510401725769,-0.023642750456929207,0.24886727333068848,0.558015763759613,-0.05742115527391434,0.2131112962961197,0.5305823683738708,-0.07250083237886429,0.17555402219295502,0.5183522701263428,-0.08096320182085037,hello
0.21324846148490906,0.7962682247161865,4.3014986772504926e-07,0.29263055324554443,0.7609938383102417,-0.02114235796034336,0.34360185265541077,0.6634002327919006,-0.01753612793982029,0.34297308325767517,0.5775431990623474,-0.015141240321099758,0.31266048550605774,0.5368342399597168,-0.012466268613934517,0.33511483669281006,0.5399796962738037,0.024062123149633408,0.36348098516464233,0.45313090085983276,0.0158015638589859,0.37651440501213074,0.3891443610191345,-0.0006025289185345173,0.3825021982192993,0.3316105604171753,-0.01474375557154417,0.29574304819107056,0.5170482397079468,0.02199130319058895,0.31902605295181274,0.42181432247161865,0.012671718373894691,0.33115917444229126,0.35502779483795166,-0.006997914519160986,0.3398876190185547,0.2966758608818054,-0.021339405328035355,0.25418978929519653,0.513971209526062,0.014060022309422493,0.27376607060432434,0.42098143696784973,-0.0004266318283043802,0.2869515120983124,0.36093825101852417,-0.015887171030044556,0.29628250002861023,0.30884918570518494,-0.025339115411043167,0.21054235100746155,0.5265370011329651,0.0030084101017564535,0.22692736983299255,0.4488333463668823,-0.01100497879087925,0.23508571088314056,0.3987295627593994,-0.017459722235798836,0.24501903355121613,0.35404080152511597,-0.021013446152210236,hello
0.3503345549106598,0.8089515566825867,4.7133562475210056e-07,0.4252575635910034,0.773141086101532,-0.012956005521118641,0.4798855781555176,0.6796854138374329,-0.012508533895015717,0.4656077027320862,0.6019698977470398,-0.01507192850112915,0.4216020703315735,0.5779489278793335,-0.01966785080730915,0.4834516644477844,0.5575847625732422,0.008779711090028286,0.5125570297241211,0.46316033601760864,-0.00632434943690896,0.5314855575561523,0.39518940448760986,-0.02218080870807171,0.5466783046722412,0.3382425308227539,-0.034926339983940125,0.4472384750843048,0.5392091870307922,-0.002924259752035141,0.4814987778663635,0.4410361647605896,-0.018057476729154587,0.5025075674057007,0.36981120705604553,-0.037292029708623886,0.5202652215957642,0.3090894818305969,-0.051676586270332336,0.4054799973964691,0.5398145318031311,-0.019188405945897102,0.43076518177986145,0.4435785412788391,-0.03984534367918968,0.4454449415206909,0.37886157631874084,-0.05953255668282509,0.4570695757865906,0.3217412531375885,-0.07254769653081894,0.3548988997936249,0.5537407398223877,-0.03733557462692261,0.3799406588077545,0.46995118260383606,-0.05635630339384079,0.39295104146003723,0.4124847650527954,-0.06647399067878723,0.40463966131210327,0.3566467761993408,-0.07420378178358078,hello
0.35925525426864624,0.8310227394104004,4.4666967369266786e-07,0.4422280192375183,0.8053823113441467,-0.017998918890953064,0.49951115250587463,0.7084391713142395,-0.017197908833622932,0.4901183247566223,0.6199578642845154,-0.017370449379086494,0.43894249200820923,0.6005561947822571,-0.018320662900805473,0.5074869990348816,0.5936830043792725,0.004615464713424444,0.5430044531822205,0.49832674860954285,-0.007631218060851097,0.5628727674484253,0.4338071942329407,-0.022475969046354294,0.5769872069358826,0.37756896018981934,-0.03522998467087746,0.47520869970321655,0.5640389919281006,-0.0027596354484558105,0.5155853033065796,0.45483508706092834,-0.013985930010676384,0.5433971881866455,0.3770078718662262,-0.029634280130267143,0.5637539625167847,0.31286412477493286,-0.04155587777495384,0.43661314249038696,0.5565999746322632,-0.014968734234571457,0.46480172872543335,0.4422362744808197,-0.03035593219101429,0.4852225184440613,0.3633934259414673,-0.049823712557554245,0.4989622235298157,0.29850566387176514,-0.06288949400186539,0.39204391837120056,0.5645108222961426,-0.029702041298151016,0.4161352217197418,0.47549664974212646,-0.044027578085660934,0.43192124366760254,0.4147675037384033,-0.054636258631944656,0.44332271814346313,0.36072826385498047,-0.06311950087547302,hello
0.2484908401966095,0.8190221190452576,5.546511374632246e-07,0.3338760435581207,0.786246120929718,-0.02875683270394802,0.39313027262687683,0.6900538802146912,-0.03314455598592758,0.37458470463752747,0.5993608832359314,-0.03706131875514984,0.3197641372680664,0.5628216862678528,-0.0408441498875618,0.40383678674697876,0.5569307208061218,0.007301594130694866,0.4390547275543213,0.4568144381046295,-0.007177300751209259,0.459121435880661,0.3880155682563782,-0.02630533277988434,0.47423499822616577,0.32774868607521057,-0.04190853238105774,0.3635810613632202,0.5299380421638489,0.004108164459466934,0.40242812037467957,0.4269944131374359,-0.008077354170382023,0.42809823155403137,0.3546295166015625,-0.028197156265378,0.44944727420806885,0.2926561236381531,-0.04347049444913864,0.3187869191169739,0.5248870253562927,-0.005416483152657747,0.3509540557861328,0.4234040081501007,-0.02053508535027504,0.37633216381073,0.35523074865341187,-0.03806387633085251,0.39671239256858826,0.29413753747940063,-0.05005383491516113,0.26497623324394226,0.534924328327179,-0.018895121291279793,0.2925563454627991,0.45328158140182495,-0.033671315759420395,0.3103351294994354,0.3971700072288513,-0.041740551590919495,0.32495197653770447,0.34502941370010376,-0.04755307361483574,hello
0.12008286267518997,0.8061155080795288,4.6876033366061165e-07,0.20025642216205597,0.7565627098083496,-0.032463278621435165,0.24278312921524048,0.6461960673332214,-0.03927292302250862,0.1943691372871399,0.5593259334564209,-0.04381415620446205,0.12902642786502838,0.5522943139076233,-0.04815547913312912,0.2506924867630005,0.5297948122024536,-0.009137986227869987,0.26237383484840393,0.41248810291290283,-0.023051219061017036,0.26123547554016113,0.3366469740867615,-0.03893260657787323,0.258136510848999,0.27124106884002686,-0.052392177283763885,0.19980977475643158,0.5060027837753296,-0.01001717522740364,0.21213413774967194,0.380420446395874,-0.021379884332418442,0.21726402640342712,0.292868047952652,-0.03900338336825371,0.22074025869369507,0.2217055857181549,-0.05281584709882736,0.15092304348945618,0.5098533630371094,-0.016104431822896004,0.1568855345249176,0.3875111937522888,-0.029866982251405716,0.15927211940288544,0.3033266067504883,-0.049476027488708496,0.15941351652145386,0.23604676127433777,-0.06297549605369568,0.10038788616657257,0.533298909664154,-0.025908978655934334,0.10501792281866074,0.4361919164657593,-0.03835463523864746,0.10900145769119263,0.37091511487960815,-0.0475451797246933,0.11073368042707443,0.315382719039917,-0.05469765141606331,hello
0.18393628299236298,0.807978630065918,3.9686136688033e-07,0.14298051595687866,0.6839632987976074,-0.02840125374495983,0.1546209752559662,0.5435405373573303,-0.025777583941817284,0.1856120377779007,0.4303585886955261,-0.024235118180513382,0.20486833155155182,0.3387482464313507,-0.020967060700058937,0.22240476310253143,0.4820096790790558,0.03999863564968109,0.25467896461486816,0.3787029981613159,0.032218627631664276,0.27203136682510376,0.3075888454914093,0.015258504077792168,0.2874663174152374,0.2462860345840454,0.0006608540425077081,0.25602445006370544,0.5073593854904175,0.03948616981506348,0.2847144901752472,0.40038013458251953,0.03685581311583519,0.2991991937160492,0.3246070146560669,0.01786763034760952,0.3129081428050995,0.2558128833770752,0.0028078698087483644,0.2816188931465149,0.5508157014846802,0.03025045059621334,0.30061307549476624,0.4450873136520386,0.018014445900917053,0.3023405075073242,0.37222379446029663,0.0021733404137194157,0.3043409585952759,0.3071131408214569,-0.009828303009271622,0.30162981152534485,0.6131462454795837,0.016707275062799454,0.2932712137699127,0.5455894470214844,-0.0003524963394738734,0.2627687156200409,0.5166739225387573,-0.005751870106905699,0.2356814295053482,0.4976979196071625,-0.008359485305845737,hello
0.4591484069824219,0.7854436039924622,5.984828135296993e-07,0.525736391544342,0.7857996225357056,-0.019549155607819557,0.5854207277297974,0.7083553671836853,-0.02334444224834442,0.5874397158622742,0.6335878372192383,-0.02629580721259117,0.5439255833625793,0.6008286476135254,-0.0311508160084486,0.5874963998794556,0.595504641532898,-0.016155442222952843,0.6260035634040833,0.5013032555580139,-0.03472612053155899,0.6534712314605713,0.43269622325897217,-0.05034603923559189,0.6740302443504333,0.37960776686668396,-0.06184658035635948,0.5591894388198853,0.5664056539535522,-0.022317882627248764,0.602247953414917,0.45504629611968994,-0.040331870317459106,0.6343399286270142,0.3740156590938568,-0.05872095376253128,0.6599797010421753,0.3099977672100067,-0.0709371417760849,0.5235754251480103,0.5563970804214478,-0.03137785568833351,0.5547770261764526,0.4415271282196045,-0.052563995122909546,0.5778914093971252,0.36048752069473267,-0.07341494411230087,0.5945234298706055,0.2957446277141571,-0.08602060377597809,0.4801799952983856,0.5597662329673767,-0.04173216223716736,0.5098800659179688,0.4704756736755371,-0.06236360967159271,0.5292372703552246,0.40860119462013245,-0.07484139502048492,0.543384313583374,0.35546523332595825,-0.08273167908191681,hello
0.4049033522605896,0.8213232159614563,3.4709088936324406e-07,0.4904734194278717,0.7942773699760437,-0.016975361853837967,0.5569078922271729,0.715502142906189,-0.020459238439798355,0.5588307976722717,0.6363279223442078,-0.026731710880994797,0.5174753069877625,0.5952857136726379,-0.034233227372169495,0.5800238847732544,0.5988078117370605,0.007133545819669962,0.6227645874023438,0.5114510655403137,-0.014488590881228447,0.6438993811607361,0.4597049951553345,-0.03675497695803642,0.6587492823600769,0.4196823835372925,-0.05235109478235245,0.5425148010253906,0.563395082950592,-0.003197004785761237,0.5836228728294373,0.461220383644104,-0.021492809057235718,0.6058398485183716,0.3865203857421875,-0.042362235486507416,0.6240261793136597,0.3247508108615875,-0.05714399367570877,0.4964921474456787,0.5515446066856384,-0.019175563007593155,0.531924843788147,0.44696491956710815,-0.04040940850973129,0.5530102252960205,0.37580761313438416,-0.0583716556429863,0.5703175663948059,0.3152426481246948,-0.06926179677248001,0.44129279255867004,0.5563377737998962,-0.03768809139728546,0.47526055574417114,0.47727251052856445,-0.05568379536271095,0.49672672152519226,0.4214029908180237,-0.06430638581514359,0.5151381492614746,0.36870697140693665,-0.0699879601597786,hello
0.34936097264289856,0.8350622057914734,5.256094368633057e-07,0.4399600923061371,0.7977882623672485,-0.016397666186094284,0.5119004249572754,0.7115123867988586,-0.01540588028728962,0.5455441474914551,0.6419640183448792,-0.017605803906917572,0.5602779388427734,0.6025274991989136,-0.020614637061953545,0.5053378939628601,0.5880226492881775,0.015153543092310429,0.5511934161186218,0.49614769220352173,-0.00439774664118886,0.5821281671524048,0.43619921803474426,-0.02532472461462021,0.606830358505249,0.3896150588989258,-0.03995511308312416,0.4663529396057129,0.5586493015289307,0.0065085142850875854,0.5096322298049927,0.4532182216644287,-0.012537121772766113,0.5383697748184204,0.37912312150001526,-0.03533121198415756,0.5630104541778564,0.31905698776245117,-0.05059194192290306,0.4214230179786682,0.5478848814964294,-0.00799971166998148,0.45710960030555725,0.44087129831314087,-0.030733192339539528,0.4840563237667084,0.37000173330307007,-0.05049572139978409,0.5065255165100098,0.3120207190513611,-0.06204409897327423,0.36720922589302063,0.5538172125816345,-0.024886354804039,0.3936547636985779,0.46718013286590576,-0.04591258987784386,0.41115716099739075,0.4049273729324341,-0.05617956072092056,0.4273632764816284,0.35059258341789246,-0.06204010546207428,hello
0.22194766998291016,0.827278196811676,5.398990765570488e-07,0.30318528413772583,0.7923646569252014,-0.04281482845544815,0.36524298787117004,0.7069974541664124,-0.05553484335541725,0.36185336112976074,0.6211549043655396,-0.06538932770490646,0.33018016815185547,0.5668473243713379,-0.0749499499797821,0.3783925175666809,0.5588556528091431,-0.00913883838802576,0.4152911901473999,0.4684722423553467,-0.03356030955910683,0.42670711874961853,0.39698153734207153,-0.061389513313770294,0.4327542185783386,0.3301733732223511,-0.08291365206241608,0.3411170542240143,0.5321038961410522,-0.006363995373249054,0.3783518075942993,0.43284717202186584,-0.02930474281311035,0.3968823552131653,0.3528439998626709,-0.057181138545274734,0.41207611560821533,0.2796631455421448,-0.07706032693386078,0.3005344867706299,0.5326212644577026,-0.010601622052490711,0.33061423897743225,0.43490201234817505,-0.036137811839580536,0.34771403670310974,0.362629771232605,-0.05761892348527908,0.36016201972961426,0.29759809374809265,-0.07129459828138351,0.25301724672317505,0.5545554757118225,-0.019588284194469452,0.2742135524749756,0.48467570543289185,-0.04286285489797592,0.2843257784843445,0.4390791654586792,-0.05301795154809952,0.29092228412628174,0.39703530073165894,-0.05878171697258949,hello
0.1525130718946457,0.8412702083587646,5.462351850837877e-07,0.23120971024036407,0.7914015054702759,-0.03478178009390831,0.27499815821647644,0.6839252710342407,-0.04280753433704376,0.2368967980146408,0.5945180058479309,-0.04858049005270004,0.1766226887702942,0.5766488909721375,-0.05409444496035576,0.2761337459087372,0.545373797416687,-0.006241805851459503,0.2927609384059906,0.43219196796417236,-0.02172796241939068,0.29839473962783813,0.35911697149276733,-0.03974636644124985,0.3013632893562317,0.2965088486671448,-0.054831888526678085,0.22560515999794006,0.520884096622467,-0.0075639826245605946,0.24417555332183838,0.399592787027359,-0.021540256217122078,0.25376009941101074,0.31424573063850403,-0.04199792817234993,0.2613365352153778,0.24299860000610352,-0.057405736297369,0.17510302364826202,0.5278657078742981,-0.014905394054949284,0.18930208683013916,0.4091910719871521,-0.03209499269723892,0.19791685044765472,0.32539424300193787,-0.05429656803607941,0.20442868769168854,0.2535463869571686,-0.06936755031347275,0.12287722527980804,0.5573670268058777,-0.026114944368600845,0.13531285524368286,0.4648749828338623,-0.043278954923152924,0.14432677626609802,0.4024316668510437,-0.054879602044820786,0.15219280123710632,0.34675365686416626,-0.06319776177406311,hello
0.15057839453220367,0.8488563299179077,4.3725967202590255e-07,0.22780472040176392,0.7887990474700928,-0.0285714752972126,0.2708892524242401,0.6783323884010315,-0.03507472947239876,0.229307621717453,0.5909361839294434,-0.04029589146375656,0.17093835771083832,0.5738942623138428,-0.04545752331614494,0.2705283761024475,0.5526412725448608,-0.006012377329170704,0.2855494022369385,0.4362308382987976,-0.02148514986038208,0.2869963049888611,0.3611913323402405,-0.03888881951570511,0.2864447236061096,0.2951923906803131,-0.05361409857869148,0.21876364946365356,0.5300745964050293,-0.010061419568955898,0.2333567887544632,0.4022255539894104,-0.022998899221420288,0.2413312792778015,0.3151668310165405,-0.04156946763396263,0.24760164320468903,0.24255332350730896,-0.0559457466006279,0.16923809051513672,0.5362650156021118,-0.019106367602944374,0.1744922697544098,0.41006773710250854,-0.034428272396326065,0.17977608740329742,0.3234279751777649,-0.053952936083078384,0.18369877338409424,0.2509937286376953,-0.06785239279270172,0.1184675320982933,0.5641450881958008,-0.031587596982717514,0.12121214717626572,0.4670443534851074,-0.04614969715476036,0.12674441933631897,0.39956098794937134,-0.05568820238113403,0.13197782635688782,0.3396894931793213,-0.06310807913541794,hello
0.1515166461467743,0.8127031326293945,9.246072352198098e-08,0.13614529371261597,0.6694315075874329,-0.018394172191619873,0.1591605842113495,0.5425702333450317,-0.028642430901527405,0.18271169066429138,0.4432583153247833,-0.04366990551352501,0.1979931890964508,0.3608390688896179,-0.05832895264029503,0.25044170022010803,0.4975014328956604,-0.0023641283623874187,0.2904975414276123,0.40536943078041077,-0.03862377628684044,0.29623475670814514,0.3339043855667114,-0.07231400907039642,0.29630768299102783,0.27311134338378906,-0.09576557576656342,0.27316421270370483,0.5444692969322205,-0.01865897886455059,0.3166627287864685,0.4441683888435364,-0.05474866181612015,0.30403319001197815,0.36772340536117554,-0.08606520295143127,0.2843469977378845,0.30946195125579834,-0.10740654915571213,0.2875736951828003,0.611134946346283,-0.0397258922457695,0.32455453276634216,0.5275591015815735,-0.08424697071313858,0.2714003324508667,0.4992699921131134,-0.1009477749466896,0.21811476349830627,0.4911518096923828,-0.10548539459705353,0.28741368651390076,0.6912134885787964,-0.06263286620378494,0.2987602651119232,0.6161496043205261,-0.1005534902215004,0.2532387375831604,0.5949082374572754,-0.10754846036434174,0.20400342345237732,0.5936737060546875,-0.10686060041189194,hello
0.3960611820220947,0.8374156951904297,4.0221314634436567e-07,0.4906538426876068,0.7957112789154053,-0.009875263087451458,0.5479996800422668,0.7088297605514526,-0.006819179281592369,0.5631693005561829,0.6370443105697632,-0.009211422875523567,0.5632539987564087,0.5898975729942322,-0.012997539713978767,0.5559183359146118,0.5942549109458923,0.02219846099615097,0.5981508493423462,0.5074377655982971,-0.0016796630807220936,0.6203835606575012,0.46336594223976135,-0.027123183012008667,0.6348159909248352,0.4279995560646057,-0.043878547847270966,0.518478512763977,0.5623519420623779,0.009408136829733849,0.5574396252632141,0.45634233951568604,-0.011411713436245918,0.5766305923461914,0.3781537115573883,-0.0382680669426918,0.5913689136505127,0.3128955662250519,-0.05686138942837715,0.4718242883682251,0.5523954629898071,-0.009523396380245686,0.5021762847900391,0.44576409459114075,-0.03503856435418129,0.5183353424072266,0.36922115087509155,-0.05952836945652962,0.5292154550552368,0.30491432547569275,-0.07418302446603775,0.41392236948013306,0.560341477394104,-0.029977470636367798,0.44376084208488464,0.47886085510253906,-0.0519697330892086,0.46035730838775635,0.42119643092155457,-0.06406516581773758,0.47472554445266724,0.367381751537323,-0.07161454111337662,hello
0.4436604976654053,0.8298593759536743,5.629247539218341e-07,0.5287001729011536,0.8098095655441284,-0.03202228620648384,0.5970504283905029,0.7315654158592224,-0.04106110334396362,0.5861761569976807,0.645121693611145,-0.04950917884707451,0.5298230051994324,0.6132323741912842,-0.058447495102882385,0.619638979434967,0.5835850238800049,0.001629474340006709,0.6570358872413635,0.4891951382160187,-0.016269180923700333,0.676406979560852,0.4269558787345886,-0.037242718040943146,0.692901611328125,0.37673303484916687,-0.05393952876329422,0.5767495036125183,0.5514646768569946,-0.0014193529495969415,0.608045756816864,0.446457177400589,-0.01781350001692772,0.6270470023155212,0.37201112508773804,-0.03978068754076958,0.6451752185821533,0.3112344443798065,-0.05585179105401039,0.5278998017311096,0.5463427901268005,-0.011258305981755257,0.550387442111969,0.4377214014530182,-0.03230324387550354,0.5652394890785217,0.3627169132232666,-0.05266118794679642,0.5797570943832397,0.2994577884674072,-0.06555993109941483,0.4718586206436157,0.5606657266616821,-0.0248794537037611,0.4948216378688812,0.4806142747402191,-0.043876130133867264,0.510615348815918,0.4231904149055481,-0.05430881306529045,0.5265291929244995,0.3669472932815552,-0.06144748628139496,hello
0.3999941945075989,0.8398213982582092,4.2595681293278176e-07,0.4854888617992401,0.8125016689300537,-0.029605643823742867,0.5564458966255188,0.7379944920539856,-0.04124875366687775,0.5941025614738464,0.6737520098686218,-0.05409401282668114,0.6010040044784546,0.602172315120697,-0.06759892404079437,0.584642231464386,0.5905828475952148,-0.010523202829062939,0.6310253739356995,0.5040801167488098,-0.04718935117125511,0.655515730381012,0.45692265033721924,-0.08150789886713028,0.672773540019989,0.4251875579357147,-0.10450607538223267,0.5378957986831665,0.5521072745323181,-0.017741546034812927,0.5757707357406616,0.44942301511764526,-0.04812707006931305,0.592522144317627,0.3775697350502014,-0.07912327349185944,0.6079829931259155,0.32086774706840515,-0.10168790817260742,0.48095065355300903,0.5417260527610779,-0.03197229653596878,0.5084871649742126,0.43885815143585205,-0.06399907171726227,0.5204517245292664,0.3674844801425934,-0.08554334193468094,0.5334295034408569,0.3066447675228119,-0.09947559237480164,0.4141787886619568,0.5546342134475708,-0.049530278891325,0.4445893466472626,0.48057347536087036,-0.07933615893125534,0.46487337350845337,0.4255337715148926,-0.09325657784938812,0.48707616329193115,0.372119665145874,-0.1019633412361145,hello
0.32022374868392944,0.8676533699035645,4.4952895450478536e-07,0.40779224038124084,0.8437961935997009,-0.02715498022735119,0.4731850326061249,0.7421218156814575,-0.03079531155526638,0.4518420398235321,0.6436179876327515,-0.03494853526353836,0.3909647762775421,0.6119653582572937,-0.039723195135593414,0.49768728017807007,0.6002845168113708,0.005501416977494955,0.5380620360374451,0.5110806822776794,-0.014062962494790554,0.5578250885009766,0.458482027053833,-0.03768577426671982,0.5720534324645996,0.415075421333313,-0.05607607960700989,0.45242607593536377,0.5616214275360107,-0.000734457338694483,0.4875655174255371,0.4521105885505676,-0.0167903583496809,0.5088315010070801,0.3724268674850464,-0.04056907445192337,0.5260015726089478,0.3082088232040405,-0.05861583724617958,0.4010569453239441,0.5545645356178284,-0.013614196330308914,0.42578035593032837,0.437470018863678,-0.03498902916908264,0.44297391176223755,0.3605884313583374,-0.05892087519168854,0.4565905034542084,0.29677850008010864,-0.075116366147995,0.3413389027118683,0.57094407081604,-0.029807157814502716,0.3629593253135681,0.48509031534194946,-0.049406714737415314,0.37932881712913513,0.4263199269771576,-0.06176051124930382,0.39638403058052063,0.37099549174308777,-0.07131285965442657,hello
0.12801943719387054,0.8588223457336426,5.645505893880909e-07,0.2095758616924286,0.809188961982727,-0.04257179796695709,0.25670909881591797,0.7043966054916382,-0.05520635098218918,0.20533667504787445,0.6147887110710144,-0.06435158103704453,0.13776350021362305,0.6024015545845032,-0.07274556905031204,0.2643234431743622,0.5805068612098694,-0.014881306327879429,0.28128302097320557,0.4624670147895813,-0.033512141555547714,0.28248465061187744,0.38351649045944214,-0.053949661552906036,0.28133827447891235,0.3140691816806793,-0.07070336490869522,0.21152125298976898,0.5542418360710144,-0.01315150037407875,0.2304772138595581,0.42829573154449463,-0.028865711763501167,0.2389543205499649,0.33765116333961487,-0.05157875642180443,0.24525701999664307,0.26202571392059326,-0.06920180469751358,0.16116517782211304,0.5556542277336121,-0.01779288612306118,0.17410165071487427,0.43406742811203003,-0.03489647060632706,0.18102699518203735,0.3476038873195648,-0.05844813212752342,0.18491189181804657,0.2778286933898926,-0.07485712319612503,0.10879158228635788,0.5772501826286316,-0.027118852362036705,0.11831614375114441,0.47994983196258545,-0.041995834559202194,0.12519867718219757,0.4128675162792206,-0.053700949996709824,0.1303807497024536,0.3538477420806885,-0.06293872743844986,hello
0.13360722362995148,0.8523889780044556,4.91264472657349e-07,0.21678537130355835,0.8007835149765015,-0.032418444752693176,0.26430583000183105,0.6965749263763428,-0.04055685177445412,0.2192990779876709,0.6103633642196655,-0.0469621941447258,0.1598757803440094,0.5942208766937256,-0.05374499410390854,0.26432403922080994,0.5778276920318604,-0.010968772694468498,0.28141021728515625,0.4613404870033264,-0.02870655059814453,0.28439635038375854,0.3835713863372803,-0.04747091978788376,0.2842009961605072,0.3154987692832947,-0.0629618763923645,0.21205094456672668,0.5542104244232178,-0.013729662634432316,0.2297688126564026,0.4245486855506897,-0.029095757752656937,0.23897823691368103,0.33507081866264343,-0.050398632884025574,0.24655920267105103,0.2596631646156311,-0.0667855441570282,0.1617685854434967,0.5575957298278809,-0.021643206477165222,0.17214787006378174,0.43107691407203674,-0.039172109216451645,0.17996913194656372,0.3447619676589966,-0.0613582469522953,0.18600095808506012,0.2733249366283417,-0.07664212584495544,0.10950195044279099,0.5807716250419617,-0.03311995044350624,0.11723054945468903,0.48160526156425476,-0.048944681882858276,0.12551413476467133,0.41371220350265503,-0.05998801812529564,0.13318514823913574,0.35329174995422363,-0.06846518069505692,hello
0.15299080312252045,0.8618404865264893,5.26256201283104e-07,0.23082633316516876,0.8018943667411804,-0.03193418309092522,0.2774820327758789,0.6974903345108032,-0.04083433374762535,0.2293342798948288,0.612523078918457,-0.04804835468530655,0.1665714532136917,0.6004577875137329,-0.055235687643289566,0.27748459577560425,0.579438328742981,-0.010034658014774323,0.2947632670402527,0.4622745215892792,-0.027984602376818657,0.29941052198410034,0.38649627566337585,-0.04689664766192436,0.30128103494644165,0.3187764585018158,-0.06231917813420296,0.22476208209991455,0.5559160709381104,-0.013835163787007332,0.24276615679264069,0.4259836971759796,-0.028685437515378,0.2529124617576599,0.3371243476867676,-0.04903998598456383,0.26130667328834534,0.26128560304641724,-0.06452388316392899,0.1747346967458725,0.5602683424949646,-0.022845100611448288,0.1845162957906723,0.4331919550895691,-0.03983500972390175,0.19317415356636047,0.34570175409317017,-0.061153411865234375,0.20014934241771698,0.27178600430488586,-0.0756106749176979,0.12364429980516434,0.5847213268280029,-0.035592660307884216,0.13101626932621002,0.48553600907325745,-0.05075303837656975,0.13951444625854492,0.41798704862594604,-0.060605406761169434,0.1472816914319992,0.35806113481521606,-0.06803831458091736,hello
0.2663232684135437,0.8738378286361694,5.535935656553193e-07,0.3432680070400238,0.8245382905006409,-0.03282240405678749,0.38739532232284546,0.7194916009902954,-0.043096210807561874,0.3675817847251892,0.6327226758003235,-0.05323381721973419,0.325936496257782,0.5959598422050476,-0.06469111889600754,0.3783586025238037,0.5784670114517212,-0.013470446690917015,0.4075164794921875,0.4716787040233612,-0.04250902682542801,0.42291462421417236,0.3911740779876709,-0.06927571445703506,0.43229126930236816,0.32248568534851074,-0.088904969394207,0.33851197361946106,0.5624105334281921,-0.018439844250679016,0.3705804646015167,0.4463864266872406,-0.04660825803875923,0.3885559141635895,0.35959571599960327,-0.07371204346418381,0.40388885140419006,0.28411605954170227,-0.09224313497543335,0.29391351342201233,0.5704302787780762,-0.029582209885120392,0.31949982047080994,0.451627254486084,-0.06007901579141617,0.33684366941452026,0.36965999007225037,-0.08379805088043213,0.3514702618122101,0.2979372441768646,-0.0979485735297203,0.24072867631912231,0.5972384810447693,-0.044173117727041245,0.2656914293766022,0.5030175447463989,-0.07097719609737396,0.2818045914173126,0.4363546371459961,-0.08482718467712402,0.29579564929008484,0.3765685558319092,-0.09353800117969513,hello
0.26780617237091064,0.865606427192688,5.612604923044273e-07,0.35063523054122925,0.821965217590332,-0.030594848096370697,0.3967275023460388,0.7198724746704102,-0.03718024492263794,0.38735607266426086,0.638907253742218,-0.04353422671556473,0.36457374691963196,0.5995975732803345,-0.050074465572834015,0.3931378424167633,0.5739632248878479,-0.006644649896770716,0.4201894700527191,0.4677843749523163,-0.02931022271513939,0.4326847195625305,0.39153409004211426,-0.05202611908316612,0.4399043917655945,0.32703936100006104,-0.06916781514883041,0.3511826992034912,0.5533806681632996,-0.010495884343981743,0.37813782691955566,0.4350779056549072,-0.032396990805864334,0.3925134837627411,0.3493616282939911,-0.05563243478536606,0.40449073910713196,0.27779027819633484,-0.07157278060913086,0.30383333563804626,0.5581558346748352,-0.02045232616364956,0.3244307339191437,0.4412388503551483,-0.045441240072250366,0.33893251419067383,0.36088448762893677,-0.06652705371379852,0.3502589762210846,0.29150721430778503,-0.0791977047920227,0.24938389658927917,0.5838021039962769,-0.033791061490774155,0.26763397455215454,0.49252206087112427,-0.057954978197813034,0.27943649888038635,0.4265758991241455,-0.07065444439649582,0.28846144676208496,0.3666219115257263,-0.07806616276502609,hello
0.35774263739585876,0.8454522490501404,4.741462191759638e-07,0.44611576199531555,0.8053463697433472,-0.015213442035019398,0.5005334615707397,0.6994647979736328,-0.013428418897092342,0.48491066694259644,0.614910900592804,-0.015112229622900486,0.4299357235431671,0.597646176815033,-0.01798289455473423,0.5056089162826538,0.5761010050773621,0.020357010886073112,0.5428141951560974,0.4962767958641052,0.0034132390283048153,0.5643641352653503,0.4540630578994751,-0.01843423768877983,0.5800853967666626,0.418944776058197,-0.034805458039045334,0.4662623703479767,0.5441461801528931,0.009447909891605377,0.4996872544288635,0.4373660087585449,-0.003734803758561611,0.5236735939979553,0.35865455865859985,-0.024572139605879784,0.5431904792785645,0.2938007116317749,-0.040350187569856644,0.41914135217666626,0.5403140187263489,-0.008132846094667912,0.4413951337337494,0.4264604449272156,-0.027326054871082306,0.4595349431037903,0.347257137298584,-0.05085939168930054,0.4744025766849518,0.28111836314201355,-0.06629001349210739,0.36471396684646606,0.5574617981910706,-0.028253905475139618,0.38771459460258484,0.46926653385162354,-0.04443536326289177,0.4027933180332184,0.40707534551620483,-0.05562172457575798,0.4170597493648529,0.34984347224235535,-0.0647406205534935,hello
0.35698285698890686,0.8309880495071411,4.863900926466158e-07,0.44869357347488403,0.7971089482307434,-0.021023672074079514,0.5102682113647461,0.7046806812286377,-0.024626582860946655,0.5105769038200378,0.6286092400550842,-0.030193304643034935,0.4901656210422516,0.6033963561058044,-0.037151187658309937,0.5140384435653687,0.5575598478317261,0.005306260194629431,0.5456460118293762,0.44730642437934875,-0.012714783661067486,0.5629634261131287,0.3739374876022339,-0.032302699983119965,0.5774977207183838,0.3131048381328583,-0.04775223508477211,0.47204986214637756,0.5312625169754028,-0.003180291038006544,0.5057001113891602,0.413709819316864,-0.019169270992279053,0.5253922939300537,0.3348962664604187,-0.03956124931573868,0.5430964827537537,0.27477121353149414,-0.054990921169519424,0.4242025315761566,0.5293529033660889,-0.017419686540961266,0.45346465706825256,0.4110677242279053,-0.03706593066453934,0.4710388481616974,0.33597737550735474,-0.05615031719207764,0.4855943024158478,0.2777780592441559,-0.06892512738704681,0.3658491373062134,0.5466417074203491,-0.03455514833331108,0.39312949776649475,0.459767609834671,-0.05330248922109604,0.41075801849365234,0.3980676531791687,-0.06379745155572891,0.42612895369529724,0.3419053852558136,-0.07125438749790192,hello
0.27275630831718445,0.8064578771591187,5.319054139363288e-07,0.3670383393764496,0.7745057344436646,-0.030575688928365707,0.4284539520740509,0.6768699288368225,-0.03537054732441902,0.39345523715019226,0.5784394145011902,-0.04000864550471306,0.32862770557403564,0.5463188886642456,-0.045882344245910645,0.438932865858078,0.530471920967102,0.005006941966712475,0.46933549642562866,0.4172263741493225,-0.012666307389736176,0.4863913059234619,0.33971232175827026,-0.03411097079515457,0.4990721344947815,0.2764292359352112,-0.05094999447464943,0.3915434181690216,0.5017229914665222,0.0020576510578393936,0.4237213432788849,0.38374269008636475,-0.013430782593786716,0.4415578842163086,0.2995852530002594,-0.03734496235847473,0.45519015192985535,0.23326557874679565,-0.05518748611211777,0.3417004346847534,0.4983792304992676,-0.007353148888796568,0.36675968766212463,0.38355034589767456,-0.025855954736471176,0.38206878304481506,0.3071560561656952,-0.04722863808274269,0.3916419446468353,0.24543863534927368,-0.06123625859618187,0.28276899456977844,0.5147197246551514,-0.020526520907878876,0.3053493797779083,0.42444780468940735,-0.03745656460523605,0.3191319704055786,0.36143767833709717,-0.04738277569413185,0.32926908135414124,0.303928017616272,-0.054332878440618515,hello
0.19233739376068115,0.7902594804763794,4.8126685214811e-07,0.24710839986801147,0.7354060411453247,-0.021959669888019562,0.30300161242485046,0.6348598003387451,-0.024060428142547607,0.32469624280929565,0.5545361042022705,-0.02811819687485695,0.3189314007759094,0.5057350397109985,-0.031769827008247375,0.32471469044685364,0.5027382969856262,0.013012489303946495,0.36456796526908875,0.40063345432281494,-0.0019955963362008333,0.38271915912628174,0.32456541061401367,-0.021302491426467896,0.3954406976699829,0.2605125606060028,-0.03727133572101593,0.2943413555622101,0.4892585873603821,0.005156813655048609,0.3312324583530426,0.38086119294166565,-0.009077660739421844,0.35231882333755493,0.30182021856307983,-0.03163493052124977,0.37057432532310486,0.23294135928153992,-0.04806700721383095,0.2596229016780853,0.49930867552757263,-0.008258035406470299,0.2878156006336212,0.3914702534675598,-0.02967797964811325,0.30192166566848755,0.3190426230430603,-0.04879818484187126,0.3128952085971832,0.2559693157672882,-0.06139260530471802,0.2199648916721344,0.5287832021713257,-0.024638600647449493,0.23171719908714294,0.4508499801158905,-0.046702705323696136,0.23125562071800232,0.41388440132141113,-0.05396617576479912,0.23012296855449677,0.3862657845020294,-0.05760156735777855,hello
0.11583609133958817,0.8261194825172424,4.147619563354965e-07,0.20037908852100372,0.772402286529541,-0.03068123571574688,0.2495969831943512,0.6691924333572388,-0.03684825450181961,0.21393945813179016,0.5751380324363708,-0.04167713597416878,0.1612219363451004,0.5449355840682983,-0.04618774726986885,0.25129619240760803,0.5426194071769714,-0.002026006579399109,0.2690068483352661,0.4250461459159851,-0.01681818999350071,0.2718021273612976,0.349043607711792,-0.0346723236143589,0.27284863591194153,0.28341609239578247,-0.049453217536211014,0.20242629945278168,0.5158255696296692,-0.003998460713773966,0.21941843628883362,0.383436918258667,-0.016812764108181,0.22776970267295837,0.29295045137405396,-0.03746207430958748,0.23480278253555298,0.21890920400619507,-0.05334349721670151,0.1545940488576889,0.5160508751869202,-0.011444984003901482,0.1653858870267868,0.3864124119281769,-0.02722230926156044,0.17255046963691711,0.30041128396987915,-0.04888727888464928,0.1761937141418457,0.23323455452919006,-0.06360813975334167,0.1044762060046196,0.537093460559845,-0.022398801520466805,0.11098265647888184,0.4371841549873352,-0.03728603944182396,0.11751465499401093,0.36835962533950806,-0.048273250460624695,0.12188265472650528,0.3098489046096802,-0.056264035403728485,hello
0.15951208770275116,0.8285323977470398,5.74205500925018e-07,0.2340734302997589,0.7731848955154419,-0.03941520303487778,0.2774301767349243,0.6682230830192566,-0.050078798085451126,0.26242709159851074,0.5841788053512573,-0.05955316126346588,0.22672715783119202,0.5390207767486572,-0.0684395432472229,0.2683154046535492,0.5307981371879578,-0.0034236907958984375,0.2919888198375702,0.42127853631973267,-0.02630363218486309,0.2998879849910736,0.3435797691345215,-0.05177583917975426,0.30217692255973816,0.2744809091091156,-0.07125875353813171,0.222942054271698,0.5094972848892212,-0.002459886483848095,0.2442137598991394,0.389659583568573,-0.025175627321004868,0.2539370059967041,0.30228838324546814,-0.05359167605638504,0.2586669325828552,0.22671690583229065,-0.07315966486930847,0.17662490904331207,0.5130006074905396,-0.008432670496404171,0.19296838343143463,0.393241286277771,-0.03321026265621185,0.2015039175748825,0.311839759349823,-0.057055313140153885,0.20418766140937805,0.24181205034255981,-0.07164504379034042,0.1280401647090912,0.5362277030944824,-0.018654555082321167,0.13751570880413055,0.443625807762146,-0.03977023810148239,0.14174886047840118,0.3831678032875061,-0.05116656422615051,0.14426429569721222,0.32892829179763794,-0.05796073377132416,hello
0.7368912696838379,0.8800202012062073,6.546896429426852e-07,0.6526058316230774,0.8641750812530518,-0.03613218292593956,0.5915783643722534,0.7967376112937927,-0.054744962602853775,0.6044970154762268,0.7158451676368713,-0.07092352211475372,0.6484769582748413,0.6835113763809204,-0.08707807958126068,0.6116965413093567,0.6180739402770996,-0.02530263550579548,0.599007785320282,0.5022472143173218,-0.048085324466228485,0.5946944355964661,0.42947179079055786,-0.07085549831390381,0.592102587223053,0.36543765664100647,-0.08903315663337708,0.6589919924736023,0.5907325744628906,-0.027693146839737892,0.6463155150413513,0.45994022488594055,-0.0450599305331707,0.6420913934707642,0.37873098254203796,-0.06288992613554001,0.6391356587409973,0.3090384304523468,-0.07732389867305756,0.7044472098350525,0.5893182754516602,-0.03575838729739189,0.6961506009101868,0.4642767012119293,-0.05174805596470833,0.6910179257392883,0.3875676989555359,-0.06573224812746048,0.6856090426445007,0.32323944568634033,-0.07677900046110153,0.7530914545059204,0.6077656745910645,-0.04853487387299538,0.746953010559082,0.5101443529129028,-0.06238601729273796,0.7401328086853027,0.4475040137767792,-0.0688352882862091,0.7328563332557678,0.3920280933380127,-0.07425233721733093,hello
0.7290438413619995,0.8746077418327332,6.292739840318973e-07,0.6437895894050598,0.8616957664489746,-0.03881916403770447,0.5823493599891663,0.792981743812561,-0.05793561413884163,0.5998368859291077,0.7159528136253357,-0.07428184151649475,0.6401775479316711,0.6823282837867737,-0.09046023339033127,0.6030188798904419,0.6090446710586548,-0.02627536840736866,0.5907543897628784,0.499626487493515,-0.05071733891963959,0.5866172313690186,0.4270007908344269,-0.07564810663461685,0.584952712059021,0.36293643712997437,-0.09529657661914825,0.6494552493095398,0.5797164440155029,-0.02790803648531437,0.6374528408050537,0.45166003704071045,-0.04568229243159294,0.6329661011695862,0.37079453468322754,-0.06516724824905396,0.6304470896720886,0.2998034954071045,-0.08110050857067108,0.6942911148071289,0.5777832269668579,-0.03565417602658272,0.6858584880828857,0.4545702338218689,-0.052173059433698654,0.6821607351303101,0.37849363684654236,-0.06710444390773773,0.6792209148406982,0.31408560276031494,-0.07886484265327454,0.7424708604812622,0.5977407693862915,-0.04839537292718887,0.7341818809509277,0.5010919570922852,-0.06248249486088753,0.7268941402435303,0.43955862522125244,-0.06904296576976776,0.7199572920799255,0.3850669860839844,-0.07464001327753067,hello
0.634013295173645,0.9140709638595581,5.996708409838902e-07,0.5481042265892029,0.909456193447113,-0.028022093698382378,0.4698694944381714,0.8499196171760559,-0.04484546184539795,0.4402121305465698,0.7698907256126404,-0.06185188144445419,0.4559999108314514,0.703324019908905,-0.07869395613670349,0.47115445137023926,0.6689095497131348,-0.015206454321742058,0.4447593688964844,0.5574297904968262,-0.04197138920426369,0.4337376654148102,0.48416757583618164,-0.06788322329521179,0.42923206090927124,0.418470174074173,-0.08724012225866318,0.5090982913970947,0.6383135914802551,-0.022907042875885963,0.47815391421318054,0.5200473070144653,-0.04496799781918526,0.4676731824874878,0.4401524066925049,-0.06501436978578568,0.46354854106903076,0.36978772282600403,-0.07900836318731308,0.5530178546905518,0.6269204616546631,-0.03621711954474449,0.5180441737174988,0.5146913528442383,-0.056970205157995224,0.5053353309631348,0.4387543499469757,-0.06748156249523163,0.5000077486038208,0.3717901110649109,-0.07451095432043076,0.604723334312439,0.632594108581543,-0.05364985764026642,0.5762637257575989,0.5433857440948486,-0.06958834081888199,0.5625147223472595,0.48695433139801025,-0.0716753900051117,0.5528621673583984,0.4393666982650757,-0.07254798710346222,hello
0.6177240610122681,0.9080266952514648,6.57452005725645e-07,0.5363174676895142,0.9200709462165833,-0.03505087271332741,0.4568541347980499,0.8753597140312195,-0.056552160531282425,0.433011531829834,0.7998631596565247,-0.07658304274082184,0.46494442224502563,0.7473541498184204,-0.09639399498701096,0.4345628023147583,0.6878308653831482,-0.024485472589731216,0.4046282470226288,0.5794232487678528,-0.050833068788051605,0.3866952061653137,0.5087411403656006,-0.07623837888240814,0.37363383173942566,0.44753843545913696,-0.09577399492263794,0.47417551279067993,0.6533188223838806,-0.030534612014889717,0.43609896302223206,0.5339393019676208,-0.052577994763851166,0.4149230718612671,0.45517706871032715,-0.07268693298101425,0.39741599559783936,0.38442912697792053,-0.0872843936085701,0.5198047757148743,0.639403760433197,-0.04232087358832359,0.48078110814094543,0.5266706943511963,-0.06307734549045563,0.45987755060195923,0.45081931352615356,-0.07605986297130585,0.44450080394744873,0.3823309540748596,-0.08520535379648209,0.573739767074585,0.6426562070846558,-0.058766189962625504,0.5396503806114197,0.5565286874771118,-0.0749659314751625,0.5199589729309082,0.49909716844558716,-0.07924959063529968,0.5038699507713318,0.4471183121204376,-0.08241677284240723,hello
0.7135025262832642,0.8838810324668884,5.380101697483042e-07,0.6304705142974854,0.8764852285385132,-0.03166396915912628,0.5558198690414429,0.8174116015434265,-0.05059448257088661,0.5457258820533752,0.7343261241912842,-0.06818506866693497,0.5817833542823792,0.6867220401763916,-0.08592087775468826,0.5565930008888245,0.6270897388458252,-0.02435184456408024,0.535560667514801,0.5176429748535156,-0.05079969763755798,0.521523654460907,0.44503647089004517,-0.07683056592941284,0.5093065500259399,0.38301804661750793,-0.09716428816318512,0.6030800342559814,0.5978879928588867,-0.030798615887761116,0.5809717774391174,0.47976166009902954,-0.05216072499752045,0.569839596748352,0.40144795179367065,-0.0716552808880806,0.5602964758872986,0.33098724484443665,-0.08657820522785187,0.652307391166687,0.5921947360038757,-0.042538322508335114,0.629349410533905,0.48184266686439514,-0.06233974173665047,0.6196476817131042,0.40936702489852905,-0.07317996025085449,0.6110928654670715,0.3462907671928406,-0.0810004323720932,0.7076136469841003,0.605204164981842,-0.05873351916670799,0.684555172920227,0.5154571533203125,-0.07485830038785934,0.6692059636116028,0.45994001626968384,-0.0780213251709938,0.6541147232055664,0.4130847454071045,-0.0801340714097023,hello
0.8181316256523132,0.865329384803772,7.118450184862013e-07,0.739925742149353,0.8419246077537537,-0.03810508921742439,0.6864984035491943,0.7646011114120483,-0.0587223581969738,0.7058730721473694,0.6822874546051025,-0.07670806348323822,0.7554845809936523,0.6636172533035278,-0.09486041218042374,0.7044361233711243,0.5943928360939026,-0.028587084263563156,0.6965574026107788,0.4755015969276428,-0.05221059173345566,0.6951723694801331,0.40010422468185425,-0.07542826980352402,0.6954562067985535,0.33585187792778015,-0.09336641430854797,0.7515868544578552,0.569133996963501,-0.0302538201212883,0.7466539144515991,0.4353525936603546,-0.04758662357926369,0.7447371482849121,0.35217082500457764,-0.06526417285203934,0.74330735206604,0.28233495354652405,-0.0790397897362709,0.7967954277992249,0.568114697933197,-0.037473052740097046,0.7956942915916443,0.4398658871650696,-0.05301826819777489,0.7931190729141235,0.361484169960022,-0.06654178351163864,0.7896326780319214,0.2975686490535736,-0.07668451219797134,0.8436804413795471,0.5871379375457764,-0.04964505508542061,0.8440849781036377,0.4876180589199066,-0.06183215230703354,0.8403891324996948,0.4232081174850464,-0.06674591451883316,0.835532009601593,0.3692662715911865,-0.07079519331455231,hello
0.7372795343399048,0.8658976554870605,7.364041039181757e-07,0.6594597101211548,0.845585286617279,-0.03913818299770355,0.6052768230438232,0.7795151472091675,-0.06251484155654907,0.6113711595535278,0.7074880599975586,-0.08302663266658783,0.6384658813476562,0.6641512513160706,-0.1022190973162651,0.610357940196991,0.588840901851654,-0.02553560584783554,0.6043980121612549,0.47656798362731934,-0.05256880447268486,0.60505610704422,0.40303486585617065,-0.07947680354118347,0.6070351004600525,0.34131675958633423,-0.09973330795764923,0.6582404375076294,0.5668441653251648,-0.028336936607956886,0.6518003940582275,0.4450417757034302,-0.04880569130182266,0.6504681706428528,0.3690226674079895,-0.06954988837242126,0.6491771340370178,0.30319011211395264,-0.0856553167104721,0.7051095366477966,0.5702853202819824,-0.03744545951485634,0.6982152462005615,0.4586206078529358,-0.055737096816301346,0.6971660256385803,0.38891100883483887,-0.06684048473834991,0.6964760422706604,0.329692542552948,-0.07556601613759995,0.757318377494812,0.5952016711235046,-0.051756273955106735,0.7487349510192871,0.5086736679077148,-0.06599587202072144,0.7437748312950134,0.45569080114364624,-0.06880740076303482,0.7380217909812927,0.4113481640815735,-0.07080024480819702,hello
0.6888266205787659,0.88783198595047,5.664375066771754e-07,0.601947009563446,0.8790772557258606,-0.03580539673566818,0.5297352075576782,0.8147016763687134,-0.05640030279755592,0.5241848230361938,0.732721209526062,-0.07526659965515137,0.5604528188705444,0.6905678510665894,-0.0945015624165535,0.5428017377853394,0.6231114864349365,-0.02586580626666546,0.5246293544769287,0.514456033706665,-0.053758375346660614,0.5135669708251953,0.4412916600704193,-0.08183088153600693,0.5046035051345825,0.3775908052921295,-0.10384281724691391,0.589989423751831,0.5935677289962769,-0.031196963042020798,0.5696964859962463,0.4702872633934021,-0.053988583385944366,0.5596681833267212,0.38997629284858704,-0.07619746029376984,0.5517051815986633,0.318412721157074,-0.09332792460918427,0.6383041739463806,0.5873281955718994,-0.042385224252939224,0.6160668730735779,0.4700123071670532,-0.06373690813779831,0.6057013273239136,0.3918468952178955,-0.07823950797319412,0.5979047417640686,0.32462677359580994,-0.08888828009366989,0.6914178133010864,0.6007570624351501,-0.058300815522670746,0.6710325479507446,0.504555881023407,-0.07572595775127411,0.6583907008171082,0.4435655474662781,-0.08151118457317352,0.6473740339279175,0.3905753791332245,-0.08594082295894623,hello
0.6452299356460571,0.9086251258850098,6.853421723462816e-07,0.5574187636375427,0.910603404045105,-0.03458370640873909,0.4791255295276642,0.8561608195304871,-0.05358259007334709,0.45848900079727173,0.7701088190078735,-0.07095248997211456,0.49604952335357666,0.729464054107666,-0.08784569799900055,0.4746426045894623,0.6587456464767456,-0.020594792440533638,0.4427136778831482,0.5449891090393066,-0.043703142553567886,0.4244403541088104,0.47124117612838745,-0.06742876023054123,0.41092368960380554,0.40628063678741455,-0.08650193363428116,0.5182586312294006,0.6236849427223206,-0.026129283010959625,0.48396337032318115,0.4921022057533264,-0.04391904175281525,0.4654666781425476,0.4071878492832184,-0.06176736578345299,0.45217323303222656,0.333527535200119,-0.0759136751294136,0.5659273266792297,0.6143954396247864,-0.03755084052681923,0.5355825424194336,0.4872879981994629,-0.054411545395851135,0.5213055610656738,0.4086304306983948,-0.06611058861017227,0.5110628008842468,0.3422752320766449,-0.07534535974264145,0.6191902160644531,0.6253613829612732,-0.053911224007606506,0.5952152013778687,0.5290567874908447,-0.0674603134393692,0.579582154750824,0.46597033739089966,-0.07161857187747955,0.5665646195411682,0.4100336730480194,-0.07538843899965286,hello
0.717949628829956,0.8875182867050171,5.751499543293903e-07,0.6295525431632996,0.8792275786399841,-0.037008002400398254,0.5544175505638123,0.8145551085472107,-0.0575517900288105,0.5496100187301636,0.7274442911148071,-0.07571396976709366,0.5877789258956909,0.6798423528671265,-0.09369926899671555,0.5632209181785583,0.6224051713943481,-0.028526414185762405,0.5450319647789001,0.5072341561317444,-0.05610455200076103,0.5345615148544312,0.4308275580406189,-0.08298072218894958,0.525603711605072,0.3655945360660553,-0.10407890379428864,0.6122919917106628,0.5920212268829346,-0.03262641653418541,0.5923109650611877,0.4648601710796356,-0.05464953929185867,0.5833206176757812,0.3829156160354614,-0.07540459930896759,0.576301097869873,0.310006320476532,-0.09165483713150024,0.6622508764266968,0.5865157842636108,-0.04255533218383789,0.6416344046592712,0.4677874445915222,-0.06312140077352524,0.6337370276451111,0.39046499133110046,-0.07613053172826767,0.6282925009727478,0.32349374890327454,-0.08589757233858109,0.7182021737098694,0.6002852320671082,-0.057273004204034805,0.6963708400726318,0.5039504170417786,-0.07449501007795334,0.6825881600379944,0.4441741704940796,-0.07959107309579849,0.6702434420585632,0.3921375274658203,-0.08343526721000671,hello
0.793411910533905,0.8826327919960022,5.905403668293729e-07,0.7172036170959473,0.8488697409629822,-0.0337815061211586,0.6681555509567261,0.7696535587310791,-0.0548696294426918,0.6859020590782166,0.696203351020813,-0.07503686100244522,0.7251753211021423,0.6624712944030762,-0.0956687182188034,0.6746730804443359,0.5958600640296936,-0.025912629440426826,0.6632760167121887,0.4834384024143219,-0.0553290881216526,0.6608424782752991,0.4090338945388794,-0.08465954661369324,0.6609992384910583,0.3431719243526459,-0.10705973207950592,0.7223359942436218,0.5738507509231567,-0.03293297812342644,0.7127860188484192,0.44637635350227356,-0.05529417842626572,0.7127549648284912,0.36397257447242737,-0.07931839674711227,0.7143957614898682,0.29151031374931335,-0.09765221178531647,0.7698979377746582,0.5770572423934937,-0.045184582471847534,0.7613087296485901,0.4589816927909851,-0.06541290134191513,0.7617807984352112,0.38233333826065063,-0.0797768160700798,0.7645704746246338,0.3171410858631134,-0.09045253694057465,0.8214397430419922,0.6019119620323181,-0.06213349476456642,0.8150633573532104,0.5086861848831177,-0.07664868980646133,0.8118756413459778,0.4477161169052124,-0.07944781333208084,0.8088776469230652,0.39576584100723267,-0.08201490342617035,hello
0.8253478407859802,0.8641987442970276,6.942771051399177e-07,0.7486897706985474,0.8369953632354736,-0.03630886971950531,0.6965295672416687,0.7624830007553101,-0.05697708949446678,0.7150757312774658,0.6858994960784912,-0.07540024816989899,0.7614982724189758,0.6656211018562317,-0.0940093919634819,0.7093314528465271,0.5934478640556335,-0.028025565668940544,0.7031288146972656,0.4762558341026306,-0.05232146009802818,0.7022016048431396,0.4001866579055786,-0.07619811594486237,0.7034608721733093,0.33491286635398865,-0.09478474408388138,0.7575761079788208,0.5681576728820801,-0.03133275732398033,0.7534804940223694,0.43410083651542664,-0.048742059618234634,0.7520355582237244,0.349324107170105,-0.06753867119550705,0.7515133619308472,0.2765634059906006,-0.08263251930475235,0.8044191002845764,0.5689752697944641,-0.03986341133713722,0.8037160634994507,0.4415076971054077,-0.054853640496730804,0.8028335571289062,0.36231574416160583,-0.06866277009248734,0.8014883995056152,0.2957709729671478,-0.07990112155675888,0.8526914119720459,0.592579185962677,-0.05321013927459717,0.8536282181739807,0.4977271556854248,-0.06487886607646942,0.8507516980171204,0.4346616864204407,-0.06940501928329468,0.8473882675170898,0.3800928294658661,-0.07372862100601196,hello
0.7614638805389404,0.869550883769989,7.320257395804219e-07,0.6751323938369751,0.8529121279716492,-0.049376506358385086,0.6217884421348572,0.782731294631958,-0.07632925361394882,0.6435353755950928,0.701930820941925,-0.09814681857824326,0.6861539483070374,0.6616485118865967,-0.11820118874311447,0.6336963772773743,0.5921339392662048,-0.03422471508383751,0.6270231008529663,0.48116832971572876,-0.06349297612905502,0.6287314295768738,0.40520036220550537,-0.0926935076713562,0.6320412755012512,0.3403210937976837,-0.11500304937362671,0.6837242245674133,0.5631200075149536,-0.03196515142917633,0.6773024201393127,0.4418795108795166,-0.054083604365587234,0.6795017123222351,0.36347565054893494,-0.07533564418554306,0.681855320930481,0.2945590615272522,-0.09201869368553162,0.7307993769645691,0.563088059425354,-0.03684849664568901,0.7248930931091309,0.44938647747039795,-0.056337542831897736,0.7258197665214539,0.37404680252075195,-0.06806565821170807,0.7289308309555054,0.3094296157360077,-0.0773925930261612,0.7839796543121338,0.5856041312217712,-0.047922343015670776,0.7776132822036743,0.4966980516910553,-0.06273933500051498,0.7748064994812012,0.4388967752456665,-0.06628668308258057,0.7723478674888611,0.38835030794143677,-0.06917703151702881,hello
0.6615567803382874,0.903127908706665,6.749882572876231e-07,0.5805433392524719,0.896635890007019,-0.03684017062187195,0.504941463470459,0.8287268877029419,-0.056662097573280334,0.474831759929657,0.749369740486145,-0.07420600205659866,0.4757399559020996,0.7060086727142334,-0.09158589690923691,0.5124304890632629,0.6330342888832092,-0.028584983199834824,0.486930251121521,0.5205836892127991,-0.05759914964437485,0.47358977794647217,0.4457474648952484,-0.08505281805992126,0.4653915762901306,0.3820570707321167,-0.10497230291366577,0.5567452907562256,0.60738605260849,-0.03242899850010872,0.5308772325515747,0.4818858504295349,-0.057321157306432724,0.5185248255729675,0.3978464603424072,-0.07856133580207825,0.5114219784736633,0.32528236508369446,-0.09307608008384705,0.6043236255645752,0.6031613945960999,-0.04198196157813072,0.5783863067626953,0.48230451345443726,-0.06383740156888962,0.5682188272476196,0.404397577047348,-0.0752512663602829,0.5641323328018188,0.338331937789917,-0.0826607346534729,0.6577353477478027,0.6174593567848206,-0.05650266259908676,0.6380580067634583,0.5200146436691284,-0.07297294586896896,0.6281812787055969,0.4565533697605133,-0.0768841803073883,0.6214188933372498,0.4013228416442871,-0.07886748760938644,hello
0.6229932904243469,0.8983568549156189,6.708064574922901e-07,0.5318092703819275,0.9006186127662659,-0.03475330397486687,0.4568014144897461,0.8414731621742249,-0.054107993841171265,0.43423396348953247,0.7550891637802124,-0.07150644809007645,0.44962263107299805,0.6958465576171875,-0.08758857101202011,0.45529496669769287,0.6539574265480042,-0.02149639092385769,0.4211030602455139,0.5388036966323853,-0.046225544065237045,0.40479177236557007,0.4665621519088745,-0.06971769034862518,0.3938395380973816,0.40175357460975647,-0.08783804625272751,0.49940475821495056,0.6200562119483948,-0.026257261633872986,0.46333205699920654,0.48865318298339844,-0.045310501009225845,0.44420868158340454,0.40509170293807983,-0.06498220562934875,0.4295622706413269,0.3304295241832733,-0.08049209415912628,0.5472851991653442,0.6108821630477905,-0.03679940849542618,0.516351580619812,0.486045777797699,-0.05474279448390007,0.49975496530532837,0.40683144330978394,-0.06846912205219269,0.4860718548297882,0.33603426814079285,-0.07959570735692978,0.6012442111968994,0.6202475428581238,-0.051830437034368515,0.5763671398162842,0.5247870683670044,-0.06753239035606384,0.5589143633842468,0.46333006024360657,-0.07357955724000931,0.5429801344871521,0.4052487313747406,-0.07851818948984146,hello
0.742008626461029,0.8869211077690125,5.397220661507163e-07,0.6572496294975281,0.8585677146911621,-0.03627435863018036,0.5960583090782166,0.781653881072998,-0.06173315644264221,0.6066026091575623,0.7054416537284851,-0.08669592440128326,0.6495243906974792,0.6689659953117371,-0.11289270222187042,0.611842691898346,0.592890739440918,-0.034699734300374985,0.6048114895820618,0.47984984517097473,-0.0721384659409523,0.5969396233558655,0.4044899344444275,-0.10900812596082687,0.5894817113876343,0.33671852946281433,-0.13678772747516632,0.6613773107528687,0.5798231363296509,-0.042663320899009705,0.6527420282363892,0.4602390229701996,-0.07424110174179077,0.6424462199211121,0.38215625286102295,-0.10261218994855881,0.6309276223182678,0.31446394324302673,-0.12408970296382904,0.7097940444946289,0.5889294743537903,-0.0561034195125103,0.7014641761779785,0.48083585500717163,-0.08332964032888412,0.6925731301307678,0.4108215570449829,-0.09720429033041,0.6805292963981628,0.3559274971485138,-0.10688740015029907,0.759234607219696,0.6176919341087341,-0.0747809186577797,0.7487565875053406,0.5326133966445923,-0.09492896497249603,0.7348623275756836,0.4822515547275543,-0.09812857210636139,0.7166451215744019,0.4475298523902893,-0.10036420822143555,hello
0.7529979348182678,0.8517547249794006,5.918311671848642e-07,0.6898545026779175,0.811558187007904,-0.036284517496824265,0.6532540321350098,0.7270373702049255,-0.058957986533641815,0.6646377444267273,0.6478351950645447,-0.07876291126012802,0.6799795031547546,0.5870576500892639,-0.09649583697319031,0.6463320255279541,0.5663361549377441,-0.02784593775868416,0.6483509540557861,0.4582822620868683,-0.06184500455856323,0.6550030708312988,0.3809623122215271,-0.0945405513048172,0.6624952554702759,0.3122720718383789,-0.1184016689658165,0.6904411315917969,0.5537788271903992,-0.03274494409561157,0.6914117336273193,0.4415982961654663,-0.06017933040857315,0.6980230808258057,0.36710989475250244,-0.08431582897901535,0.7025853395462036,0.29809534549713135,-0.10225250571966171,0.7377520799636841,0.5640461444854736,-0.04316972941160202,0.7379582524299622,0.4685794413089752,-0.06678777933120728,0.7462325692176819,0.40480881929397583,-0.07513776421546936,0.7506204843521118,0.34637999534606934,-0.08102969080209732,0.7870287895202637,0.5936056971549988,-0.05875952169299126,0.7827954292297363,0.5173422694206238,-0.07660248130559921,0.7796000242233276,0.47064173221588135,-0.07681579142808914,0.7761754393577576,0.43190646171569824,-0.07599453628063202,hello
0.8346455693244934,0.8325539827346802,6.492021498161193e-07,0.7582839131355286,0.8056781888008118,-0.034847330302000046,0.70570307970047,0.7351508140563965,-0.054289646446704865,0.7254331111907959,0.6608238220214844,-0.0714862272143364,0.7739799618721008,0.6385992765426636,-0.08910340070724487,0.7246177792549133,0.567607045173645,-0.026833562180399895,0.716953456401825,0.4529453217983246,-0.04989999532699585,0.7164435386657715,0.38041695952415466,-0.0724896714091301,0.7183642387390137,0.3190377354621887,-0.0898372158408165,0.7723240256309509,0.5440437197685242,-0.02963261492550373,0.7683514952659607,0.4138193726539612,-0.045945342630147934,0.7660619616508484,0.3337136209011078,-0.06418002396821976,0.7652007937431335,0.265586256980896,-0.0788068026304245,0.8168632984161377,0.5452609658241272,-0.0374712236225605,0.8176513910293579,0.424533486366272,-0.051455676555633545,0.8171339631080627,0.3507876992225647,-0.06534332036972046,0.817333459854126,0.28945299983024597,-0.0766899511218071,0.8610996603965759,0.5675748586654663,-0.04986028000712395,0.8626066446304321,0.47721394896507263,-0.0605819970369339,0.8620187044143677,0.4194759428501129,-0.06487351655960083,0.8622826337814331,0.3690966069698334,-0.06905355304479599,hello
0.7845370769500732,0.852855920791626,6.591187684534816e-07,0.7036030888557434,0.8195699453353882,-0.03889299929141998,0.6495781540870667,0.740864634513855,-0.06106782704591751,0.6728125214576721,0.6707178354263306,-0.08020305633544922,0.7121483087539673,0.6537867784500122,-0.09972736984491348,0.6693966388702393,0.5797601342201233,-0.034174077212810516,0.6627911329269409,0.468799889087677,-0.06257182359695435,0.6591079235076904,0.39270609617233276,-0.09049759805202484,0.6561064124107361,0.3274729549884796,-0.11216755956411362,0.7188944816589355,0.5591025352478027,-0.03686859458684921,0.7174099683761597,0.43201944231987,-0.05880346894264221,0.7190595865249634,0.3481566905975342,-0.08164066076278687,0.7204499840736389,0.27370214462280273,-0.09980548173189163,0.7649085521697998,0.5610871315002441,-0.044826213270425797,0.7648546695709229,0.4460031986236572,-0.06332332640886307,0.7671103477478027,0.36964261531829834,-0.07864778488874435,0.7689011693000793,0.30463266372680664,-0.090855173766613,0.8123185038566589,0.5823432207107544,-0.057780228555202484,0.8105376958847046,0.4935165047645569,-0.07146009802818298,0.8076038360595703,0.43508946895599365,-0.07660378515720367,0.803474485874176,0.384982168674469,-0.08165581524372101,hello
0.6989805102348328,0.8567736148834229,5.566150775848655e-07,0.6133508682250977,0.8462453484535217,-0.03988610953092575,0.5449886322021484,0.778651773929596,-0.06235700100660324,0.5510483384132385,0.6973642110824585,-0.08210865408182144,0.5878381133079529,0.66037917137146,-0.1019393801689148,0.5615323781967163,0.5798090100288391,-0.030647382140159607,0.5446930527687073,0.4651365280151367,-0.05875907093286514,0.5338692665100098,0.38813596963882446,-0.08650298416614532,0.5238426923751831,0.3237592875957489,-0.10828957706689835,0.6122224926948547,0.550357460975647,-0.03402334451675415,0.5969383120536804,0.42092013359069824,-0.05597444623708725,0.5885807871818542,0.33775022625923157,-0.07772976905107498,0.5816541910171509,0.26602649688720703,-0.09521231800317764,0.660857081413269,0.5468152761459351,-0.04349827393889427,0.6454380750656128,0.42559343576431274,-0.062831349670887,0.6386277675628662,0.35046008229255676,-0.07743920385837555,0.6335434317588806,0.28775978088378906,-0.0889090970158577,0.7123041749000549,0.5635141730308533,-0.05815224349498749,0.6979928612709045,0.4635421931743622,-0.07421610504388809,0.6864808797836304,0.4037497639656067,-0.08056837320327759,0.6755022406578064,0.35375434160232544,-0.08580208569765091,hello
0.6391619443893433,0.8490390181541443,5.446981390377914e-07,0.5511082410812378,0.8449341058731079,-0.03686106577515602,0.47086718678474426,0.7834458351135254,-0.05901554971933365,0.44424521923065186,0.7045397162437439,-0.07976248860359192,0.4682270586490631,0.6567352414131165,-0.1000746488571167,0.47695645689964294,0.5835375785827637,-0.021804481744766235,0.4457632899284363,0.47639721632003784,-0.05190102010965347,0.42656567692756653,0.40361201763153076,-0.08211740851402283,0.41360050439834595,0.3406979441642761,-0.10495365411043167,0.5186744928359985,0.5530741214752197,-0.027468036860227585,0.4862905740737915,0.4324483573436737,-0.052273623645305634,0.46914106607437134,0.35177865624427795,-0.07484667748212814,0.4573756754398346,0.28072795271873474,-0.0908888429403305,0.5642099380493164,0.543316125869751,-0.039559971541166306,0.5301213264465332,0.4269489645957947,-0.06188878417015076,0.5153618454933167,0.3500828444957733,-0.07253661006689072,0.5076109170913696,0.28276851773262024,-0.0797199085354805,0.6171887516975403,0.5523115396499634,-0.056919120252132416,0.5885881781578064,0.4620540142059326,-0.07290855795145035,0.5738022923469543,0.40387091040611267,-0.07447140663862228,0.5628016591072083,0.3531127870082855,-0.07525192946195602,hello
0.7797104716300964,0.8274996280670166,4.7462881980209204e-07,0.6945984959602356,0.7881447672843933,-0.03084528259932995,0.6395934224128723,0.7049410939216614,-0.0480288565158844,0.6552344560623169,0.6269958019256592,-0.06475364416837692,0.6912407875061035,0.595399022102356,-0.08140522241592407,0.65655916929245,0.528774082660675,-0.014805274084210396,0.6499553918838501,0.41510307788848877,-0.039852045476436615,0.6473267078399658,0.34233635663986206,-0.06684014201164246,0.6439028978347778,0.2779117226600647,-0.08828055113554001,0.7072728276252747,0.5073487162590027,-0.02188207395374775,0.7021324038505554,0.3808528184890747,-0.04029013589024544,0.7003536224365234,0.3012422025203705,-0.0620371550321579,0.6961701512336731,0.23234480619430542,-0.0795232355594635,0.7558400630950928,0.5112890601158142,-0.034821100533008575,0.7511125802993774,0.3955433964729309,-0.05285527557134628,0.7492619752883911,0.3225036859512329,-0.06515408307313919,0.7452879548072815,0.25925564765930176,-0.07449408620595932,0.807968020439148,0.535490870475769,-0.05239005386829376,0.803839385509491,0.442196786403656,-0.06631705164909363,0.7992137670516968,0.38291996717453003,-0.06836583465337753,0.7917008996009827,0.33129850029945374,-0.07041652500629425,hello
0.8161680102348328,0.7747939825057983,5.985240818517923e-07,0.7352623343467712,0.7406934499740601,-0.038178250193595886,0.6830588579177856,0.6582991480827332,-0.058536890894174576,0.7085239291191101,0.5775149464607239,-0.07628966122865677,0.7582600712776184,0.5458635687828064,-0.09388814121484756,0.7095513939857483,0.48926976323127747,-0.02547205425798893,0.6997630596160889,0.3778425455093384,-0.050638969987630844,0.6987977027893066,0.30637842416763306,-0.07627524435520172,0.7007727026939392,0.24592837691307068,-0.09602801501750946,0.7597616314888,0.4682873785495758,-0.027391336858272552,0.7568215727806091,0.3407621383666992,-0.04609474167227745,0.7556572556495667,0.2622590959072113,-0.06738791614770889,0.7560139298439026,0.19566884636878967,-0.08423172682523727,0.8062247037887573,0.4727959930896759,-0.03505033254623413,0.8072842955589294,0.35335269570350647,-0.05144713819026947,0.807117223739624,0.2782673239707947,-0.06679735332727432,0.8076034784317017,0.2166750133037567,-0.07908830046653748,0.8532755374908447,0.5001233220100403,-0.04763483628630638,0.8554352521896362,0.4077420234680176,-0.06043120473623276,0.8528050780296326,0.3484610915184021,-0.06577316671609879,0.8503521084785461,0.2979262173175812,-0.07061642408370972,hello
0.6447535157203674,0.7920660376548767,6.239641265892715e-07,0.5654270648956299,0.7764381170272827,-0.03219384700059891,0.49633342027664185,0.7094171643257141,-0.05130235105752945,0.48620715737342834,0.6362656950950623,-0.06906814873218536,0.500123918056488,0.6076351404190063,-0.08697689324617386,0.4909544587135315,0.5175626277923584,-0.024814268574118614,0.46944087743759155,0.40363237261772156,-0.05252997577190399,0.46053701639175415,0.32759881019592285,-0.07958812266588211,0.4544418752193451,0.26205021142959595,-0.100067138671875,0.5382652878761292,0.4911126494407654,-0.03146988898515701,0.5165212750434875,0.36227259039878845,-0.05281858891248703,0.5085680484771729,0.2792664170265198,-0.07299599051475525,0.5034756660461426,0.20774471759796143,-0.08871394395828247,0.5865234732627869,0.48844215273857117,-0.043723251670598984,0.5689412355422974,0.36906635761260986,-0.062013186514377594,0.5646501183509827,0.29580390453338623,-0.07404852658510208,0.5620856285095215,0.23445546627044678,-0.08348299562931061,0.638186514377594,0.5049402117729187,-0.060638997703790665,0.6235129833221436,0.41013607382774353,-0.07460851222276688,0.6154438853263855,0.3511742949485779,-0.07857158035039902,0.6076972484588623,0.3008922338485718,-0.0820675864815712,hello
0.5469450354576111,0.8038115501403809,5.41006556886714e-07,0.46229088306427,0.7960661053657532,-0.026122653856873512,0.3860478699207306,0.7348941564559937,-0.04204386845231056,0.35105472803115845,0.6560073494911194,-0.058497779071331024,0.37613266706466675,0.6294962763786316,-0.0741555392742157,0.38642439246177673,0.5406458973884583,-0.003472069511190057,0.3540556728839874,0.4356389343738556,-0.021853795275092125,0.3362891376018524,0.3713231682777405,-0.04382482171058655,0.32236573100090027,0.31117260456085205,-0.06308536976575851,0.4256036579608917,0.512732207775116,-0.012695125304162502,0.3907264471054077,0.39079123735427856,-0.027074718847870827,0.3726535141468048,0.3129059076309204,-0.044115737080574036,0.35798606276512146,0.24240320920944214,-0.058862220495939255,0.46980929374694824,0.5087497234344482,-0.027880661189556122,0.43861207365989685,0.38897591829299927,-0.04184279963374138,0.4236546456813812,0.3142339587211609,-0.05241253226995468,0.4114781618118286,0.24690213799476624,-0.06231939420104027,0.5209452509880066,0.5228813886642456,-0.047550268471241,0.49321824312210083,0.4304182827472687,-0.058310218155384064,0.47751981019973755,0.37145236134529114,-0.061841901391744614,0.4635629951953888,0.31469687819480896,-0.06656427681446075,hello
0.5485676527023315,0.7929830551147461,5.489836780725454e-07,0.46279093623161316,0.7871303558349609,-0.023807326331734657,0.3891821801662445,0.7268874049186707,-0.03846548870205879,0.35805195569992065,0.6513281464576721,-0.05435914918780327,0.376040518283844,0.618606448173523,-0.07035084813833237,0.380094975233078,0.5374349355697632,-0.0037900551687926054,0.3460254371166229,0.4290786683559418,-0.02477617934346199,0.329668790102005,0.3610273003578186,-0.047857820987701416,0.3182457983493805,0.29923030734062195,-0.0666409432888031,0.42095357179641724,0.5053615570068359,-0.013911140151321888,0.3835878074169159,0.3790622055530548,-0.03070494346320629,0.3654367923736572,0.30049440264701843,-0.04964654520153999,0.35140737891197205,0.2303500473499298,-0.06483826041221619,0.4672606885433197,0.49725341796875,-0.029629480093717575,0.43146654963493347,0.37309831380844116,-0.04561670124530792,0.41474294662475586,0.2976178526878357,-0.05757364630699158,0.4016660451889038,0.23146823048591614,-0.06752490997314453,0.5204044580459595,0.507239043712616,-0.04937154799699783,0.4905824065208435,0.4107849597930908,-0.061668675392866135,0.4725845158100128,0.34894001483917236,-0.06546155363321304,0.45667919516563416,0.2905217409133911,-0.0695844441652298,hello
0.643164873123169,0.8042417168617249,5.732450745199458e-07,0.5596850514411926,0.797592282295227,-0.02888842485845089,0.4780280590057373,0.7343776226043701,-0.04637652263045311,0.44883355498313904,0.6579275727272034,-0.06376553326845169,0.47118979692459106,0.6212173104286194,-0.0818059891462326,0.47095826268196106,0.5403198599815369,-0.017841000109910965,0.43976595997810364,0.4285895824432373,-0.04561721161007881,0.4242299795150757,0.35275155305862427,-0.07324963063001633,0.41474199295043945,0.2880423069000244,-0.09418413788080215,0.5142719149589539,0.5098143815994263,-0.026388300582766533,0.48325029015541077,0.38513433933258057,-0.04866592586040497,0.4696192741394043,0.30288466811180115,-0.06939725577831268,0.46136242151260376,0.23360446095466614,-0.08471411466598511,0.5620596408843994,0.500992476940155,-0.04050970450043678,0.5323390960693359,0.3814609944820404,-0.06031939014792442,0.5216276049613953,0.30493950843811035,-0.07169412076473236,0.5160073041915894,0.23999333381652832,-0.08016777783632278,0.6159632205963135,0.5120652318000793,-0.059066835790872574,0.5910701155662537,0.41752028465270996,-0.07372856140136719,0.5794603228569031,0.3606255054473877,-0.07605475932359695,0.5708295106887817,0.3112037777900696,-0.0779978558421135,hello
0.7582501173019409,0.772746205329895,5.963304374745348e-07,0.671483039855957,0.742813766002655,-0.034984562546014786,0.6051396727561951,0.6691749095916748,-0.055642902851104736,0.6085192561149597,0.5881958603858948,-0.0742182657122612,0.6513888835906982,0.5373349189758301,-0.09173834323883057,0.623699426651001,0.48839467763900757,-0.02006743662059307,0.613581120967865,0.37855255603790283,-0.045796919614076614,0.6076065301895142,0.307686984539032,-0.07192322611808777,0.6032625436782837,0.24882909655570984,-0.09202927350997925,0.6743253469467163,0.46477529406547546,-0.02460150234401226,0.6678888201713562,0.3420007824897766,-0.043987590819597244,0.6660728454589844,0.26545125246047974,-0.06382181495428085,0.663837730884552,0.2007843554019928,-0.079511359333992,0.7228603959083557,0.46766966581344604,-0.035372745245695114,0.7198951244354248,0.3564295470714569,-0.05382109433412552,0.7238951921463013,0.2895176410675049,-0.06441206485033035,0.7253615260124207,0.2341308891773224,-0.07236972451210022,0.7736926078796387,0.4919000267982483,-0.05087251961231232,0.7715135812759399,0.4019370675086975,-0.06476224213838577,0.7702255249023438,0.3509891629219055,-0.06606382876634598,0.7669314742088318,0.31077128648757935,-0.06702275574207306,hello
0.8417213559150696,0.8109092116355896,6.137962600405444e-07,0.7613039612770081,0.7727257013320923,-0.03887646272778511,0.7157679796218872,0.6797239780426025,-0.05722558870911598,0.7409881353378296,0.5920780301094055,-0.07301194965839386,0.7886582016944885,0.5657170414924622,-0.08904993534088135,0.7468494176864624,0.5280885100364685,-0.024560363963246346,0.7445307970046997,0.407423734664917,-0.04959961399435997,0.7477837800979614,0.3302991986274719,-0.07482529431581497,0.7522424459457397,0.26556602120399475,-0.09468163549900055,0.7964966893196106,0.5102289319038391,-0.02677016146481037,0.8013576865196228,0.3721317648887634,-0.04633572697639465,0.8054587244987488,0.2872276306152344,-0.0688171535730362,0.8092078566551208,0.21541225910186768,-0.08685307204723358,0.8400648832321167,0.5175095200538635,-0.03489304333925247,0.8506143093109131,0.3902353346347809,-0.054185330867767334,0.8570340871810913,0.3105623722076416,-0.07272274792194366,0.8628262877464294,0.2451571822166443,-0.08724607527256012,0.8841710686683655,0.5462905168533325,-0.04768650606274605,0.8946744203567505,0.4539850354194641,-0.06332432478666306,0.8983749747276306,0.39374351501464844,-0.07112463563680649,0.9004071950912476,0.3424379825592041,-0.07818397134542465,hello
0.818351149559021,0.7935115098953247,6.359475150929939e-07,0.739463210105896,0.7622644901275635,-0.04018921032547951,0.6879958510398865,0.6793619394302368,-0.0616302490234375,0.7105492353439331,0.6004300117492676,-0.0800856500864029,0.7511173486709595,0.5799296498298645,-0.09885016083717346,0.7145540714263916,0.5009177923202515,-0.029545029625296593,0.7062789797782898,0.38822799921035767,-0.05586904659867287,0.705358624458313,0.31430700421333313,-0.08271376043558121,0.7062768936157227,0.250948965549469,-0.10363617539405823,0.7668998837471008,0.4813311696052551,-0.03151695057749748,0.7674442529678345,0.3498244285583496,-0.05135113373398781,0.7677611112594604,0.26727214455604553,-0.07355083525180817,0.7692174315452576,0.19691404700279236,-0.09143625199794769,0.8144888877868652,0.48773470520973206,-0.039295345544815063,0.8186121582984924,0.3656274676322937,-0.056451939046382904,0.8214986324310303,0.2889620363712311,-0.07272791862487793,0.825219988822937,0.22600990533828735,-0.08596246689558029,0.8613944053649902,0.516543984413147,-0.052151430398225784,0.8646326661109924,0.42251718044281006,-0.06525776535272598,0.8642902970314026,0.3618861436843872,-0.07117821276187897,0.8642861843109131,0.3092502951622009,-0.07693544775247574,hello
0.6577394008636475,0.7537291049957275,8.015229582269967e-07,0.5878131985664368,0.7076494097709656,-0.04940437152981758,0.5162805914878845,0.620945155620575,-0.07392323762178421,0.4656887948513031,0.5455623269081116,-0.09127124398946762,0.42089271545410156,0.4887125492095947,-0.10711729526519775,0.5078244805335999,0.4950263798236847,-0.04847059026360512,0.4846796691417694,0.38085904717445374,-0.08166138827800751,0.4732890725135803,0.30722561478614807,-0.10950039327144623,0.4682888388633728,0.24373415112495422,-0.1289306879043579,0.547353982925415,0.47439324855804443,-0.042769305408000946,0.5282347202301025,0.356741726398468,-0.07294602692127228,0.517621636390686,0.27560046315193176,-0.09529224783182144,0.513472318649292,0.21032384037971497,-0.11065217852592468,0.5926852226257324,0.475016713142395,-0.04289786517620087,0.5795518755912781,0.36329370737075806,-0.06982424110174179,0.5706334114074707,0.29274049401283264,-0.07996844500303268,0.5645876526832581,0.23818236589431763,-0.08575734496116638,0.6407120823860168,0.4938456118106842,-0.04797258600592613,0.6338199377059937,0.40670716762542725,-0.0694790631532669,0.6251373291015625,0.3520931601524353,-0.07348455488681793,0.6175457239151001,0.30995050072669983,-0.07440146803855896,hello
0.5088170170783997,0.7596457004547119,5.855673066434974e-07,0.4218106269836426,0.7576227188110352,-0.02742091193795204,0.3478234112262726,0.6921392679214478,-0.0401613786816597,0.32272976636886597,0.6141597628593445,-0.05289243161678314,0.3329225480556488,0.5692585706710815,-0.0655314177274704,0.3547550141811371,0.5069645643234253,-0.00938672386109829,0.32190293073654175,0.4019024968147278,-0.03172855079174042,0.3003368377685547,0.3337223529815674,-0.05515962466597557,0.282286673784256,0.27726444602012634,-0.07312624156475067,0.3928477466106415,0.4774343967437744,-0.016472605988383293,0.3578614592552185,0.35734984278678894,-0.036396998912096024,0.3363012671470642,0.27729499340057373,-0.05638376250863075,0.32043027877807617,0.21071374416351318,-0.07039961963891983,0.4347018897533417,0.471696674823761,-0.029165374115109444,0.39955177903175354,0.3520340621471405,-0.04922400042414665,0.379712849855423,0.27727141976356506,-0.06242077052593231,0.36558717489242554,0.2136981189250946,-0.07109755277633667,0.48442956805229187,0.4838772714138031,-0.04584084078669548,0.4594360589981079,0.3891858458518982,-0.06337065994739532,0.4402383863925934,0.3276156187057495,-0.06951428949832916,0.4236023724079132,0.27259841561317444,-0.07309345155954361,hello
0.5021323561668396,0.7592699527740479,5.177355433261255e-07,0.41260048747062683,0.7555906772613525,-0.02361091785132885,0.3394383490085602,0.6913965940475464,-0.03576202690601349,0.3101879358291626,0.6127768754959106,-0.04876340553164482,0.3140482008457184,0.5821956396102905,-0.062155790627002716,0.3330853283405304,0.5046665668487549,-0.004340343177318573,0.29920250177383423,0.3957786560058594,-0.024507561698555946,0.2798943519592285,0.3267119526863098,-0.046506498008966446,0.2657703161239624,0.2652190029621124,-0.06433141976594925,0.37441328167915344,0.470341295003891,-0.014229869470000267,0.33720922470092773,0.3432016968727112,-0.030218441039323807,0.31733712553977966,0.26356303691864014,-0.0487222783267498,0.302696168422699,0.19403159618377686,-0.06368160992860794,0.4199050962924957,0.4611583948135376,-0.029686378315091133,0.38500577211380005,0.33591604232788086,-0.04520055279135704,0.36685845255851746,0.25916627049446106,-0.05809895321726799,0.35296958684921265,0.19213619828224182,-0.06908296793699265,0.4718517065048218,0.47200366854667664,-0.04906797781586647,0.44343021512031555,0.3766428232192993,-0.06210153549909592,0.4249265193939209,0.31475967168807983,-0.06716912239789963,0.40786460041999817,0.25752437114715576,-0.07224083691835403,hello
0.6629672646522522,0.7844887375831604,6.432047712223721e-07,0.5808899402618408,0.7846232056617737,-0.050603095442056656,0.49686911702156067,0.7213427424430847,-0.08172821998596191,0.4457845687866211,0.6631473898887634,-0.10902706533670425,0.41867315769195557,0.6213886737823486,-0.13686110079288483,0.49260810017585754,0.5338481068611145,-0.05318218842148781,0.4667348861694336,0.4055449366569519,-0.09620819985866547,0.4463210105895996,0.31931906938552856,-0.13173778355121613,0.42964446544647217,0.2501489818096161,-0.15681098401546478,0.5417540669441223,0.49597296118736267,-0.05617108941078186,0.518759548664093,0.3544500470161438,-0.09166084229946136,0.49754613637924194,0.26230451464653015,-0.11860552430152893,0.4784156382083893,0.1929512321949005,-0.13812685012817383,0.5937445759773254,0.4867058992385864,-0.06592699140310287,0.5689276456832886,0.35732972621917725,-0.09799651801586151,0.5537812113761902,0.2727319300174713,-0.11128558218479156,0.5417323112487793,0.21034711599349976,-0.1198308914899826,0.6465178728103638,0.5030207633972168,-0.0812263935804367,0.627804160118103,0.40112966299057007,-0.1076318621635437,0.6144013404846191,0.3338054418563843,-0.1134355291724205,0.6026595234870911,0.28381553292274475,-0.11646873503923416,hello
0.7839136719703674,0.7947314977645874,5.314346367413236e-07,0.694873571395874,0.7600403428077698,-0.03774270787835121,0.6288952231407166,0.6708426475524902,-0.06018645688891411,0.6445557475090027,0.5892366766929626,-0.0810941681265831,0.7011500597000122,0.5723686218261719,-0.10362043976783752,0.6624817848205566,0.49831622838974,-0.036864809691905975,0.6545486450195312,0.3730873763561249,-0.06706149131059647,0.6420080661773682,0.2956683337688446,-0.09500600397586823,0.6272847056388855,0.2325599491596222,-0.11681388318538666,0.7140424847602844,0.4760471284389496,-0.042757317423820496,0.708162248134613,0.33595550060272217,-0.06699305772781372,0.7005162239074707,0.24899160861968994,-0.08918063342571259,0.6902311444282532,0.17869406938552856,-0.10625634342432022,0.763728141784668,0.4787384271621704,-0.053937580436468124,0.7554131746292114,0.3509413003921509,-0.0754455029964447,0.7518643140792847,0.2696976661682129,-0.09058476239442825,0.7471773624420166,0.20438191294670105,-0.10148484259843826,0.8136484026908875,0.5012805461883545,-0.0700266882777214,0.8043829202651978,0.3985888957977295,-0.08623145520687103,0.7956545352935791,0.33462047576904297,-0.09108090400695801,0.78654944896698,0.28480154275894165,-0.09523659944534302,hello
0.8641716241836548,0.7858041524887085,5.119397883390775e-07,0.7886556386947632,0.7478889226913452,-0.032181210815906525,0.7411011457443237,0.664541482925415,-0.04895997419953346,0.7442920207977295,0.5816017389297485,-0.06394703686237335,0.7622057795524597,0.5321990251541138,-0.07891660928726196,0.7612888813018799,0.5057893991470337,-0.023493466898798943,0.7557215094566345,0.3816114068031311,-0.04789969325065613,0.756847620010376,0.30475327372550964,-0.07076769322156906,0.7599615454673767,0.24047443270683289,-0.08734163641929626,0.8131138682365417,0.48613741993904114,-0.027985770255327225,0.8131594657897949,0.3458831310272217,-0.045477431267499924,0.8141722679138184,0.26037320494651794,-0.06472557038068771,0.8160624504089355,0.19123759865760803,-0.07990196347236633,0.8607444167137146,0.4904758930206299,-0.03755175694823265,0.8649685978889465,0.3596608638763428,-0.05358818918466568,0.8673184514045715,0.27944767475128174,-0.067193903028965,0.8689895868301392,0.21534791588783264,-0.07813901454210281,0.9067155718803406,0.5150213241577148,-0.051121439784765244,0.9101679921150208,0.41446980834007263,-0.06380467116832733,0.9099925756454468,0.35205382108688354,-0.06714558601379395,0.9084173440933228,0.3011798858642578,-0.07029806822538376,hello
0.8257207274436951,0.8050078749656677,6.209033358572924e-07,0.7567013502120972,0.7636936902999878,-0.04493694007396698,0.7171981334686279,0.6772043704986572,-0.07068443298339844,0.7385162115097046,0.5962197184562683,-0.09293492883443832,0.7751219868659973,0.5478335022926331,-0.11509183049201965,0.7427843809127808,0.5201831459999084,-0.04042549058794975,0.7398072481155396,0.3998236060142517,-0.073110431432724,0.7402236461639404,0.3229568600654602,-0.10314112901687622,0.7424503564834595,0.25812584161758423,-0.12561722099781036,0.7898812890052795,0.5024399161338806,-0.04247544705867767,0.7895238995552063,0.3687577545642853,-0.06878384947776794,0.7916775345802307,0.28176283836364746,-0.09651206433773041,0.794317364692688,0.20540744066238403,-0.11868729442358017,0.833092451095581,0.5108109712600708,-0.05037829279899597,0.840383768081665,0.38703402876853943,-0.07424646615982056,0.8461107611656189,0.30476078391075134,-0.09575394541025162,0.8505197763442993,0.23627686500549316,-0.11277880519628525,0.8775947690010071,0.5418323278427124,-0.0632205456495285,0.8848838806152344,0.4477463960647583,-0.08275925368070602,0.8870521187782288,0.3824540376663208,-0.09341626614332199,0.8876996040344238,0.32561662793159485,-0.10258796066045761,hello
0.7659871578216553,0.8547852039337158,5.879679747522459e-07,0.6820695400238037,0.8213151097297668,-0.03794752433896065,0.6340464353561401,0.7395046353340149,-0.05684789642691612,0.6516905426979065,0.6525959968566895,-0.07373668998479843,0.6921326518058777,0.6115522384643555,-0.08962443470954895,0.6497529149055481,0.5592238903045654,-0.017777904868125916,0.6411477327346802,0.4363457262516022,-0.04081845283508301,0.63665372133255,0.3571893572807312,-0.06587129086256027,0.6346920728683472,0.28912580013275146,-0.08588629215955734,0.7010701894760132,0.5358642935752869,-0.0213166531175375,0.6932448744773865,0.39756399393081665,-0.038155246526002884,0.6902117729187012,0.3086509704589844,-0.0596911646425724,0.6886465549468994,0.2325003445148468,-0.07753599435091019,0.7481029033660889,0.5392592549324036,-0.031215526163578033,0.746665894985199,0.41000354290008545,-0.04767007753252983,0.7455421090126038,0.32822465896606445,-0.0630701333284378,0.7442491054534912,0.2595081329345703,-0.07582058757543564,0.7976943850517273,0.5647388100624084,-0.0461992584168911,0.797161340713501,0.46733319759368896,-0.05947196111083031,0.7942349314689636,0.4038533568382263,-0.0643809586763382,0.7900582551956177,0.34871840476989746,-0.06920520216226578,hello
0.7724511027336121,0.8474582433700562,6.975710107326449e-07,0.6890844702720642,0.8226067423820496,-0.042474985122680664,0.631787896156311,0.7462912797927856,-0.06398095935583115,0.6505748629570007,0.6623300909996033,-0.08234182745218277,0.6998908519744873,0.6341254711151123,-0.10007888078689575,0.6478252410888672,0.5559626221656799,-0.025928176939487457,0.6379374861717224,0.43476495146751404,-0.05038977041840553,0.6354081630706787,0.3572999835014343,-0.07604698836803436,0.634742021560669,0.2907191812992096,-0.0964982733130455,0.6993345618247986,0.5311214923858643,-0.027040991932153702,0.6915572881698608,0.3937610983848572,-0.04542682692408562,0.6882670521736145,0.3068816661834717,-0.06766756623983383,0.6865081191062927,0.2309948205947876,-0.08564317226409912,0.7479072213172913,0.5332228541374207,-0.034497834742069244,0.7453798651695251,0.4062669575214386,-0.05123906582593918,0.7448604106903076,0.3248233199119568,-0.06891942769289017,0.7447471618652344,0.25522369146347046,-0.08323065936565399,0.7987239956855774,0.5579764246940613,-0.04732903093099594,0.7981138229370117,0.46320879459381104,-0.060723934322595596,0.7955514788627625,0.4014388918876648,-0.06754666566848755,0.7938283681869507,0.34611064195632935,-0.07378542423248291,hello
0.7764891386032104,0.8166370391845703,5.540970846595883e-07,0.6937580704689026,0.7948228120803833,-0.038973160088062286,0.6307153701782227,0.717902421951294,-0.056762371212244034,0.6045636534690857,0.631805419921875,-0.07195690274238586,0.6147547364234924,0.5814619064331055,-0.0864914283156395,0.671197772026062,0.5468756556510925,-0.021937858313322067,0.6591699719429016,0.42748188972473145,-0.0494534894824028,0.6566431522369385,0.3502007722854614,-0.0757722556591034,0.6591438055038452,0.2833259403705597,-0.09517589956521988,0.7191687226295471,0.5215393900871277,-0.023300860077142715,0.710818886756897,0.38598984479904175,-0.044554486870765686,0.7071253061294556,0.29998764395713806,-0.0662819892168045,0.7065540552139282,0.22498378157615662,-0.0829542949795723,0.7640483975410461,0.5220504403114319,-0.03120945580303669,0.7615920901298523,0.3951321542263031,-0.05107507109642029,0.760239839553833,0.3151932656764984,-0.066970594227314,0.7598814964294434,0.24672546982765198,-0.07904696464538574,0.8100888729095459,0.5453702807426453,-0.04394448176026344,0.8105277419090271,0.4497261643409729,-0.059888552874326706,0.8076397776603699,0.38692599534988403,-0.06754676252603531,0.8039321899414062,0.3286252021789551,-0.07382451742887497,hello
0.7884236574172974,0.814769446849823,5.220060188548814e-07,0.7087074518203735,0.7940335273742676,-0.033205293118953705,0.6454826593399048,0.7152177691459656,-0.047612711787223816,0.6182833313941956,0.6293127536773682,-0.06028177961707115,0.6255872845649719,0.5872646570205688,-0.07244725525379181,0.683953046798706,0.5416513085365295,-0.015076261945068836,0.6718847751617432,0.42539501190185547,-0.0396348312497139,0.6702322363853455,0.35015711188316345,-0.06451624631881714,0.6726086735725403,0.2850600779056549,-0.08340740203857422,0.7306721806526184,0.5166763067245483,-0.01826702244579792,0.72309410572052,0.3829796016216278,-0.036889635026454926,0.7194556593894958,0.29850929975509644,-0.05705903843045235,0.7171882390975952,0.22536486387252808,-0.07284393161535263,0.7744155526161194,0.5181902050971985,-0.02760425955057144,0.7730770111083984,0.390884131193161,-0.045491933822631836,0.7722557187080383,0.31111079454421997,-0.06079266965389252,0.7715208530426025,0.24279704689979553,-0.07286611199378967,0.8200998902320862,0.5426605939865112,-0.041313719004392624,0.8228917717933655,0.4474365711212158,-0.056264668703079224,0.8215051889419556,0.3848397731781006,-0.06405749171972275,0.8185973763465881,0.3260801434516907,-0.07073584944009781,hello
0.7712324857711792,0.8202965259552002,5.768482083112758e-07,0.6903091669082642,0.7888596057891846,-0.03028975985944271,0.6277278661727905,0.6985104084014893,-0.043333008885383606,0.6148880124092102,0.6121554374694824,-0.0551922470331192,0.6384927034378052,0.5743217468261719,-0.06683091819286346,0.6782538294792175,0.53708815574646,-0.015462747775018215,0.6710166931152344,0.41903191804885864,-0.03807852417230606,0.6703076362609863,0.3444971442222595,-0.06051001697778702,0.6714946031570435,0.28118064999580383,-0.07756469398736954,0.7254413962364197,0.5181636810302734,-0.020091062411665916,0.7227035760879517,0.3830028176307678,-0.03774939104914665,0.7212693691253662,0.2979690432548523,-0.056489117443561554,0.7214308977127075,0.22615033388137817,-0.07080533355474472,0.7691610455513,0.5229014158248901,-0.030245259404182434,0.7688575983047485,0.3939087986946106,-0.04695553332567215,0.7705522179603577,0.31509238481521606,-0.060257282108068466,0.7722909450531006,0.24950361251831055,-0.07031960785388947,0.8132275342941284,0.5486020445823669,-0.044490665197372437,0.814437210559845,0.45096760988235474,-0.057595107704401016,0.8131975531578064,0.38730937242507935,-0.06299509853124619,0.8109203577041626,0.33093026280403137,-0.0676686018705368,hello
0.6530197858810425,0.8473537564277649,5.354729069040332e-07,0.5693944692611694,0.8266052603721619,-0.02989277057349682,0.49152857065200806,0.7528093457221985,-0.04771926626563072,0.46674394607543945,0.6679556965827942,-0.06493400782346725,0.49463745951652527,0.6245787739753723,-0.08288706094026566,0.524640679359436,0.5631497502326965,-0.022422347217798233,0.5033318996429443,0.45290571451187134,-0.05041862651705742,0.4935908317565918,0.3798135817050934,-0.07732823491096497,0.48959994316101074,0.3161700963973999,-0.09806649386882782,0.5718806385993958,0.5408077836036682,-0.030912822112441063,0.5520831346511841,0.4135938286781311,-0.05426514521241188,0.5432940125465393,0.3296191990375519,-0.0756785199046135,0.5392415523529053,0.2568908631801605,-0.09179896116256714,0.6195192337036133,0.5427124500274658,-0.044803716242313385,0.5992778539657593,0.4196547865867615,-0.06704830378293991,0.5924368500709534,0.33947205543518066,-0.08092322200536728,0.589876651763916,0.2709064483642578,-0.0911150723695755,0.6707558631896973,0.5666374564170837,-0.06274709105491638,0.6545751094818115,0.4707511067390442,-0.08127295225858688,0.6458399295806885,0.40671443939208984,-0.0875878781080246,0.6385781168937683,0.35023483633995056,-0.0923599898815155,hello
0.6305224895477295,0.8443834781646729,5.491218075803772e-07,0.5420764088630676,0.8267502188682556,-0.029082145541906357,0.46572667360305786,0.7544727921485901,-0.044420257210731506,0.43547093868255615,0.6761068105697632,-0.059570640325546265,0.45017531514167786,0.6219819188117981,-0.07412050664424896,0.4898722171783447,0.5661729574203491,-0.012206308543682098,0.46516725420951843,0.45560401678085327,-0.0375339649617672,0.45277029275894165,0.38249707221984863,-0.06282249093055725,0.44583338499069214,0.3187989294528961,-0.08196031302213669,0.5343318581581116,0.539912223815918,-0.020122645422816277,0.5111885070800781,0.4099593758583069,-0.040811460465192795,0.4973433017730713,0.3252984881401062,-0.061490852385759354,0.48834794759750366,0.25278669595718384,-0.07676440477371216,0.580926239490509,0.5384840369224548,-0.03406338021159172,0.5602078437805176,0.4139065146446228,-0.05346374958753586,0.5517212748527527,0.3350851237773895,-0.06639299541711807,0.5465624928474426,0.2675991654396057,-0.07609865069389343,0.631716787815094,0.559752345085144,-0.0522904247045517,0.6188863515853882,0.46469682455062866,-0.06785902380943298,0.6099726557731628,0.40213197469711304,-0.07286135852336884,0.6014574766159058,0.3454470932483673,-0.07679083943367004,hello
0.6471151113510132,0.8534553050994873,5.18492072387744e-07,0.5609890818595886,0.8343356847763062,-0.03028232790529728,0.48443034291267395,0.7631349563598633,-0.04954835772514343,0.45575621724128723,0.6833510994911194,-0.06882642954587936,0.47222259640693665,0.6384607553482056,-0.08900933712720871,0.505242645740509,0.570185124874115,-0.02323673665523529,0.48117196559906006,0.4566214084625244,-0.053709451109170914,0.46497583389282227,0.38222262263298035,-0.08294772356748581,0.45334893465042114,0.3181920647621155,-0.1052539050579071,0.5507436394691467,0.547392725944519,-0.03312966972589493,0.5266854166984558,0.4202694892883301,-0.0601985901594162,0.5148630738258362,0.33718305826187134,-0.0849631130695343,0.5073104500770569,0.2657925486564636,-0.10282118618488312,0.5991807579994202,0.5472726821899414,-0.048356931656599045,0.5744213461875916,0.4262924790382385,-0.07358820736408234,0.5660439133644104,0.3467002809047699,-0.08846240490674973,0.562231183052063,0.2777658998966217,-0.09885219484567642,0.6535990834236145,0.5682730674743652,-0.06767784804105759,0.6352674961090088,0.4704509377479553,-0.08765238523483276,0.6267420649528503,0.40516021847724915,-0.09355425089597702,0.6203205585479736,0.3461010456085205,-0.09758008271455765,hello
0.907042384147644,0.8250732421875,7.070741503412137e-07,0.8374974727630615,0.810458779335022,-0.04125069081783295,0.7860278487205505,0.7340855002403259,-0.0625038594007492,0.7768274545669556,0.6548031568527222,-0.07832714170217514,0.7994009852409363,0.608691930770874,-0.0936155617237091,0.832121729850769,0.5881133675575256,-0.04271736368536949,0.8380128741264343,0.4690718352794647,-0.07031571865081787,0.8454490900039673,0.390303373336792,-0.09325118362903595,0.8513442873954773,0.3277396261692047,-0.109088234603405,0.8803619742393494,0.5712203979492188,-0.0404624342918396,0.8909627199172974,0.44041478633880615,-0.06302527338266373,0.8970806002616882,0.35472992062568665,-0.08245179802179337,0.901347815990448,0.2834535837173462,-0.09634578227996826,0.9230233430862427,0.5776978731155396,-0.04278767853975296,0.9363111257553101,0.4575803875923157,-0.06350317597389221,0.9427618384361267,0.37934234738349915,-0.07844319194555283,0.9480128288269043,0.3152795135974884,-0.08865481615066528,0.9628412127494812,0.6038179993629456,-0.0489194355905056,0.9766297340393066,0.5107837319374084,-0.0667761042714119,0.9845167398452759,0.45035696029663086,-0.07423762232065201,0.9888414740562439,0.3981667459011078,-0.0788607969880104,hello
0.8881043195724487,0.870464563369751,6.240294396775425e-07,0.8110358715057373,0.8307254314422607,-0.03647943586111069,0.7614436149597168,0.7354733943939209,-0.051439929753541946,0.7590786814689636,0.6449108719825745,-0.06378211826086044,0.7812858819961548,0.6083574891090393,-0.07485893368721008,0.8071749210357666,0.5703449249267578,-0.01514262706041336,0.8078907132148743,0.45343711972236633,-0.03718052804470062,0.8123798966407776,0.37839725613594055,-0.06098078936338425,0.8174275755882263,0.3147280216217041,-0.07903717458248138,0.857012927532196,0.5564597249031067,-0.016807489097118378,0.865220844745636,0.4251684844493866,-0.0330946147441864,0.8697578310966492,0.3400174081325531,-0.053479310125112534,0.8749691843986511,0.26716041564941406,-0.06924382597208023,0.901983916759491,0.5663742423057556,-0.02462054044008255,0.9122899770736694,0.44375932216644287,-0.04065890982747078,0.9207574725151062,0.365109384059906,-0.055367499589920044,0.928115963935852,0.2991308867931366,-0.06657640635967255,0.9451286196708679,0.5990033745765686,-0.037084806710481644,0.9557690024375916,0.5053674578666687,-0.049807362258434296,0.9612906575202942,0.44357094168663025,-0.05493994429707527,0.964583694934845,0.38827258348464966,-0.05931839346885681,hello
0.7528998255729675,0.8680229187011719,6.988304903643439e-07,0.6735944151878357,0.8444414138793945,-0.036971718072891235,0.607613205909729,0.759438693523407,-0.05510006844997406,0.5872901678085327,0.6675353646278381,-0.07084648311138153,0.6126230955123901,0.624304473400116,-0.08571866899728775,0.6500670313835144,0.5700869560241699,-0.01979704760015011,0.6446534395217896,0.45240676403045654,-0.04645621031522751,0.6442751884460449,0.3737412095069885,-0.07368012517690659,0.6462440490722656,0.3081011176109314,-0.09434685856103897,0.6994172930717468,0.5520946979522705,-0.023372134193778038,0.6961631178855896,0.4169732630252838,-0.04327672719955444,0.6960800290107727,0.32538434863090515,-0.06503663957118988,0.698278546333313,0.246731698513031,-0.08185634016990662,0.7467517256736755,0.5627509355545044,-0.03335123136639595,0.7469293475151062,0.4342389702796936,-0.053233034908771515,0.7496891021728516,0.34917348623275757,-0.06919071823358536,0.7526892423629761,0.27651211619377136,-0.0813540369272232,0.7970823645591736,0.5988399386405945,-0.04798785597085953,0.7992551326751709,0.5046173334121704,-0.0651526004076004,0.7986471056938171,0.44271522760391235,-0.07259292155504227,0.7966826558113098,0.3877447247505188,-0.07840852439403534,hello
0.6720830798149109,0.8587132692337036,5.896379775549576e-07,0.583346962928772,0.8329476118087769,-0.03762879595160484,0.5095643401145935,0.7546718120574951,-0.05880070850253105,0.48957914113998413,0.680530309677124,-0.07784710079431534,0.5079531073570251,0.6381421089172363,-0.09717058390378952,0.5521805286407471,0.5646389126777649,-0.028618333861231804,0.5347759127616882,0.4486858546733856,-0.059088755398988724,0.530110776424408,0.3728230595588684,-0.08798322826623917,0.5296586751937866,0.30585819482803345,-0.1100316122174263,0.6031705737113953,0.5397868156433105,-0.033340681344270706,0.5894899368286133,0.4123263359069824,-0.058276232331991196,0.5871267914772034,0.3308822810649872,-0.08168294280767441,0.5888184905052185,0.255388081073761,-0.0995272696018219,0.6523013710975647,0.5432475209236145,-0.0441695936024189,0.6376590132713318,0.423226922750473,-0.06700397282838821,0.6345741748809814,0.34613022208213806,-0.08130079507827759,0.6354758143424988,0.27893730998039246,-0.09214232861995697,0.7061774134635925,0.5708999037742615,-0.059752535074949265,0.6936705112457275,0.4756735563278198,-0.07786159217357635,0.6867777109146118,0.41606956720352173,-0.08350570499897003,0.6816061735153198,0.361946702003479,-0.0877445712685585,hello
0.8137884140014648,0.8698006272315979,6.263550176299759e-07,0.7379233241081238,0.8190844655036926,-0.029080096632242203,0.7045842409133911,0.7321839928627014,-0.0466141477227211,0.7379448413848877,0.6678577661514282,-0.06427344679832458,0.7854107618331909,0.6479402780532837,-0.08245088905096054,0.7072951197624207,0.5932095050811768,-0.016995735466480255,0.7051636576652527,0.46213483810424805,-0.04012726619839668,0.7057764530181885,0.3833059072494507,-0.06301045417785645,0.7072227597236633,0.31663089990615845,-0.08033542335033417,0.759999692440033,0.570362389087677,-0.023358048871159554,0.757625162601471,0.4273081123828888,-0.038985107094049454,0.7560169100761414,0.33856847882270813,-0.05968429520726204,0.7546541690826416,0.26369327306747437,-0.07628214359283447,0.8098505735397339,0.5720986723899841,-0.03445533663034439,0.8128563761711121,0.4382895827293396,-0.04728030785918236,0.8148930668830872,0.3573225438594818,-0.06172337383031845,0.8159065246582031,0.29201439023017883,-0.07355203479528427,0.859335720539093,0.5943666100502014,-0.049615759402513504,0.8611166477203369,0.4971682131290436,-0.05713292211294174,0.8589114546775818,0.43305152654647827,-0.058226488530635834,0.8546026945114136,0.37925249338150024,-0.06054796278476715,hello
0.7753124237060547,0.875423789024353,6.577295152965235e-07,0.6965516805648804,0.828317403793335,-0.028933057561516762,0.6586501598358154,0.7254815697669983,-0.04135004058480263,0.6769506931304932,0.6401342153549194,-0.05277586728334427,0.7054728865623474,0.6063259243965149,-0.06364510953426361,0.6536039710044861,0.6017395257949829,-0.0092584528028965,0.6481317281723022,0.4851151704788208,-0.029795411974191666,0.6435577869415283,0.41148316860198975,-0.051301319152116776,0.6400489211082458,0.3482872247695923,-0.06843145936727524,0.7042559385299683,0.5820133090019226,-0.013998430222272873,0.6991273164749146,0.45165520906448364,-0.03001738339662552,0.6978827118873596,0.367972195148468,-0.04965592175722122,0.6962491273880005,0.29423490166664124,-0.06559398770332336,0.7518596053123474,0.5887013077735901,-0.024236056953668594,0.7490009665489197,0.46970775723457336,-0.041346292942762375,0.7488963007926941,0.3906102180480957,-0.055402763187885284,0.7476682662963867,0.3231881260871887,-0.06680310517549515,0.8008524179458618,0.6125745177268982,-0.03829813376069069,0.7976507544517517,0.5262820720672607,-0.05195266753435135,0.7928329110145569,0.4686252176761627,-0.05631348490715027,0.7867226600646973,0.41643399000167847,-0.06089064106345177,hello
0.6704363226890564,0.8824001550674438,7.240774948513717e-07,0.5904514789581299,0.8657196760177612,-0.03539999574422836,0.531531810760498,0.7924540638923645,-0.055334679782390594,0.5372961759567261,0.7029566168785095,-0.07348832488059998,0.5722833275794983,0.6559218764305115,-0.09186094999313354,0.516489565372467,0.6182137131690979,-0.028124958276748657,0.49149253964424133,0.49417197704315186,-0.0532248429954052,0.4811597466468811,0.41533780097961426,-0.0771084576845169,0.4745493233203888,0.3457126319408417,-0.0963098406791687,0.5624659061431885,0.5862663388252258,-0.03366245701909065,0.5381171107292175,0.44544321298599243,-0.05391311272978783,0.5271940231323242,0.35500362515449524,-0.07589231431484222,0.5185294151306152,0.27609068155288696,-0.09390560537576675,0.610588550567627,0.5826701521873474,-0.04451635107398033,0.5935671329498291,0.44854193925857544,-0.06386607885360718,0.585824728012085,0.3631950616836548,-0.08245138823986053,0.5788521766662598,0.28802019357681274,-0.09787013381719589,0.6621458530426025,0.5997592210769653,-0.059703901410102844,0.6504950523376465,0.498271644115448,-0.07691984623670578,0.6413525938987732,0.4312930107116699,-0.08667778223752975,0.6320828795433044,0.36920204758644104,-0.0955306887626648,hello
0.6974356174468994,0.8828659653663635,4.946381864101568e-07,0.614203691482544,0.8496897220611572,-0.036980222910642624,0.5675206184387207,0.7580921053886414,-0.058524709194898605,0.5733042359352112,0.6697426438331604,-0.07874029129743576,0.5893760323524475,0.6148853302001953,-0.09839913249015808,0.5653120279312134,0.5994803309440613,-0.0238585714250803,0.5445916652679443,0.4851570129394531,-0.05827804282307625,0.5324397683143616,0.40805256366729736,-0.09129533171653748,0.5257887840270996,0.338594913482666,-0.11583669483661652,0.6107801198959351,0.5716321468353271,-0.02973049506545067,0.5897417664527893,0.4476815164089203,-0.059549275785684586,0.5780676007270813,0.3663060665130615,-0.08788647502660751,0.5679380893707275,0.29196253418922424,-0.10876262187957764,0.6579333543777466,0.5695978403091431,-0.041734643280506134,0.6392874717712402,0.4561416804790497,-0.06941184401512146,0.6284216642379761,0.3831826448440552,-0.08488738536834717,0.6161962747573853,0.31877270340919495,-0.0959055945277214,0.7107796669006348,0.5892847776412964,-0.058640819042921066,0.695178210735321,0.5032078623771667,-0.07962128520011902,0.6800882816314697,0.4484063386917114,-0.08497197926044464,0.6608161926269531,0.40021026134490967,-0.08896694332361221,hello
0.7399721145629883,0.8644019365310669,7.608218766108621e-07,0.666892409324646,0.8444201350212097,-0.057844728231430054,0.620342493057251,0.7732873558998108,-0.08972495049238205,0.6372791528701782,0.6891947984695435,-0.114958755671978,0.6766858696937561,0.6367582082748413,-0.13734474778175354,0.5953230261802673,0.6031534075737,-0.04286402463912964,0.5805778503417969,0.4881858825683594,-0.07759815454483032,0.5788127779960632,0.4078817367553711,-0.11059373617172241,0.5818367004394531,0.3390304446220398,-0.13570262491703033,0.6432432532310486,0.5775191783905029,-0.03759364038705826,0.6296448111534119,0.4531029462814331,-0.06780567765235901,0.6342648863792419,0.37294143438339233,-0.09667481482028961,0.6392046213150024,0.29481449723243713,-0.1187426745891571,0.6915411949157715,0.5763677358627319,-0.039535004645586014,0.6815558671951294,0.4658229351043701,-0.06738732755184174,0.6893110871315002,0.3963093161582947,-0.08356474339962006,0.7003465294837952,0.3339217007160187,-0.09530968219041824,0.7454115748405457,0.5936685800552368,-0.0478706993162632,0.7334534525871277,0.510480523109436,-0.06747395545244217,0.7332431077957153,0.45549723505973816,-0.07356756180524826,0.7343238592147827,0.4043305814266205,-0.07880930602550507,hello
0.8092527389526367,0.853454053401947,6.399117751243466e-07,0.735561192035675,0.8127608299255371,-0.03187425807118416,0.6948742866516113,0.7335841655731201,-0.049417272210121155,0.7129796147346497,0.6525786519050598,-0.06534674018621445,0.7473239898681641,0.5984664559364319,-0.08082053810358047,0.6922131776809692,0.591410756111145,-0.02130298689007759,0.681022047996521,0.46801310777664185,-0.044978030025959015,0.6798540949821472,0.39110562205314636,-0.0670650526881218,0.682262659072876,0.32594937086105347,-0.08342015743255615,0.7403455972671509,0.5636909604072571,-0.02493542619049549,0.7333387136459351,0.4232170581817627,-0.041611265391111374,0.7318432927131653,0.3406207859516144,-0.06089893355965614,0.730782687664032,0.2709047794342041,-0.07626967877149582,0.7866473197937012,0.5625572204589844,-0.03353048115968704,0.7846609354019165,0.4347214102745056,-0.04830412194132805,0.7832155823707581,0.3580915331840515,-0.06213485077023506,0.7812964916229248,0.2947733700275421,-0.07377897948026657,0.8357549905776978,0.5825626254081726,-0.04617137089371681,0.8359912037849426,0.48682063817977905,-0.05693737789988518,0.8329821825027466,0.42590564489364624,-0.06065240129828453,0.8273752927780151,0.3733276128768921,-0.06479362398386002,hello
0.7489030957221985,0.8518325090408325,8.204160621971823e-07,0.6778649687767029,0.8357409238815308,-0.06776736676692963,0.6318643689155579,0.7688169479370117,-0.10547793656587601,0.64287930727005,0.6865782737731934,-0.13388095796108246,0.6691926717758179,0.6405506134033203,-0.15987806022167206,0.6178039908409119,0.5867581367492676,-0.059031881392002106,0.6116189360618591,0.47839629650115967,-0.09913424402475357,0.6142374277114868,0.3974454998970032,-0.13510558009147644,0.6200024485588074,0.32940948009490967,-0.1610669046640396,0.667334794998169,0.556662917137146,-0.049237776547670364,0.6615575551986694,0.4378546476364136,-0.08142338693141937,0.6677849292755127,0.357824444770813,-0.10827318578958511,0.6728692650794983,0.28303444385528564,-0.12844064831733704,0.7144287824630737,0.5548520684242249,-0.047406263649463654,0.7100201845169067,0.4477277398109436,-0.07527651637792587,0.7140040993690491,0.37517213821411133,-0.08942767232656479,0.7180944681167603,0.3094303607940674,-0.1001160740852356,0.7642782330513,0.5744960904121399,-0.05297026038169861,0.7584356069564819,0.49349385499954224,-0.07294530421495438,0.7566404342651367,0.44006839394569397,-0.07874259352684021,0.753595769405365,0.3937298059463501,-0.0833851546049118,hello
0.6405492424964905,0.8790407776832581,6.589356189579121e-07,0.5616616606712341,0.8513628244400024,-0.03693002462387085,0.5050910115242004,0.7696852684020996,-0.058908626437187195,0.5207776427268982,0.6798174381256104,-0.07959706336259842,0.5633324980735779,0.62940514087677,-0.10056252032518387,0.5076021552085876,0.5883007645606995,-0.02578010782599449,0.48933613300323486,0.4751218855381012,-0.056219227612018585,0.47855114936828613,0.3981790542602539,-0.08543573319911957,0.4722604751586914,0.3324797451496124,-0.10808588564395905,0.5524212121963501,0.5657482743263245,-0.03231700509786606,0.5371052622795105,0.4390397071838379,-0.05933837965130806,0.5304433107376099,0.3541003167629242,-0.0841103047132492,0.5261067152023315,0.2798832952976227,-0.1023096889257431,0.6003472208976746,0.5681641697883606,-0.045219771564006805,0.5825640559196472,0.4493459463119507,-0.07016458362340927,0.5757249593734741,0.37022751569747925,-0.08702947944402695,0.5712615251541138,0.300248920917511,-0.09936642646789551,0.6538747549057007,0.5917292833328247,-0.06310529261827469,0.6408411860466003,0.4982635974884033,-0.08353257924318314,0.6335536241531372,0.4364809989929199,-0.09222371876239777,0.6273041367530823,0.3802635669708252,-0.09886918216943741,hello
0.5979962944984436,0.872651994228363,6.845491498097545e-07,0.5154253244400024,0.8676659464836121,-0.03813694417476654,0.4457377791404724,0.7972496151924133,-0.05855622515082359,0.44938910007476807,0.7030158638954163,-0.07644900679588318,0.4887066185474396,0.6484310626983643,-0.09400120377540588,0.4376567006111145,0.6181382536888123,-0.030694257467985153,0.4069337248802185,0.4999372065067291,-0.056502558290958405,0.3933655619621277,0.4257362484931946,-0.0802321508526802,0.38485008478164673,0.3613397181034088,-0.09901751577854156,0.47997817397117615,0.5873039960861206,-0.03412666916847229,0.44846463203430176,0.4530705213546753,-0.05475684627890587,0.4346578121185303,0.36679914593696594,-0.0744362398982048,0.42625892162323,0.2938142418861389,-0.08999857306480408,0.5260052680969238,0.5848075747489929,-0.043367888778448105,0.5013226270675659,0.45474469661712646,-0.06338518112897873,0.4894171357154846,0.3724566102027893,-0.07977240532636642,0.48121264576911926,0.300792932510376,-0.09295206516981125,0.57801353931427,0.6024880409240723,-0.05719081312417984,0.5595648288726807,0.5072169899940491,-0.07531174272298813,0.5462878942489624,0.4439883828163147,-0.08447165042161942,0.5354834198951721,0.3855447769165039,-0.0921480655670166,hello
0.6421196460723877,0.869181752204895,5.373326530389022e-07,0.5579077005386353,0.8429012298583984,-0.03454436734318733,0.4984246790409088,0.7691988945007324,-0.057899557054042816,0.49609893560409546,0.6858411431312561,-0.08096588402986526,0.5290578603744507,0.6382368206977844,-0.10476938635110855,0.5063249468803406,0.5948907136917114,-0.028281433507800102,0.48614072799682617,0.48107054829597473,-0.060730911791324615,0.4716540575027466,0.4057376980781555,-0.09050353616476059,0.4626527428627014,0.34003740549087524,-0.1129935085773468,0.5509544014930725,0.5745252370834351,-0.0362975038588047,0.5296108722686768,0.45090609788894653,-0.06643988192081451,0.5172029137611389,0.3691338300704956,-0.09199043363332748,0.5081331729888916,0.2991550862789154,-0.11039726436138153,0.5980656147003174,0.5726554989814758,-0.04996617138385773,0.5797291994094849,0.4564060568809509,-0.07806849479675293,0.5723750591278076,0.3851351737976074,-0.09189356863498688,0.5678835511207581,0.3257642388343811,-0.10052763670682907,0.6501151323318481,0.5867341160774231,-0.0683763325214386,0.6369224786758423,0.4881581664085388,-0.08899937570095062,0.6298950910568237,0.423046350479126,-0.09420301765203476,0.6235379576683044,0.3670767545700073,-0.09769036620855331,hello
0.7645739316940308,0.8513904213905334,4.4077114580431953e-07,0.6882848739624023,0.819125771522522,-0.034525927156209946,0.6402875185012817,0.7260786294937134,-0.05241808667778969,0.6569183468818665,0.6396722197532654,-0.06870545446872711,0.6982014179229736,0.5990289449691772,-0.08508974313735962,0.6516037583351135,0.5654640197753906,-0.02291366271674633,0.647757351398468,0.4506939649581909,-0.04919281229376793,0.6459482908248901,0.3767111897468567,-0.0742468610405922,0.6446321606636047,0.3126964867115021,-0.09409692138433456,0.7025078535079956,0.5438013076782227,-0.02836068719625473,0.6998752951622009,0.41220593452453613,-0.0501045361161232,0.6992227435112,0.3312388062477112,-0.07028830051422119,0.6971355080604553,0.260833740234375,-0.08546999096870422,0.7526028752326965,0.5503155589103699,-0.03938860073685646,0.7454467415809631,0.4268607795238495,-0.06197836622595787,0.7432197332382202,0.3538585901260376,-0.07244223356246948,0.7401523590087891,0.29015910625457764,-0.07955021411180496,0.8053960204124451,0.5778995156288147,-0.05478497967123985,0.7935658693313599,0.48306360840797424,-0.07292146980762482,0.7861886024475098,0.4213936924934387,-0.0750938430428505,0.7771995663642883,0.36688804626464844,-0.07655835151672363,hello
0.24576157331466675,0.8169928789138794,4.4275884647504427e-07,0.32113975286483765,0.7703889012336731,-0.029757270589470863,0.36869487166404724,0.6640206575393677,-0.034210510551929474,0.3326341211795807,0.577727735042572,-0.03695287927985191,0.2721964120864868,0.5715750455856323,-0.03941380977630615,0.3585321605205536,0.5420240163803101,-0.0026106552686542273,0.37462562322616577,0.43687188625335693,-0.01572907157242298,0.3797016143798828,0.36826616525650024,-0.031783174723386765,0.3825351893901825,0.3081132173538208,-0.04561625048518181,0.315277636051178,0.5205672383308411,-0.004875927232205868,0.33057981729507446,0.39976078271865845,-0.016106583178043365,0.33973759412765503,0.31560218334198,-0.03337658941745758,0.34678903222084045,0.24598723649978638,-0.046944525092840195,0.27304714918136597,0.5242874026298523,-0.012568922713398933,0.2842831313610077,0.4058586657047272,-0.027660584077239037,0.2932286560535431,0.3256431519985199,-0.04670645296573639,0.29760128259658813,0.26095569133758545,-0.059541888535022736,0.22857755422592163,0.5464408993721008,-0.023905307054519653,0.24054449796676636,0.45406976342201233,-0.03774603456258774,0.2493298351764679,0.39242953062057495,-0.04681272432208061,0.25401777029037476,0.3388634920120239,-0.05394429713487625,hello
0.2695940434932709,0.8282821178436279,4.124406700611871e-07,0.34614646434783936,0.7914890050888062,-0.030821124091744423,0.40131187438964844,0.6951448917388916,-0.03637969121336937,0.37728646397590637,0.6020779609680176,-0.0403454452753067,0.3192560374736786,0.5789717435836792,-0.043986137956380844,0.39698147773742676,0.5558986663818359,-0.0005980644491501153,0.41608327627182007,0.44761335849761963,-0.014652983285486698,0.42137300968170166,0.3773605525493622,-0.032216835767030716,0.4240976870059967,0.3168797492980957,-0.04720311611890793,0.35554659366607666,0.5330241322517395,-0.002534272614866495,0.37650609016418457,0.4170460104942322,-0.015437182039022446,0.38549691438674927,0.3370797038078308,-0.035259466618299484,0.3899216651916504,0.2719745934009552,-0.050953127443790436,0.313122421503067,0.5334149599075317,-0.010224253870546818,0.3297432065010071,0.4212476313114166,-0.02665792964398861,0.3395819365978241,0.34665030241012573,-0.04602443054318428,0.3427303433418274,0.28716185688972473,-0.059546586126089096,0.2657797932624817,0.5523552894592285,-0.021668128669261932,0.28207719326019287,0.46597570180892944,-0.03717149794101715,0.292169988155365,0.40860652923583984,-0.047164466232061386,0.2981364130973816,0.3576815128326416,-0.05494407191872597,hello
0.35523349046707153,0.8788179755210876,3.230517791052989e-07,0.43012362718582153,0.8526230454444885,-0.023827308788895607,0.48923778533935547,0.7704563736915588,-0.02921656332910061,0.4802199602127075,0.6906351447105408,-0.035587508231401443,0.43617480993270874,0.654291570186615,-0.04194745048880577,0.5050642490386963,0.6314877867698669,0.005407744087278843,0.5340064764022827,0.5306960344314575,-0.012497931718826294,0.5478734970092773,0.46176275610923767,-0.03158741071820259,0.5562219619750977,0.40400585532188416,-0.046188268810510635,0.46904176473617554,0.6054038405418396,-0.001176271354779601,0.5042688250541687,0.5008415579795837,-0.017961030825972557,0.5219991207122803,0.42595919966697693,-0.03801877796649933,0.5356189608573914,0.36291176080703735,-0.05234202742576599,0.4282985329627991,0.5996718406677246,-0.013719849288463593,0.4641624093055725,0.4983975291252136,-0.032836634665727615,0.4840240478515625,0.4289602041244507,-0.050058651715517044,0.4986308217048645,0.36746078729629517,-0.06136908009648323,0.37996891140937805,0.6085937023162842,-0.029447080567479134,0.4132877588272095,0.5315656661987305,-0.045510485768318176,0.43048274517059326,0.48101022839546204,-0.052630312740802765,0.4443517327308655,0.4302175045013428,-0.05775439366698265,hello
0.3736000657081604,0.8782523274421692,3.261320387082378e-07,0.45217952132225037,0.8642480373382568,-0.01828596740961075,0.5188798904418945,0.7934651970863342,-0.020746424794197083,0.5221275687217712,0.7118809819221497,-0.024017333984375,0.47642624378204346,0.6827051639556885,-0.028270963579416275,0.5327106714248657,0.660645067691803,0.002772189909592271,0.5663772225379944,0.5749130249023438,-0.00914392713457346,0.5825544595718384,0.5175530910491943,-0.024628350511193275,0.5953356027603149,0.4633861184120178,-0.03822264447808266,0.5032446980476379,0.6316981315612793,-0.005961646791547537,0.5411543846130371,0.5281156897544861,-0.017227699980139732,0.5652725696563721,0.45507383346557617,-0.03411754593253136,0.5840561985969543,0.38854461908340454,-0.04743662476539612,0.4665393829345703,0.6253915429115295,-0.01894558221101761,0.49961215257644653,0.520598828792572,-0.03520891070365906,0.5193729996681213,0.4481353163719177,-0.05303236097097397,0.5334162712097168,0.383056104183197,-0.06495977938175201,0.42086270451545715,0.6342532634735107,-0.03431062772870064,0.448513001203537,0.5520102977752686,-0.0501328781247139,0.4678601324558258,0.4972940981388092,-0.059197187423706055,0.4834109842777252,0.44555044174194336,-0.06601276993751526,hello
0.20297685265541077,0.8024729490280151,4.3463887777761556e-07,0.2869659960269928,0.7808923721313477,-0.03580526262521744,0.35438358783721924,0.7013856172561646,-0.04736532270908356,0.3648483157157898,0.6143849492073059,-0.05628242343664169,0.31867966055870056,0.5988028645515442,-0.06493619084358215,0.31394392251968384,0.5227843523025513,-0.01418556459248066,0.3206374943256378,0.41778475046157837,-0.030392013490200043,0.3164072632789612,0.3510420322418213,-0.04955035075545311,0.31156212091445923,0.29215312004089355,-0.06532898545265198,0.26601728796958923,0.5016308426856995,-0.013738295994699001,0.27176615595817566,0.37913888692855835,-0.026901690289378166,0.2742527723312378,0.30068591237068176,-0.04517633467912674,0.2757936120033264,0.23524615168571472,-0.05970252677798271,0.21976451575756073,0.5062811374664307,-0.018241170793771744,0.22344474494457245,0.39163661003112793,-0.03258109092712402,0.22848257422447205,0.31844615936279297,-0.04850146919488907,0.2315368950366974,0.25775739550590515,-0.06002524122595787,0.1717759072780609,0.5330085754394531,-0.027084816247224808,0.17512556910514832,0.44065749645233154,-0.04020574316382408,0.17823010683059692,0.3823412358760834,-0.04786223918199539,0.18081796169281006,0.3311454951763153,-0.05371737480163574,hello
0.14959654211997986,0.7792713046073914,4.1600574718358985e-07,0.23608671128749847,0.7609650492668152,-0.03271542116999626,0.30256032943725586,0.682351291179657,-0.04039545729756355,0.3081205487251282,0.5956491827964783,-0.045539774000644684,0.2616170346736908,0.5806326866149902,-0.05011001229286194,0.2639256417751312,0.5030903220176697,-0.005337176378816366,0.2744266986846924,0.4013780355453491,-0.016719210892915726,0.2736106812953949,0.3384372293949127,-0.032911986112594604,0.2711305022239685,0.2848872244358063,-0.04646971821784973,0.21710121631622314,0.48136061429977417,-0.0037964798975735903,0.22834090888500214,0.36566805839538574,-0.011393597349524498,0.23281222581863403,0.29278573393821716,-0.027113784104585648,0.23425625264644623,0.2341296374797821,-0.0402609221637249,0.1719815731048584,0.48441457748413086,-0.007171369157731533,0.18069374561309814,0.37714242935180664,-0.016390537843108177,0.1879306137561798,0.3097727298736572,-0.030981039628386497,0.19114919006824493,0.25593456625938416,-0.04221450164914131,0.12334854155778885,0.5092846155166626,-0.01462185475975275,0.1298503577709198,0.4222259521484375,-0.022983644157648087,0.13592872023582458,0.3697783946990967,-0.02875000424683094,0.1404021978378296,0.3254982829093933,-0.03378926217556,hello
0.14799156785011292,0.7881278395652771,4.036179745980917e-07,0.23353125154972076,0.7669580578804016,-0.03657737746834755,0.3030465245246887,0.6878794431686401,-0.04581426829099655,0.30662989616394043,0.5992559790611267,-0.05196890980005264,0.25564053654670715,0.5825649499893188,-0.05728479474782944,0.2592778205871582,0.5098137855529785,-0.00737064890563488,0.268996924161911,0.4065907597541809,-0.020390717312693596,0.26540666818618774,0.3427257239818573,-0.03856286033987999,0.26102539896965027,0.28666189312934875,-0.05363152548670769,0.21109093725681305,0.48826703429222107,-0.0045065004378557205,0.22008809447288513,0.3708837628364563,-0.014028847217559814,0.22284835577011108,0.2955552935600281,-0.032109394669532776,0.22303085029125214,0.23400986194610596,-0.04701782017946243,0.16627958416938782,0.4908706545829773,-0.0069054230116307735,0.1732233315706253,0.3811389207839966,-0.017616767436265945,0.17911000549793243,0.3128548264503479,-0.033153776079416275,0.18078535795211792,0.25898516178131104,-0.04475042596459389,0.11946160346269608,0.5145586729049683,-0.013847329653799534,0.12430939823389053,0.4242224097251892,-0.022854268550872803,0.12890386581420898,0.36871540546417236,-0.028924550861120224,0.1324044167995453,0.3211970031261444,-0.03413141146302223,hello
0.24675826728343964,0.8440306186676025,4.7239379341590393e-07,0.3179830312728882,0.8132560849189758,-0.03872418403625488,0.3607805669307709,0.7472830414772034,-0.058610644191503525,0.36987146735191345,0.6898320317268372,-0.07702164351940155,0.385500431060791,0.6570678353309631,-0.09533240646123886,0.34057796001434326,0.5649459362030029,-0.025928864255547523,0.3563006520271301,0.45171594619750977,-0.051603879779577255,0.3576520085334778,0.3809434771537781,-0.07463990151882172,0.3547930419445038,0.32023558020591736,-0.09146831184625626,0.29795387387275696,0.5517392158508301,-0.026978055015206337,0.31218189001083374,0.4276887774467468,-0.05101758986711502,0.3145415484905243,0.3494052290916443,-0.07472041994333267,0.3138054609298706,0.2868822515010834,-0.09147415310144424,0.2547374367713928,0.5602608323097229,-0.033376358449459076,0.261653333902359,0.44293326139450073,-0.056042831391096115,0.2653574049472809,0.37080276012420654,-0.07462329417467117,0.26627928018569946,0.3144177794456482,-0.08655532449483871,0.2083725780248642,0.5869618058204651,-0.04379865154623985,0.2142869532108307,0.4931827485561371,-0.06306108832359314,0.21848298609256744,0.43428051471710205,-0.0721321776509285,0.22193235158920288,0.3843383193016052,-0.07748235762119293,hello
0.3131542503833771,0.8643661141395569,3.3621680017859035e-07,0.3921756148338318,0.8370564579963684,-0.032328467816114426,0.457173228263855,0.7613798379898071,-0.044041238725185394,0.4927210211753845,0.6922407746315002,-0.055355317890644073,0.5227758288383484,0.6379963159561157,-0.06592687964439392,0.42619043588638306,0.5955687761306763,-0.008233611471951008,0.4420831501483917,0.49196958541870117,-0.030484147369861603,0.44510093331336975,0.4260055422782898,-0.052876066416502,0.4451739192008972,0.3681444823741913,-0.06933201849460602,0.3812142312526703,0.5733023881912231,-0.009874751791357994,0.3955998420715332,0.46005484461784363,-0.03055131435394287,0.4007195234298706,0.3856579065322876,-0.05310147628188133,0.4023090600967407,0.32430848479270935,-0.06924233585596085,0.3355485796928406,0.5725423693656921,-0.017431871965527534,0.34652966260910034,0.46277916431427,-0.03876359760761261,0.35225749015808105,0.39247190952301025,-0.055318791419267654,0.35344353318214417,0.334724098443985,-0.06595345586538315,0.2881953716278076,0.5924856066703796,-0.02871701680123806,0.2958407700061798,0.5041663646697998,-0.04813616722822189,0.2986903786659241,0.44730257987976074,-0.05665794014930725,0.2998672127723694,0.39667028188705444,-0.06126752495765686,hello
0.35284286737442017,0.8770055174827576,3.844731679691904e-07,0.42868155241012573,0.8606600165367126,-0.03670215979218483,0.4995151162147522,0.7945046424865723,-0.052202120423316956,0.5383350849151611,0.7269853949546814,-0.0659063532948494,0.5536866188049316,0.6544779539108276,-0.07865460216999054,0.48740923404693604,0.6265802979469299,-0.017115797847509384,0.515884518623352,0.5321617126464844,-0.04743746295571327,0.5247665643692017,0.47569215297698975,-0.07546693831682205,0.5287526845932007,0.4246164858341217,-0.09451571106910706,0.44716137647628784,0.6019869446754456,-0.018708163872361183,0.4726337790489197,0.4923185110092163,-0.04625977575778961,0.48217880725860596,0.418154239654541,-0.07287679612636566,0.4890965521335602,0.353887140750885,-0.09122451394796371,0.401605486869812,0.5982062816619873,-0.026697205379605293,0.424286812543869,0.49040764570236206,-0.054482340812683105,0.43613100051879883,0.42034727334976196,-0.07299000024795532,0.4461747109889984,0.35867083072662354,-0.08427225053310394,0.34966394305229187,0.6133323907852173,-0.03847050294280052,0.37110400199890137,0.5318877696990967,-0.0638854131102562,0.38351404666900635,0.475801944732666,-0.07495369017124176,0.3957400619983673,0.42419004440307617,-0.08094502985477448,hello
0.35627925395965576,0.8730642199516296,4.776495075020648e-07,0.4361685514450073,0.8571893572807312,-0.040521442890167236,0.5113843083381653,0.7880823016166687,-0.05760049819946289,0.5532734394073486,0.7165883183479309,-0.07219187170267105,0.5652542114257812,0.6405394077301025,-0.08592335879802704,0.487958699464798,0.6250207424163818,-0.020428381860256195,0.5181314945220947,0.5331066846847534,-0.05309988930821419,0.5298341512680054,0.47819215059280396,-0.082993283867836,0.5375971794128418,0.43112683296203613,-0.10287437587976456,0.446402907371521,0.5993118286132812,-0.019872939214110374,0.46913453936576843,0.4898461103439331,-0.048760730773210526,0.47773277759552,0.41572141647338867,-0.07689686864614487,0.48641154170036316,0.3507668673992157,-0.09639639407396317,0.40103134512901306,0.5953685641288757,-0.025957314297556877,0.42530113458633423,0.4885324239730835,-0.055527981370687485,0.4368630051612854,0.41974180936813354,-0.07512901723384857,0.44756487011909485,0.3587222993373871,-0.08700554817914963,0.3502013683319092,0.6123824715614319,-0.035905152559280396,0.3719792366027832,0.5346537828445435,-0.06246368587017059,0.3861043453216553,0.48219960927963257,-0.07395272701978683,0.4005586802959442,0.4323151111602783,-0.08016960322856903,hello
0.21683518588542938,0.8394798040390015,5.562744149756327e-07,0.2921319901943207,0.8136873245239258,-0.044371265918016434,0.3475479185581207,0.7565546631813049,-0.06616275012493134,0.35538250207901,0.6917605996131897,-0.08482269942760468,0.33883512020111084,0.6533545255661011,-0.10264499485492706,0.32131651043891907,0.5691478252410889,-0.027747049927711487,0.338107705116272,0.46504318714141846,-0.05582951009273529,0.3419705629348755,0.39980679750442505,-0.08185474574565887,0.3433862328529358,0.3435049057006836,-0.10033741593360901,0.2788991928100586,0.5481612086296082,-0.02607567049562931,0.29376062750816345,0.4278319478034973,-0.05134283006191254,0.30026692152023315,0.34646186232566833,-0.076158307492733,0.30524998903274536,0.278261661529541,-0.09372416138648987,0.23522943258285522,0.5506468415260315,-0.030542634427547455,0.24482044577598572,0.4345170259475708,-0.05434834212064743,0.25323915481567383,0.35968685150146484,-0.07408465445041656,0.2595803141593933,0.29783281683921814,-0.08671686798334122,0.1867390125989914,0.5739527940750122,-0.03964158892631531,0.19369836151599884,0.485870361328125,-0.06047753617167473,0.20002925395965576,0.4265446662902832,-0.07175545394420624,0.20601367950439453,0.3731987178325653,-0.07848699390888214,hello
0.13733524084091187,0.8176476359367371,4.426229622822575e-07,0.21691839396953583,0.7945190072059631,-0.03660596162080765,0.2784978747367859,0.7177417874336243,-0.04944286867976189,0.28057923913002014,0.637589693069458,-0.059448204934597015,0.24052666127681732,0.622211217880249,-0.06932265311479568,0.2365673929452896,0.5372400283813477,-0.017117101699113846,0.2459152489900589,0.4337427020072937,-0.035273533314466476,0.2470770925283432,0.369429349899292,-0.05524040013551712,0.24900150299072266,0.31474825739860535,-0.07098187506198883,0.1919698268175125,0.5183864235877991,-0.01589237153530121,0.19929352402687073,0.39907360076904297,-0.03184551000595093,0.2043755203485489,0.3213665187358856,-0.05124007165431976,0.20955123007297516,0.2580382227897644,-0.06616491079330444,0.14942646026611328,0.5244637131690979,-0.019652731716632843,0.15045985579490662,0.4138982892036438,-0.035948097705841064,0.15895560383796692,0.342668741941452,-0.052273739129304886,0.1671014279127121,0.2864764332771301,-0.06380245834589005,0.10483307391405106,0.5520938038825989,-0.027631273493170738,0.1042560562491417,0.4649668037891388,-0.041231971234083176,0.10856541246175766,0.4082387685775757,-0.04891050234436989,0.11318501830101013,0.3606608211994171,-0.054721467196941376,hello
0.11479924619197845,0.8210078477859497,4.1092727087743697e-07,0.20278017222881317,0.7897517085075378,-0.034698959439992905,0.26845288276672363,0.7015650272369385,-0.04269968345761299,0.26130712032318115,0.6160067915916443,-0.04794291406869888,0.2084258794784546,0.6128078103065491,-0.052403613924980164,0.21454140543937683,0.5265901684761047,-0.006444278638809919,0.21963827311992645,0.41831254959106445,-0.0182845089584589,0.21351313591003418,0.35139405727386475,-0.0352354422211647,0.20730257034301758,0.294216126203537,-0.04983943700790405,0.16440525650978088,0.5081289410591125,-0.0046063382178545,0.16733212769031525,0.3860962688922882,-0.013391616754233837,0.1680680811405182,0.3080117106437683,-0.030692296102643013,0.1669192910194397,0.2459418773651123,-0.0450066477060318,0.11977416276931763,0.5155879259109497,-0.007784852758049965,0.11832588911056519,0.40178000926971436,-0.018260132521390915,0.12145507335662842,0.3301711082458496,-0.03439377620816231,0.12155430018901825,0.2749579846858978,-0.04648355022072792,0.07532474398612976,0.5463313460350037,-0.015308264642953873,0.07064226269721985,0.45465612411499023,-0.024592509493231773,0.07146099209785461,0.3965890407562256,-0.03134066238999367,0.07158592343330383,0.34776994585990906,-0.03711473569273949,hello
0.16056011617183685,0.8319729566574097,4.833265165871126e-07,0.23651890456676483,0.8024584054946899,-0.039576467126607895,0.28477418422698975,0.7251816987991333,-0.056442223489284515,0.2864620089530945,0.6498006582260132,-0.07054068148136139,0.2547251284122467,0.6281490325927734,-0.08416170626878738,0.23975758254528046,0.5406808853149414,-0.02316940203309059,0.2458597868680954,0.4335971772670746,-0.045901548117399216,0.24417763948440552,0.3679446876049042,-0.06859377771615982,0.2406463623046875,0.3109480142593384,-0.08557435125112534,0.19554686546325684,0.5251268148422241,-0.021607644855976105,0.2008090317249298,0.40350788831710815,-0.04150063917040825,0.20136681199073792,0.3237324655056,-0.062327656894922256,0.20038478076457977,0.2575295865535736,-0.07780294865369797,0.15244624018669128,0.5338253974914551,-0.025448845699429512,0.15157927572727203,0.42096662521362305,-0.044212568551301956,0.15542879700660706,0.34850093722343445,-0.06076599285006523,0.1577681303024292,0.2907819151878357,-0.07195914536714554,0.10773636400699615,0.5629379153251648,-0.033797845244407654,0.104701466858387,0.4746913015842438,-0.04937150329351425,0.10533840209245682,0.4159102439880371,-0.05791330337524414,0.10623334348201752,0.3670971989631653,-0.0637802928686142,hello
0.3185880482196808,0.8847295641899109,3.741349985375564e-07,0.3976317346096039,0.8681353330612183,-0.02341989427804947,0.4650399088859558,0.7930099964141846,-0.028894977644085884,0.45980021357536316,0.7080777287483215,-0.03447059169411659,0.4115762710571289,0.6844162940979004,-0.04075821116566658,0.47676679491996765,0.6429940462112427,-0.0015732815954834223,0.5087428689002991,0.5499472618103027,-0.0147181935608387,0.5226349830627441,0.4863640367984772,-0.03102956898510456,0.5317623615264893,0.4289766252040863,-0.04524153843522072,0.44039785861968994,0.6121832728385925,-0.008458085358142853,0.4741809070110321,0.5013701915740967,-0.020733296871185303,0.49443167448043823,0.42357295751571655,-0.03868136554956436,0.5080126523971558,0.35533198714256287,-0.05244239792227745,0.39915841817855835,0.6071352362632751,-0.019859807565808296,0.4248009920120239,0.4948134124279022,-0.0357862189412117,0.4409821033477783,0.4194851815700531,-0.054496146738529205,0.4510277509689331,0.3523938059806824,-0.06734553724527359,0.35039663314819336,0.6208357214927673,-0.03417700156569481,0.37123993039131165,0.5340132117271423,-0.04971548169851303,0.38517332077026367,0.47635024785995483,-0.05929134041070938,0.39520084857940674,0.4220895767211914,-0.06646180897951126,hello
0.29822254180908203,0.8647065758705139,4.1060849298446556e-07,0.38078954815864563,0.8429985642433167,-0.023165155202150345,0.44565877318382263,0.7493258118629456,-0.023842956870794296,0.4305705726146698,0.6550641059875488,-0.02436145767569542,0.37450021505355835,0.6353437900543213,-0.024941744282841682,0.45562687516212463,0.6126308441162109,0.005995724815875292,0.48988306522369385,0.515400767326355,-0.003081392962485552,0.504379153251648,0.4506988525390625,-0.01669362001121044,0.5119755268096924,0.3923507332801819,-0.028741415590047836,0.41789108514785767,0.581398606300354,0.0018425958696752787,0.45382457971572876,0.47153276205062866,-0.004613772500306368,0.4750353991985321,0.3955806493759155,-0.018744345754384995,0.48884889483451843,0.332053005695343,-0.030311068519949913,0.37571823596954346,0.575835645198822,-0.007555188145488501,0.40369391441345215,0.4666658639907837,-0.017184840515255928,0.4204326570034027,0.3937099874019623,-0.034419093281030655,0.4300079941749573,0.3315220773220062,-0.04688146337866783,0.3261249363422394,0.5886417031288147,-0.020368732511997223,0.35030287504196167,0.5014493465423584,-0.029683347791433334,0.36396992206573486,0.4421658515930176,-0.03796372190117836,0.3724747896194458,0.3871309757232666,-0.04507394880056381,hello
0.2740446925163269,0.8430685997009277,4.0018815639086824e-07,0.35048407316207886,0.8170261979103088,-0.02151492051780224,0.4043941795825958,0.7242268323898315,-0.024065477773547173,0.3765513300895691,0.6362651586532593,-0.026900609955191612,0.3262594938278198,0.6114169359207153,-0.029997793957591057,0.4199492037296295,0.5939276814460754,0.0007499033818021417,0.4543060064315796,0.4940965175628662,-0.011451475322246552,0.469973623752594,0.43090057373046875,-0.02558809705078602,0.4792894124984741,0.3753182888031006,-0.03727281093597412,0.380852073431015,0.566953182220459,-0.005346780642867088,0.4160462021827698,0.45242035388946533,-0.01540575921535492,0.43648743629455566,0.3738412857055664,-0.03060920722782612,0.45026832818984985,0.3108275532722473,-0.0425884872674942,0.33856669068336487,0.5645369291305542,-0.016294486820697784,0.3656731843948364,0.4486691951751709,-0.029697192832827568,0.38305264711380005,0.3727700114250183,-0.04706598445773125,0.39368996024131775,0.3114618957042694,-0.058911293745040894,0.28999781608581543,0.5794317722320557,-0.03009290248155594,0.31185436248779297,0.48880141973495483,-0.04270617291331291,0.32522034645080566,0.4273233413696289,-0.05139019340276718,0.3344652056694031,0.3720189034938812,-0.05819130316376686,hello
0.25170812010765076,0.8399670124053955,4.777608637596131e-07,0.32596614956855774,0.8033930659294128,-0.02755456417798996,0.36890947818756104,0.7133644223213196,-0.03376983478665352,0.3425372242927551,0.6262634992599487,-0.039837516844272614,0.3023295998573303,0.5906469821929932,-0.045478496700525284,0.38229236006736755,0.5862576961517334,0.0028952602297067642,0.4123325049877167,0.49373185634613037,-0.016292840242385864,0.4292653203010559,0.42590194940567017,-0.037297286093235016,0.4405907988548279,0.3670358955860138,-0.053251881152391434,0.34694361686706543,0.5603939890861511,-4.895922029390931e-05,0.37870126962661743,0.4540235996246338,-0.019171157851815224,0.3994351923465729,0.3764495253562927,-0.039992284029722214,0.4175393581390381,0.30938106775283813,-0.05443701893091202,0.30699458718299866,0.5541467666625977,-0.00937317218631506,0.32869526743888855,0.4479590654373169,-0.0314677357673645,0.34899309277534485,0.3765433728694916,-0.05089504271745682,0.36540499329566956,0.3159879744052887,-0.06220744550228119,0.25853556394577026,0.5616060495376587,-0.022102590650320053,0.28054696321487427,0.47709929943084717,-0.039976801723241806,0.2963827848434448,0.4196282625198364,-0.05047319829463959,0.31131795048713684,0.36686402559280396,-0.0574224479496479,hello
0.14344120025634766,0.8126019239425659,4.29788968858702e-07,0.20768743753433228,0.7522157430648804,-0.024334443733096123,0.26223650574684143,0.6614115834236145,-0.031247470527887344,0.2861696779727936,0.5892086625099182,-0.03854864835739136,0.2925620675086975,0.5225734710693359,-0.04584641382098198,0.2735704779624939,0.5443568825721741,-0.0038320382591336966,0.3023291528224945,0.4575578570365906,-0.029623012989759445,0.31595683097839355,0.389926940202713,-0.056432001292705536,0.3304288983345032,0.3326696753501892,-0.0758914202451706,0.24387744069099426,0.5348219275474548,-0.010588754899799824,0.26837077736854553,0.43339788913726807,-0.03481026738882065,0.2860831022262573,0.3567185401916504,-0.060875054448843,0.30631178617477417,0.29146796464920044,-0.0787518247961998,0.21025675535202026,0.549969494342804,-0.02230958640575409,0.2314091920852661,0.45075851678848267,-0.050257690250873566,0.2485826313495636,0.38509440422058105,-0.06996891647577286,0.26537200808525085,0.33157452940940857,-0.08142592012882233,0.17156252264976501,0.5881328582763672,-0.036967553198337555,0.18665939569473267,0.5187925100326538,-0.0637291744351387,0.1926410049200058,0.4771746098995209,-0.07361046224832535,0.19629603624343872,0.4459654986858368,-0.07780331373214722,hello
0.13838744163513184,0.8189804553985596,4.368691861600382e-07,0.21115058660507202,0.7815854549407959,-0.032170370221138,0.2575663924217224,0.692611575126648,-0.04036302864551544,0.24018198251724243,0.6141181588172913,-0.046759847551584244,0.20072922110557556,0.5805375576019287,-0.05243949592113495,0.25828441977500916,0.5543688535690308,-0.006542251445353031,0.2780083119869232,0.4541868567466736,-0.023344341665506363,0.28713172674179077,0.39161595702171326,-0.041550807654857635,0.29375728964805603,0.3390149474143982,-0.05530209839344025,0.21771755814552307,0.5290990471839905,-0.006992217618972063,0.24020639061927795,0.41306453943252563,-0.021591683849692345,0.2521679997444153,0.33449792861938477,-0.04094093292951584,0.261127769947052,0.2703648507595062,-0.05452071130275726,0.1750773787498474,0.5306130647659302,-0.012925537303090096,0.19124314188957214,0.417743444442749,-0.02979755960404873,0.20107227563858032,0.34388527274131775,-0.04954732954502106,0.2074260115623474,0.2839842736721039,-0.06219564005732536,0.1280292570590973,0.552684485912323,-0.022380201146006584,0.1374501883983612,0.4700165092945099,-0.03801662474870682,0.1446344554424286,0.4131559133529663,-0.048136524856090546,0.1504652053117752,0.36321261525154114,-0.05473003163933754,hello
0.13291746377944946,0.8263154029846191,4.6506329454132356e-07,0.20783641934394836,0.7857013940811157,-0.04163194075226784,0.2520914375782013,0.6993350982666016,-0.054821670055389404,0.22320450842380524,0.6221570372581482,-0.06454453617334366,0.17969399690628052,0.5849142074584961,-0.07284019142389297,0.25028711557388306,0.5579420924186707,-0.01371914241462946,0.26405587792396545,0.4528195559978485,-0.03159958869218826,0.26726067066192627,0.3863542079925537,-0.05093340203166008,0.26933643221855164,0.32924240827560425,-0.06550171226263046,0.20453797280788422,0.532185435295105,-0.009337927214801311,0.21943922340869904,0.4151753783226013,-0.023656008765101433,0.2263948619365692,0.3348875045776367,-0.04352984577417374,0.231251522898674,0.26981157064437866,-0.05790792033076286,0.16050073504447937,0.5336917638778687,-0.01115450169891119,0.17183639109134674,0.4220302104949951,-0.026575621217489243,0.1789502203464508,0.3500577211380005,-0.04620637372136116,0.18272513151168823,0.2930038571357727,-0.05897099897265434,0.11588729172945023,0.5576038956642151,-0.01749413274228573,0.12099975347518921,0.4746990501880646,-0.031189996749162674,0.12457574158906937,0.41912177205085754,-0.040815770626068115,0.12561847269535065,0.37266167998313904,-0.047068797051906586,hello
0.21437186002731323,0.829953134059906,5.451574338621867e-07,0.28673505783081055,0.7950575351715088,-0.04521346092224121,0.3293783366680145,0.7100889086723328,-0.06423739343881607,0.3084932267665863,0.6321717500686646,-0.08008702844381332,0.2690175771713257,0.5848253965377808,-0.09556955099105835,0.32499295473098755,0.5653746724128723,-0.025958776473999023,0.3430666923522949,0.47023576498031616,-0.05690035596489906,0.3501651883125305,0.39953476190567017,-0.08552470803260803,0.35526806116104126,0.33796578645706177,-0.10584357380867004,0.28288185596466064,0.541098415851593,-0.022821912541985512,0.30075547099113464,0.4340272545814514,-0.05144461989402771,0.3137196898460388,0.3564757704734802,-0.0775710865855217,0.32726678252220154,0.29118651151657104,-0.095114566385746,0.2383750081062317,0.5416161417961121,-0.026209594681859016,0.25354307889938354,0.43789219856262207,-0.05436684191226959,0.26991531252861023,0.3705958127975464,-0.0737929493188858,0.2861645519733429,0.31347915530204773,-0.08492492139339447,0.18940570950508118,0.5630947351455688,-0.03429706022143364,0.20376084744930267,0.4811403155326843,-0.05724995955824852,0.21481601893901825,0.4282402992248535,-0.06738751381635666,0.22558854520320892,0.38275206089019775,-0.07282872498035431,hello
0.26657673716545105,0.8523698449134827,4.0511005749976903e-07,0.34729933738708496,0.8181889653205872,-0.022893251851201057,0.3957490026950836,0.7225667238235474,-0.024037806317210197,0.3607012629508972,0.637182891368866,-0.025368887931108475,0.30528879165649414,0.619012713432312,-0.026825696229934692,0.403374582529068,0.5941522121429443,0.009256857447326183,0.4319942593574524,0.5000457763671875,-0.0012345252325758338,0.44485822319984436,0.4387202262878418,-0.01615518517792225,0.45285534858703613,0.3838358521461487,-0.028930852189660072,0.3641410768032074,0.5644552707672119,0.00505403894931078,0.3947157561779022,0.4542291760444641,-0.004427418112754822,0.4128336012363434,0.37470483779907227,-0.021251659840345383,0.42608100175857544,0.30802008509635925,-0.03426007553935051,0.32232627272605896,0.5617952346801758,-0.004675452597439289,0.3424604535102844,0.45065492391586304,-0.017807772383093834,0.35822954773902893,0.3756906986236572,-0.03718412667512894,0.3689284026622772,0.3132820427417755,-0.05035388469696045,0.2747166156768799,0.5791922807693481,-0.017578091472387314,0.2900514006614685,0.4971334636211395,-0.029071489349007607,0.30132952332496643,0.4400104582309723,-0.038099080324172974,0.30892622470855713,0.3885490894317627,-0.045450448989868164,hello
0.1678813248872757,0.8469011187553406,4.922289917885792e-07,0.2465674877166748,0.8126773834228516,-0.03433486819267273,0.2943749725818634,0.7145525813102722,-0.04293331876397133,0.26362115144729614,0.6312996745109558,-0.049861982464790344,0.2116786539554596,0.609164834022522,-0.05659414827823639,0.2884744703769684,0.560560405254364,-0.004169038031250238,0.30426621437072754,0.4553774297237396,-0.022150622680783272,0.31197506189346313,0.38710731267929077,-0.042483504861593246,0.31684237718582153,0.3289090394973755,-0.05857325717806816,0.2442343533039093,0.5401840209960938,-0.005351908039301634,0.26301899552345276,0.4244936406612396,-0.022682083770632744,0.27406013011932373,0.34121495485305786,-0.045849792659282684,0.28089141845703125,0.2731618583202362,-0.06269600987434387,0.19896256923675537,0.5469269752502441,-0.012570257298648357,0.21323274075984955,0.4330065846443176,-0.0322713665664196,0.2222837209701538,0.35798120498657227,-0.054798759520053864,0.22767485678195953,0.294619083404541,-0.06947233527898788,0.1493314951658249,0.5744346976280212,-0.023644443601369858,0.15827059745788574,0.48845934867858887,-0.042799487709999084,0.16480478644371033,0.4279864430427551,-0.05599313601851463,0.16937443614006042,0.3719143867492676,-0.06486979871988297,hello
0.10578539967536926,0.8419961929321289,5.093257300359255e-07,0.17998388409614563,0.8050380945205688,-0.04645460098981857,0.21996837854385376,0.7002687454223633,-0.058247342705726624,0.2029939442873001,0.6161316633224487,-0.06561695784330368,0.17266027629375458,0.5730855464935303,-0.07152845710515976,0.22223970293998718,0.5557134747505188,-0.016041286289691925,0.240353524684906,0.45310714840888977,-0.035685062408447266,0.2450534701347351,0.3840407133102417,-0.057718150317668915,0.24594707787036896,0.3226996064186096,-0.07448910921812057,0.17781208455562592,0.532822847366333,-0.008395482785999775,0.19601275026798248,0.4172186255455017,-0.026183778420090675,0.2035098373889923,0.33615657687187195,-0.04861515387892723,0.20676371455192566,0.2676018476486206,-0.06453729420900345,0.13234445452690125,0.5377075672149658,-0.0074739763513207436,0.14376461505889893,0.42858579754829407,-0.025380639359354973,0.15152017772197723,0.3556843400001526,-0.04557715728878975,0.15432965755462646,0.2947896718978882,-0.058623943477869034,0.08460475504398346,0.5626401305198669,-0.011610443703830242,0.09081637859344482,0.4799860119819641,-0.027423609048128128,0.095402792096138,0.42396485805511475,-0.03829426318407059,0.09616360813379288,0.37593430280685425,-0.04526422545313835,hello
0.2874755263328552,0.7493393421173096,-3.366963312601001e-07,0.3580937683582306,0.7212015390396118,-0.05239861086010933,0.4174808859825134,0.667055070400238,-0.08322323858737946,0.44379884004592896,0.6149135231971741,-0.10841770470142365,0.4230051338672638,0.5713462829589844,-0.1268402338027954,0.3694015145301819,0.46246427297592163,-0.047887660562992096,0.3727710247039795,0.5242990851402283,-0.09948661923408508,0.37045052647590637,0.6042664051055908,-0.13033531606197357,0.3661317527294159,0.6118047833442688,-0.14817321300506592,0.2995032072067261,0.4613940119743347,-0.045460015535354614,0.3080555498600006,0.5266179442405701,-0.09325381368398666,0.31902673840522766,0.6186586022377014,-0.10554636269807816,0.3190666437149048,0.6193000078201294,-0.10855124890804291,0.2377522587776184,0.4947716295719147,-0.05087999626994133,0.245591938495636,0.5554096698760986,-0.095676489174366,0.26403218507766724,0.6295794248580933,-0.08701565861701965,0.26743370294570923,0.6218950748443604,-0.07563134282827377,0.1880388855934143,0.5433319807052612,-0.06163148581981659,0.19473567605018616,0.5897948741912842,-0.08812475949525833,0.21740345656871796,0.6415355205535889,-0.07990957051515579,0.22700393199920654,0.6367114186286926,-0.06934884935617447,yes
0.28962376713752747,0.7553394436836243,-4.210520216929581e-07,0.35946106910705566,0.7277998924255371,-0.05125631019473076,0.42100366950035095,0.6692883372306824,-0.08086029440164566,0.4457676410675049,0.6120855808258057,-0.10513611882925034,0.41711583733558655,0.5741549730300903,-0.12296038866043091,0.3701708912849426,0.46969977021217346,-0.046960219740867615,0.3736957013607025,0.5264413952827454,-0.09849025309085846,0.3716358542442322,0.6099061965942383,-0.12957307696342468,0.3669821619987488,0.6235686540603638,-0.14664340019226074,0.2996596097946167,0.46558678150177,-0.04453529790043831,0.30567142367362976,0.5367503762245178,-0.089222252368927,0.3180598020553589,0.6264920830726624,-0.10109696537256241,0.3182132840156555,0.6276004910469055,-0.10483206808567047,0.2375701516866684,0.4991019368171692,-0.04973791912198067,0.2404617965221405,0.5592933297157288,-0.09350013732910156,0.26326990127563477,0.6371182203292847,-0.08450586348772049,0.27226972579956055,0.63468998670578,-0.07296964526176453,0.1866113841533661,0.5489239692687988,-0.0599239319562912,0.18504410982131958,0.5869261622428894,-0.08628790080547333,0.211453378200531,0.6423727869987488,-0.076280377805233,0.22733135521411896,0.645363450050354,-0.06405847519636154,yes
0.2926096022129059,0.7512245178222656,-4.173284651187714e-07,0.3615300953388214,0.7226364612579346,-0.04993365332484245,0.42276912927627563,0.6634635925292969,-0.07898025214672089,0.44672897458076477,0.6069734692573547,-0.10277080535888672,0.4164610505104065,0.5733889937400818,-0.12022609263658524,0.3682249188423157,0.466549813747406,-0.04718991741538048,0.37271496653556824,0.5269330143928528,-0.09791071712970734,0.3710893988609314,0.6087763905525208,-0.12845678627490997,0.36678653955459595,0.6176697015762329,-0.14563223719596863,0.29757845401763916,0.462613046169281,-0.045605383813381195,0.3050631582736969,0.5363091230392456,-0.08968237787485123,0.31731662154197693,0.6255507469177246,-0.10081743448972702,0.3178405463695526,0.6248209476470947,-0.10419899970293045,0.23620346188545227,0.4960767328739166,-0.05138539522886276,0.24119356274604797,0.5610455274581909,-0.0946095883846283,0.26308828592300415,0.6375207901000977,-0.08533011376857758,0.27182114124298096,0.632515549659729,-0.07382950931787491,0.18653281033039093,0.5455938577651978,-0.0621333122253418,0.1853059083223343,0.5865308046340942,-0.08830329775810242,0.21176685392856598,0.641818642616272,-0.07828996330499649,0.22822928428649902,0.6437868475914001,-0.06619906425476074,yes
0.2821929156780243,0.7543745636940002,-3.8851362660352606e-07,0.35219520330429077,0.7258659601211548,-0.049068331718444824,0.41515329480171204,0.669796347618103,-0.07812976837158203,0.4413854479789734,0.6139953136444092,-0.10189901292324066,0.4147167205810547,0.5757492184638977,-0.1192331463098526,0.36878502368927,0.4675823450088501,-0.04772529751062393,0.36999940872192383,0.5261445641517639,-0.09706645458936691,0.36768460273742676,0.6068408489227295,-0.12694667279720306,0.3640791177749634,0.6102510690689087,-0.14454354345798492,0.29737183451652527,0.4635849595069885,-0.04573368653655052,0.30303728580474854,0.5395454168319702,-0.08861789852380753,0.31387948989868164,0.6276692748069763,-0.09916918724775314,0.31300273537635803,0.6211156249046326,-0.10307002812623978,0.23455356061458588,0.4945407509803772,-0.050942640751600266,0.2403053492307663,0.5622304677963257,-0.09099172800779343,0.2590010166168213,0.6354373693466187,-0.08105448633432388,0.26282334327697754,0.625093400478363,-0.07071959972381592,0.18309447169303894,0.5405176281929016,-0.061342932283878326,0.18814997375011444,0.5915638208389282,-0.08426942676305771,0.210714191198349,0.645606517791748,-0.07462216168642044,0.22030484676361084,0.6423256397247314,-0.06401264667510986,yes
0.28315994143486023,0.7481288909912109,-3.49987971048904e-07,0.35114189982414246,0.7218155860900879,-0.048100411891937256,0.4141126871109009,0.6578727960586548,-0.07543060928583145,0.4450910687446594,0.5906957983970642,-0.09808096289634705,0.42915159463882446,0.5459234714508057,-0.1148109883069992,0.3652836084365845,0.49712324142456055,-0.048457108438014984,0.3652450740337372,0.48323267698287964,-0.10423269122838974,0.3634919822216034,0.5684247612953186,-0.13461941480636597,0.3618336617946625,0.6099086999893188,-0.1474282294511795,0.3000413477420807,0.4941580295562744,-0.044729456305503845,0.29801830649375916,0.4758237302303314,-0.09748662263154984,0.30605772137641907,0.5728085041046143,-0.10749809443950653,0.31024056673049927,0.6086912751197815,-0.10462415218353271,0.24170514941215515,0.5114030838012695,-0.048816125839948654,0.23593343794345856,0.5052124857902527,-0.09589087963104248,0.24996432662010193,0.5877982974052429,-0.08335783332586288,0.2572217285633087,0.6145883202552795,-0.06531691551208496,0.1925024390220642,0.541212260723114,-0.05723127722740173,0.1850433498620987,0.5392003655433655,-0.08235372602939606,0.2003541737794876,0.5997222661972046,-0.0697474256157875,0.21077316999435425,0.6218223571777344,-0.053857460618019104,yes
0.3080402910709381,0.7101602554321289,-3.157444155021949e-07,0.38399648666381836,0.6620742082595825,-0.025229448452591896,0.4450315833091736,0.5585283637046814,-0.03225291520357132,0.4702562689781189,0.4630708694458008,-0.03997022286057472,0.45348235964775085,0.3867875337600708,-0.04290575534105301,0.4029512405395508,0.4403248727321625,-0.002781786024570465,0.4154808521270752,0.36975544691085815,-0.033989377319812775,0.41997796297073364,0.4512639045715332,-0.05110112577676773,0.4124670922756195,0.49296489357948303,-0.056647177785634995,0.3526725769042969,0.4363231062889099,-0.0034614175092428923,0.3653479814529419,0.3618389666080475,-0.03526680916547775,0.37683165073394775,0.4576660692691803,-0.04479634761810303,0.3672289252281189,0.5001069903373718,-0.043169423937797546,0.2997731566429138,0.4458058476448059,-0.010025392286479473,0.31028082966804504,0.3733176290988922,-0.04245257005095482,0.3296641707420349,0.4572976231575012,-0.035267289727926254,0.3243633210659027,0.5000807642936707,-0.021088585257530212,0.24243994057178497,0.4638717472553253,-0.01860624924302101,0.249764084815979,0.3904530107975006,-0.038041241466999054,0.27413126826286316,0.4358886182308197,-0.027594512328505516,0.2788180112838745,0.47353363037109375,-0.013172216713428497,yes
0.3077057898044586,0.711755096912384,-3.896176394846407e-07,0.3824426829814911,0.6654266119003296,-0.025987369939684868,0.44249624013900757,0.5595154762268066,-0.0323357991874218,0.46791908144950867,0.46353667974472046,-0.03928383067250252,0.4519457519054413,0.38504648208618164,-0.04095557704567909,0.4053346514701843,0.4382057189941406,-0.001353470841422677,0.41698557138442993,0.3693265914916992,-0.03194304183125496,0.42015406489372253,0.4517695903778076,-0.04811566695570946,0.4122714400291443,0.49440452456474304,-0.053234413266181946,0.3556021749973297,0.43349066376686096,-0.001836696406826377,0.3663160502910614,0.3620873689651489,-0.03413748741149902,0.3764965236186981,0.4579913020133972,-0.043642036616802216,0.3672945499420166,0.5006105899810791,-0.041571199893951416,0.3022805452346802,0.44259268045425415,-0.008392361924052238,0.3101837933063507,0.37011295557022095,-0.04089558869600296,0.32868701219558716,0.4557526409626007,-0.033014483749866486,0.32360801100730896,0.49953144788742065,-0.018244601786136627,0.24441903829574585,0.46054142713546753,-0.01712736487388611,0.25095516443252563,0.3918422758579254,-0.036095235496759415,0.2738749384880066,0.4392097294330597,-0.024802079424262047,0.2778695821762085,0.47576576471328735,-0.009663660079240799,yes
0.30563053488731384,0.7197633981704712,-4.196519114429975e-07,0.3849666118621826,0.6543992757797241,-0.013689548708498478,0.43834513425827026,0.5564770102500916,-0.015165879391133785,0.46154820919036865,0.47049620747566223,-0.02118918113410473,0.45146873593330383,0.3914306163787842,-0.02304547280073166,0.40199923515319824,0.4561523199081421,0.016027351841330528,0.4177195429801941,0.3823407292366028,-0.010576733388006687,0.420720636844635,0.45402583479881287,-0.025259848684072495,0.406265527009964,0.5038710832595825,-0.028520291671156883,0.35964235663414,0.4482722580432892,0.010736524127423763,0.3742876648902893,0.37080299854278564,-0.01732289418578148,0.37901949882507324,0.45989954471588135,-0.027755727991461754,0.36338627338409424,0.5121185779571533,-0.02636207640171051,0.3104638457298279,0.4482026696205139,-0.00023508524463977665,0.3266860842704773,0.3648609519004822,-0.0295583363622427,0.33744075894355774,0.4508756697177887,-0.02201692946255207,0.3242838978767395,0.5065096020698547,-0.006903366651386023,0.2534903883934021,0.45593342185020447,-0.012739202938973904,0.26777300238609314,0.37317270040512085,-0.03037276118993759,0.28787851333618164,0.41982772946357727,-0.018285633996129036,0.2874644100666046,0.465029239654541,-0.0021676369942724705,yes
0.30739638209342957,0.7080980539321899,-3.992115296114207e-07,0.3839152753353119,0.6564033627510071,-0.02012275718152523,0.43873897194862366,0.551142156124115,-0.02203179895877838,0.4596900939941406,0.4591587781906128,-0.026385774835944176,0.4476804733276367,0.3818613290786743,-0.02593398280441761,0.4021476209163666,0.4475320875644684,0.011679381132125854,0.416750967502594,0.3781561851501465,-0.016232158988714218,0.4172564446926117,0.45691293478012085,-0.030025405809283257,0.4036085307598114,0.5039244890213013,-0.032216157764196396,0.3581266403198242,0.4403417110443115,0.009901302866637707,0.37167495489120483,0.3670428693294525,-0.019644765183329582,0.37517017126083374,0.46317628026008606,-0.02798663266003132,0.3609616458415985,0.5099872350692749,-0.02403724566102028,0.3078734874725342,0.4425643980503082,0.001746746595017612,0.32289257645606995,0.3704708218574524,-0.031283188611269,0.3323121964931488,0.4630899131298065,-0.022593697533011436,0.3195802569389343,0.513042688369751,-0.005317456088960171,0.2499677538871765,0.451351135969162,-0.008043402805924416,0.2664942741394043,0.37450337409973145,-0.027515217661857605,0.2842702567577362,0.427969366312027,-0.014362651854753494,0.281660795211792,0.47146159410476685,0.0032487043645232916,yes
0.30813825130462646,0.7157129049301147,-3.7821070009158575e-07,0.38145098090171814,0.6619349122047424,-0.02203357219696045,0.43880578875541687,0.5520510673522949,-0.025852737948298454,0.45983853936195374,0.457172155380249,-0.03103708289563656,0.441493958234787,0.3828219771385193,-0.031259361654520035,0.3954387903213501,0.44064441323280334,0.0048675863072276115,0.40354934334754944,0.37031257152557373,-0.023855172097682953,0.40693292021751404,0.44972360134124756,-0.039522767066955566,0.40322571992874146,0.4869181513786316,-0.044853389263153076,0.3465033173561096,0.4385278820991516,0.0033822853583842516,0.3547549545764923,0.3688057065010071,-0.026158541440963745,0.3645324110984802,0.4617052376270294,-0.03397471457719803,0.3580913841724396,0.498229444026947,-0.031583238393068314,0.29331690073013306,0.44917309284210205,-0.004101669881492853,0.3011116087436676,0.3730998635292053,-0.036072127521038055,0.3194893002510071,0.46026572585105896,-0.026277994737029076,0.3149434030056,0.5030931830406189,-0.010569264180958271,0.23422136902809143,0.46823251247406006,-0.013438306748867035,0.24233517050743103,0.3975380063056946,-0.032869357615709305,0.26660388708114624,0.4495447278022766,-0.020237790420651436,0.2714804410934448,0.4889082908630371,-0.004024794790893793,yes
0.29628732800483704,0.731770932674408,-4.548001300008764e-07,0.3717368245124817,0.6871401071548462,-0.030709218233823776,0.43234384059906006,0.5831432342529297,-0.04106223210692406,0.45495131611824036,0.48580288887023926,-0.05029965564608574,0.431156188249588,0.4143195152282715,-0.05249771475791931,0.3914982080459595,0.45472586154937744,-0.013738593086600304,0.39528974890708923,0.3853852450847626,-0.04827963188290596,0.39424413442611694,0.4825722575187683,-0.06245063990354538,0.3907030522823334,0.5125730037689209,-0.06728687137365341,0.333406925201416,0.45377975702285767,-0.014223545789718628,0.3361644148826599,0.3892122507095337,-0.04971063509583473,0.34599944949150085,0.49808406829833984,-0.05266080051660538,0.3405311703681946,0.5186293721199036,-0.04670659452676773,0.27536487579345703,0.4686751067638397,-0.021067334339022636,0.27602899074554443,0.406537801027298,-0.059336330741643906,0.295664519071579,0.5074198246002197,-0.04180573672056198,0.29368680715560913,0.5336682200431824,-0.020764749497175217,0.21604877710342407,0.49169355630874634,-0.03021242655813694,0.21627753973007202,0.43573445081710815,-0.05211517587304115,0.23934975266456604,0.5002124309539795,-0.03392474353313446,0.24357786774635315,0.5310614705085754,-0.013754114508628845,yes
0.2805982232093811,0.7607224583625793,-4.5324216557673935e-07,0.35344448685646057,0.7319134473800659,-0.040531009435653687,0.41365504264831543,0.6542717218399048,-0.058975059539079666,0.4338374137878418,0.5770581960678101,-0.07449954748153687,0.4190640151500702,0.5216080546379089,-0.0833900049328804,0.37352827191352844,0.5146639347076416,-0.03282414376735687,0.3719819486141205,0.46879011392593384,-0.0775105208158493,0.3708900213241577,0.5592743754386902,-0.0980357974767685,0.3715965151786804,0.5887182950973511,-0.10669171810150146,0.31029438972473145,0.514225423336029,-0.03162260726094246,0.3098713457584381,0.4642099142074585,-0.07830552011728287,0.31857433915138245,0.5687180757522583,-0.08449588716030121,0.3184266984462738,0.5944788455963135,-0.08012047410011292,0.2521774470806122,0.5307533740997314,-0.03788188844919205,0.2451149821281433,0.4854121506214142,-0.0837322473526001,0.26027822494506836,0.5759342312812805,-0.06950080394744873,0.26231756806373596,0.599112868309021,-0.05069272965192795,0.19710657000541687,0.5590322613716125,-0.04742087423801422,0.18624836206436157,0.5188114643096924,-0.07432729005813599,0.2064196765422821,0.5793987512588501,-0.061096206307411194,0.2162092626094818,0.6061073541641235,-0.04520678520202637,yes
0.2752285599708557,0.7750402092933655,-3.032378117495682e-07,0.34525781869888306,0.7474386692047119,-0.043273475021123886,0.41211262345314026,0.6793133616447449,-0.06714386492967606,0.4395286738872528,0.6122734546661377,-0.08679809421300888,0.4138890504837036,0.571600079536438,-0.09917907416820526,0.36500728130340576,0.4986911118030548,-0.03645137697458267,0.3669748902320862,0.5105457901954651,-0.08500552922487259,0.36440128087997437,0.594167172908783,-0.11050482094287872,0.36173972487449646,0.6056792140007019,-0.12375707924365997,0.2966122627258301,0.4949154853820801,-0.036659080535173416,0.3016684651374817,0.5110320448875427,-0.08150262385606766,0.31013935804367065,0.6100166440010071,-0.08676497638225555,0.3113059997558594,0.611764669418335,-0.08396591246128082,0.23412519693374634,0.5195389986038208,-0.04487252235412598,0.23876745998859406,0.5420715808868408,-0.08754517883062363,0.25428423285484314,0.6267572641372681,-0.07098192721605301,0.2583191990852356,0.624692976474762,-0.053792815655469894,0.1808014065027237,0.5576920509338379,-0.05759354680776596,0.1832035481929779,0.5815297365188599,-0.08062955737113953,0.20342303812503815,0.6415796875953674,-0.06633758544921875,0.213582381606102,0.6429225206375122,-0.05144006013870239,yes
0.2704907953739166,0.7888509035110474,-3.5500528383636265e-07,0.34045445919036865,0.7722437977790833,-0.057343631982803345,0.4060131907463074,0.7246320247650146,-0.09305933117866516,0.4268902838230133,0.6726805567741394,-0.12199925631284714,0.388761430978775,0.6513381600379944,-0.1452937126159668,0.34711042046546936,0.5171741247177124,-0.0646197721362114,0.3370828628540039,0.6060621738433838,-0.11770536005496979,0.33860909938812256,0.6776995062828064,-0.1484595239162445,0.3443750739097595,0.6782216429710388,-0.16589972376823425,0.2711728811264038,0.5131440162658691,-0.059399254620075226,0.26771342754364014,0.6157959699630737,-0.10389528423547745,0.28078803420066833,0.6966935396194458,-0.1121421605348587,0.2881423234939575,0.6892873644828796,-0.1150740534067154,0.20586425065994263,0.5431625843048096,-0.06151304021477699,0.20415550470352173,0.6344917416572571,-0.1034831777215004,0.2224818915128708,0.7008159160614014,-0.09401107579469681,0.23170703649520874,0.6900785565376282,-0.08440528064966202,0.15280616283416748,0.5886773467063904,-0.06964530050754547,0.14876030385494232,0.6537097096443176,-0.09526973217725754,0.1717437505722046,0.708238422870636,-0.08793541043996811,0.18530113995075226,0.7073095440864563,-0.07915841788053513,yes
0.2746807634830475,0.7684751749038696,-3.075417112086143e-07,0.3454385995864868,0.7369424104690552,-0.0512191504240036,0.4056288003921509,0.6703153252601624,-0.07970934361219406,0.4282880425453186,0.6006036996841431,-0.10313265025615692,0.4025147557258606,0.5582208633422852,-0.12106315046548843,0.351078063249588,0.5014528632164001,-0.046134885400533676,0.35272401571273804,0.4944283962249756,-0.10236041992902756,0.35299742221832275,0.5766474604606628,-0.13581018149852753,0.35383835434913635,0.6224342584609985,-0.15048770606517792,0.2848401665687561,0.49828046560287476,-0.04054228588938713,0.2831471264362335,0.4857931137084961,-0.09307951480150223,0.29351407289505005,0.5812041759490967,-0.10657014697790146,0.29997456073760986,0.6215953230857849,-0.10563991963863373,0.22551903128623962,0.5197731852531433,-0.043041545897722244,0.21943935751914978,0.521484375,-0.08961465954780579,0.235104039311409,0.6013001799583435,-0.08090534061193466,0.24403592944145203,0.6280383467674255,-0.06523945927619934,0.17496156692504883,0.5558493137359619,-0.05013086274266243,0.16762512922286987,0.5590050220489502,-0.07501155138015747,0.18579503893852234,0.617255449295044,-0.06385265290737152,0.19781494140625,0.6376085877418518,-0.04894501343369484,yes
0.2755797207355499,0.7654144763946533,-3.2099703162202786e-07,0.3420766592025757,0.7388269305229187,-0.05117649957537651,0.4032655358314514,0.6685954928398132,-0.07744120061397552,0.42803215980529785,0.6003648638725281,-0.09832189977169037,0.40471789240837097,0.5592361688613892,-0.11303414404392242,0.35201776027679443,0.501949667930603,-0.04594682529568672,0.3530391454696655,0.49400579929351807,-0.10006324201822281,0.3535043001174927,0.5773323774337769,-0.12992732226848602,0.3550567924976349,0.6166241765022278,-0.14294619858264923,0.2853371798992157,0.49866586923599243,-0.040226906538009644,0.2839229702949524,0.4888295531272888,-0.0922488272190094,0.2928240895271301,0.5870429277420044,-0.10252736508846283,0.2982688844203949,0.6206383109092712,-0.09977299720048904,0.22506821155548096,0.5193936228752136,-0.04297415167093277,0.22089412808418274,0.5220233798027039,-0.08972794562578201,0.2344055473804474,0.6024423837661743,-0.07944809645414352,0.24094589054584503,0.6241157054901123,-0.06318467855453491,0.1743747591972351,0.5542358160018921,-0.050436872988939285,0.16832873225212097,0.5584142208099365,-0.0757753849029541,0.18375298380851746,0.6161143779754639,-0.06556470692157745,0.19312360882759094,0.6330576539039612,-0.051789913326501846,yes
0.3026995360851288,0.7174922227859497,-3.483795296688186e-07,0.3740421235561371,0.6759887337684631,-0.0278603695333004,0.44175979495048523,0.5816075205802917,-0.03819742426276207,0.4638938307762146,0.48914411664009094,-0.048773448914289474,0.4316543936729431,0.42687633633613586,-0.054308485239744186,0.396386981010437,0.46202078461647034,-0.0052215284667909145,0.4054069519042969,0.4024733901023865,-0.03873668238520622,0.40124988555908203,0.4839875400066376,-0.056463081389665604,0.3948213458061218,0.519089937210083,-0.06290704756975174,0.3408506214618683,0.457271933555603,-0.006135311909019947,0.347311407327652,0.39887428283691406,-0.037975508719682693,0.3520801067352295,0.4961036145687103,-0.04371240735054016,0.34763261675834656,0.526424765586853,-0.04003538191318512,0.2843782901763916,0.4690151810646057,-0.0137117775157094,0.2879084646701813,0.4071667790412903,-0.047445062547922134,0.30194559693336487,0.4938428997993469,-0.03465032950043678,0.2986946702003479,0.5289017558097839,-0.017622005194425583,0.2255844920873642,0.4916929304599762,-0.023571310564875603,0.2241017371416092,0.4285251498222351,-0.043066903948783875,0.24493408203125,0.48314324021339417,-0.027978738769888878,0.25191834568977356,0.5196242332458496,-0.010501463897526264,yes
0.31823647022247314,0.7148998379707336,-3.8730399865016807e-07,0.386588990688324,0.6751203536987305,-0.026473671197891235,0.4491100013256073,0.5767170786857605,-0.03482213616371155,0.4745519161224365,0.482948899269104,-0.043505698442459106,0.44940513372421265,0.41446003317832947,-0.04690370708703995,0.4063686430454254,0.4589805006980896,-0.006483907345682383,0.4164745807647705,0.3926149606704712,-0.03565027937293053,0.4164947271347046,0.4725586175918579,-0.04923577234148979,0.4104653596878052,0.503795862197876,-0.0535871759057045,0.3544173836708069,0.4523352086544037,-0.007419812958687544,0.36316341161727905,0.383434534072876,-0.03654198348522186,0.37025976181030273,0.4777820110321045,-0.04077928140759468,0.3636375665664673,0.5065101981163025,-0.036411434412002563,0.300375759601593,0.4599631428718567,-0.014312854036688805,0.3073713183403015,0.3877781331539154,-0.0463026762008667,0.3226357400417328,0.47148630023002625,-0.035027533769607544,0.31719642877578735,0.5058295726776123,-0.018946480005979538,0.24360103905200958,0.4763520061969757,-0.023366672918200493,0.24232372641563416,0.4007421135902405,-0.04275432601571083,0.26430386304855347,0.44540321826934814,-0.029818810522556305,0.27095094323158264,0.48076021671295166,-0.013854676857590675,yes
0.31954628229141235,0.713451087474823,-3.9808773522054253e-07,0.38916340470314026,0.6690765023231506,-0.024809855967760086,0.4511183798313141,0.5689243078231812,-0.03219690918922424,0.4774112403392792,0.47569727897644043,-0.040533553808927536,0.4523495137691498,0.40541279315948486,-0.04358494281768799,0.4119133949279785,0.45350661873817444,-0.0043692635372281075,0.4215816855430603,0.37984544038772583,-0.03385457769036293,0.42232292890548706,0.4628285765647888,-0.04793050140142441,0.4166090488433838,0.4999925196170807,-0.05166531354188919,0.3618300259113312,0.44775572419166565,-0.005411854013800621,0.3723669648170471,0.3737412691116333,-0.036339886486530304,0.37964168190956116,0.4714064598083496,-0.04336264729499817,0.370558500289917,0.5089841485023499,-0.039700958877801895,0.3088951110839844,0.4540886878967285,-0.011974435299634933,0.3186461329460144,0.3757562041282654,-0.04305289685726166,0.33369678258895874,0.46329352259635925,-0.03296925500035286,0.32627367973327637,0.5067442059516907,-0.016856489703059196,0.25205662846565247,0.4671202301979065,-0.020709818229079247,0.2541895806789398,0.38856613636016846,-0.03819400072097778,0.27696579694747925,0.4301498234272003,-0.025852760300040245,0.28327369689941406,0.4670853614807129,-0.009903096593916416,yes
0.3160833716392517,0.7179189324378967,-4.149532060182537e-07,0.39576658606529236,0.6587841510772705,-0.013131466694176197,0.4512959420681,0.5699281692504883,-0.015312666073441505,0.4733871817588806,0.48845985531806946,-0.021885383874177933,0.4586885869503021,0.4154748320579529,-0.02448982186615467,0.41126304864883423,0.46537545323371887,0.01420082151889801,0.43198567628860474,0.39505743980407715,-0.011049858294427395,0.43441566824913025,0.4666583836078644,-0.02395845577120781,0.41627025604248047,0.5174674987792969,-0.025858111679553986,0.37123122811317444,0.4562375247478485,0.008982581086456776,0.3901890218257904,0.38397249579429626,-0.017866041511297226,0.39386701583862305,0.4706217050552368,-0.027855075895786285,0.37484070658683777,0.5221903920173645,-0.026554511860013008,0.32370662689208984,0.4542320668697357,-0.001530888956040144,0.34484902024269104,0.37508442997932434,-0.030468015000224113,0.35509228706359863,0.4584031105041504,-0.02437707409262657,0.3391788899898529,0.513867199420929,-0.01049987692385912,0.26769185066223145,0.4595014750957489,-0.013255071826279163,0.28349071741104126,0.3785744607448578,-0.031121185049414635,0.3047545850276947,0.4243021011352539,-0.02002585120499134,0.30349481105804443,0.47001832723617554,-0.004802066832780838,yes
0.3142129182815552,0.6984701156616211,-3.3918161079782294e-07,0.38159215450286865,0.6576732397079468,-0.020994849503040314,0.4424375891685486,0.5630536675453186,-0.02531423233449459,0.4689662754535675,0.478377103805542,-0.031002666801214218,0.4511094093322754,0.40931862592697144,-0.032448869198560715,0.40549126267433167,0.4553033709526062,0.004242986906319857,0.42104020714759827,0.39176636934280396,-0.023644184693694115,0.42110827565193176,0.465579628944397,-0.03848426789045334,0.4095776379108429,0.5123439431190491,-0.04164564982056618,0.3611612617969513,0.44726839661598206,0.0033483831211924553,0.3755207061767578,0.38292914628982544,-0.025016730651259422,0.37954071164131165,0.4740784168243408,-0.03352366015315056,0.3666917085647583,0.5190209746360779,-0.030784333124756813,0.3118232190608978,0.4487571120262146,-0.003251496935263276,0.3283756375312805,0.3819698691368103,-0.03319362550973892,0.3397771120071411,0.46813732385635376,-0.026259534060955048,0.3287073075771332,0.5156452059745789,-0.011950717307627201,0.25652626156806946,0.4571329951286316,-0.011580418795347214,0.26941806077957153,0.3859267830848694,-0.02946820855140686,0.28764885663986206,0.4345511496067047,-0.01869499869644642,0.2869754135608673,0.47550469636917114,-0.003814060939475894,yes
0.3014964163303375,0.7233134508132935,-3.7818853115823003e-07,0.37312498688697815,0.6719492673873901,-0.024140039458870888,0.43846434354782104,0.5633236765861511,-0.029833244159817696,0.460612416267395,0.4670868515968323,-0.03590622544288635,0.42571038007736206,0.4108879268169403,-0.03589646518230438,0.398537814617157,0.457889586687088,0.0013525753747671843,0.40780824422836304,0.3885773718357086,-0.029485143721103668,0.40803027153015137,0.471299409866333,-0.04502576217055321,0.40597444772720337,0.5048758387565613,-0.050555553287267685,0.3473288118839264,0.4525284171104431,0.0004344199551269412,0.3519439399242401,0.3893704414367676,-0.029896384105086327,0.3583904206752777,0.4838833808898926,-0.03459222987294197,0.3537697196006775,0.5098609328269958,-0.03047734871506691,0.293109655380249,0.46060875058174133,-0.006994189228862524,0.29763683676719666,0.39281925559043884,-0.03987622261047363,0.3119856119155884,0.4813085198402405,-0.026451991870999336,0.30797839164733887,0.5151454210281372,-0.009061157703399658,0.23401634395122528,0.47451338171958923,-0.016509288921952248,0.24649807810783386,0.4143766462802887,-0.034213464707136154,0.26375216245651245,0.4718587398529053,-0.018365882337093353,0.26378095149993896,0.504743754863739,-0.000774927029851824,yes
0.24677203595638275,0.7843598127365112,-2.0883645390767924e-07,0.31745049357414246,0.7604329586029053,-0.05624162405729294,0.3858528733253479,0.6956367492675781,-0.0872202143073082,0.41078001260757446,0.627525806427002,-0.11005070805549622,0.3843873143196106,0.5849745273590088,-0.12586002051830292,0.3265797793865204,0.5199819803237915,-0.06556661427021027,0.31937915086746216,0.5345821380615234,-0.12069961428642273,0.32301411032676697,0.61426842212677,-0.1491171419620514,0.33110061287879944,0.625774621963501,-0.16290579736232758,0.25963476300239563,0.5199450254440308,-0.058080777525901794,0.2564256191253662,0.5428546667098999,-0.10912565886974335,0.26787498593330383,0.6289404034614563,-0.1170707494020462,0.2761842906475067,0.6328167915344238,-0.11588862538337708,0.20029336214065552,0.5444552302360535,-0.05813722312450409,0.19745463132858276,0.5711069107055664,-0.10476057231426239,0.2157999575138092,0.6482916474342346,-0.09066537022590637,0.2292749434709549,0.6509199738502502,-0.07462622970342636,0.15088190138339996,0.5779406428337097,-0.06312666833400726,0.14750060439109802,0.603061854839325,-0.08986184746026993,0.16663432121276855,0.6632958650588989,-0.07812685519456863,0.1814289689064026,0.6700233221054077,-0.06410481035709381,yes
0.24804992973804474,0.7921514511108398,-3.8664001067445497e-07,0.31802433729171753,0.7666144967079163,-0.048296887427568436,0.38743191957473755,0.7155515551567078,-0.07690751552581787,0.40409570932388306,0.6602039933204651,-0.09928714483976364,0.3647788166999817,0.641514778137207,-0.11623156070709229,0.33016446232795715,0.5144636631011963,-0.05185984820127487,0.31860965490341187,0.6016008257865906,-0.09692954272031784,0.3185018002986908,0.6682953834533691,-0.12382812798023224,0.3245454430580139,0.6641926169395447,-0.13989736139774323,0.25677135586738586,0.5083039402961731,-0.048680540174245834,0.2507186532020569,0.6085397601127625,-0.08621934056282043,0.25948670506477356,0.6837854981422424,-0.09400026500225067,0.26241159439086914,0.6774882674217224,-0.09758011996746063,0.19254714250564575,0.5359845161437988,-0.051689717918634415,0.1909174919128418,0.6228361129760742,-0.08773082494735718,0.20395036041736603,0.6890736818313599,-0.07874303311109543,0.20731952786445618,0.6796498894691467,-0.07046318799257278,0.13998183608055115,0.5814070105552673,-0.059895969927310944,0.13773711025714874,0.6406807899475098,-0.08158986270427704,0.1555684357881546,0.6967942714691162,-0.07330957055091858,0.16303770244121552,0.6970164179801941,-0.0641377717256546,yes
0.25100094079971313,0.7871173024177551,-3.441221849698195e-07,0.3205137252807617,0.7687109708786011,-0.05492972210049629,0.39312803745269775,0.722500205039978,-0.08987515419721603,0.4174952805042267,0.6745628714561462,-0.11819438636302948,0.37631434202194214,0.6626455187797546,-0.14095577597618103,0.3319322466850281,0.5131238698959351,-0.06315344572067261,0.32004639506340027,0.6091444492340088,-0.11214160174131393,0.3222208619117737,0.6815201640129089,-0.14111529290676117,0.3285711109638214,0.6758858561515808,-0.15881280601024628,0.2563944160938263,0.5111054182052612,-0.05949016287922859,0.2525876462459564,0.6140720248222351,-0.10023415833711624,0.2642051875591278,0.691411018371582,-0.10851497948169708,0.2679893374443054,0.6834257245063782,-0.1130356565117836,0.19096781313419342,0.5433633923530579,-0.06238509342074394,0.19301843643188477,0.6332615613937378,-0.10109616816043854,0.20854277908802032,0.7002612352371216,-0.09147834032773972,0.21319061517715454,0.6900211572647095,-0.08294325321912766,0.13785207271575928,0.5909562110900879,-0.0711618959903717,0.13892905414104462,0.6533942222595215,-0.09355909377336502,0.15891416370868683,0.7085590362548828,-0.08513816446065903,0.168289452791214,0.7077876925468445,-0.07665494829416275,yes
0.27373576164245605,0.6968919038772583,-4.540704594546696e-07,0.35178229212760925,0.6697432398796082,-0.02692604996263981,0.4344508945941925,0.5861976742744446,-0.033131081610918045,0.472802996635437,0.500768780708313,-0.040074367076158524,0.4575982093811035,0.4285314977169037,-0.04069962352514267,0.41919785737991333,0.4625883996486664,0.006052401848137379,0.4433811902999878,0.39833343029022217,-0.027560383081436157,0.42758190631866455,0.47936055064201355,-0.04530307278037071,0.41760680079460144,0.5098945498466492,-0.052001189440488815,0.37296411395072937,0.43540945649147034,0.0042838905937969685,0.39849817752838135,0.3688466250896454,-0.03097562864422798,0.3847024142742157,0.4663724899291992,-0.03913326933979988,0.37153375148773193,0.4924638867378235,-0.03526128828525543,0.3199974298477173,0.4192202687263489,-0.005191800184547901,0.3447762429714203,0.35036250948905945,-0.0439550057053566,0.33944281935691833,0.4429014325141907,-0.03406472131609917,0.3255908787250519,0.47475653886795044,-0.016607850790023804,0.2590060830116272,0.4084714651107788,-0.017062293365597725,0.2856360673904419,0.34807831048965454,-0.040877435356378555,0.29289132356643677,0.4131251871585846,-0.028125591576099396,0.2856198847293854,0.4494996666908264,-0.011025412008166313,yes
0.27282848954200745,0.7004985809326172,-3.8387943845918926e-07,0.3499687612056732,0.6713001132011414,-0.024164602160453796,0.4315447211265564,0.5860686898231506,-0.029217161238193512,0.47124534845352173,0.5008945465087891,-0.035588495433330536,0.4547439217567444,0.429248183965683,-0.03591719642281532,0.4183310866355896,0.4645322561264038,0.008074179291725159,0.44056206941604614,0.3983093798160553,-0.022002199664711952,0.42431050539016724,0.4752657413482666,-0.0383506715297699,0.4132712185382843,0.5057798624038696,-0.04436827078461647,0.37200790643692017,0.4394073188304901,0.006597818806767464,0.3934125602245331,0.3752228617668152,-0.02392110973596573,0.3806760311126709,0.4662335216999054,-0.031538285315036774,0.3690105378627777,0.4911043643951416,-0.028726229444146156,0.3186425566673279,0.4243808686733246,-0.001967664575204253,0.34071752429008484,0.3558506965637207,-0.035283878445625305,0.3375386595726013,0.44066447019577026,-0.0265385489910841,0.3251626491546631,0.4710184633731842,-0.011500061489641666,0.2584919333457947,0.4131063222885132,-0.012685767374932766,0.28197574615478516,0.3476191759109497,-0.031056201085448265,0.2908438742160797,0.4038676619529724,-0.01800318993628025,0.28618282079696655,0.4389002323150635,-0.0018522061873227358,yes
0.27501386404037476,0.7021374106407166,-3.989578374330449e-07,0.3546082675457001,0.6859049201011658,-0.025739401578903198,0.4379587173461914,0.6159148216247559,-0.03342044726014137,0.48634666204452515,0.5408074259757996,-0.0426856204867363,0.4859880805015564,0.4587375819683075,-0.046936288475990295,0.42972490191459656,0.48967570066452026,0.0002485442964825779,0.46316611766815186,0.42851144075393677,-0.03251166269183159,0.4420473277568817,0.5010254383087158,-0.05047968029975891,0.4169679582118988,0.539571225643158,-0.05583219975233078,0.38753432035446167,0.45913606882095337,-0.0009978122543543577,0.4239387810230255,0.39145809412002563,-0.037148963660001755,0.40373966097831726,0.4830980598926544,-0.049248289316892624,0.37664005160331726,0.5287296772003174,-0.04722555726766586,0.33716344833374023,0.43836140632629395,-0.008641221560537815,0.3739235997200012,0.3568996787071228,-0.042827971279621124,0.366443395614624,0.4424983561038971,-0.03743816167116165,0.34437447786331177,0.49219024181365967,-0.02307083271443844,0.27968162298202515,0.4245226979255676,-0.01868339069187641,0.3044019341468811,0.34836721420288086,-0.04041830822825432,0.3161301612854004,0.3912917375564575,-0.033477772027254105,0.31214526295661926,0.4282047152519226,-0.02059183456003666,yes
0.2699853479862213,0.7080278992652893,-4.274569107565185e-07,0.3556472361087799,0.6879732608795166,-0.024478256702423096,0.43969833850860596,0.6237269043922424,-0.032670989632606506,0.49185794591903687,0.5501587390899658,-0.043279457837343216,0.4892103374004364,0.4691142439842224,-0.04858403280377388,0.42751967906951904,0.49608030915260315,0.0043495227582752705,0.46511030197143555,0.43631237745285034,-0.027830930426716805,0.44239747524261475,0.5135685205459595,-0.04536797106266022,0.41711729764938354,0.5470288395881653,-0.051154784858226776,0.3866339325904846,0.4666500389575958,0.0014986280584707856,0.4257515072822571,0.3994033932685852,-0.03316117078065872,0.4042056202888489,0.4942827522754669,-0.04430634528398514,0.37673065066337585,0.5304372310638428,-0.04248669743537903,0.33797383308410645,0.445672869682312,-0.007878494448959827,0.3776578903198242,0.3675398528575897,-0.04146170616149902,0.367664635181427,0.45769935846328735,-0.03253787383437157,0.34294986724853516,0.49972882866859436,-0.01628246158361435,0.28131139278411865,0.4292972683906555,-0.01976236328482628,0.31233885884284973,0.35717839002609253,-0.039560068398714066,0.32123634219169617,0.4099981188774109,-0.028023479506373405,0.3112960159778595,0.44830355048179626,-0.012316923588514328,yes
0.27373504638671875,0.7129752039909363,-4.104032313989592e-07,0.3499719798564911,0.7093120813369751,-0.03027111105620861,0.43608784675598145,0.6484394669532776,-0.040520619601011276,0.4823971390724182,0.5741246938705444,-0.05035338178277016,0.4812397360801697,0.498993843793869,-0.05361587926745415,0.4309084415435791,0.5039087533950806,-0.0063390485011041164,0.4539794623851776,0.4512456953525543,-0.04081033170223236,0.4290409982204437,0.5361549258232117,-0.05683749169111252,0.4161779284477234,0.5661901831626892,-0.0618138387799263,0.3845193088054657,0.47186100482940674,-0.00573732377961278,0.4052826464176178,0.42118266224861145,-0.040720902383327484,0.38464614748954773,0.5214236378669739,-0.0452662855386734,0.3717796504497528,0.5445606708526611,-0.039475999772548676,0.33106058835983276,0.45271942019462585,-0.012147827073931694,0.35052698850631714,0.3939991593360901,-0.04862382635474205,0.3403794765472412,0.4910651743412018,-0.03340575471520424,0.32896220684051514,0.5209832191467285,-0.01333608292043209,0.27134114503860474,0.4401323199272156,-0.0210583433508873,0.28848159313201904,0.3882865905761719,-0.04091053828597069,0.2906091809272766,0.4525803029537201,-0.02446751482784748,0.2831119894981384,0.48305588960647583,-0.005248384550213814,yes
0.26462522149086,0.7556803822517395,-3.88681286267456e-07,0.3321673274040222,0.7499696016311646,-0.03928733617067337,0.4109056293964386,0.6953908205032349,-0.05689917132258415,0.4520067274570465,0.6347269415855408,-0.0716034471988678,0.4561920762062073,0.5757827758789062,-0.0788530707359314,0.4079272150993347,0.5117656588554382,-0.017663318663835526,0.4200476109981537,0.5045812726020813,-0.0626748725771904,0.40175139904022217,0.5912905931472778,-0.08709835261106491,0.38850754499435425,0.626406729221344,-0.09628283977508545,0.35275352001190186,0.4798169732093811,-0.015150624327361584,0.3635261654853821,0.4840116500854492,-0.05514528602361679,0.3475763201713562,0.5876075625419617,-0.06030387058854103,0.3381432592868805,0.6078806519508362,-0.05466422066092491,0.2915509343147278,0.47269922494888306,-0.021199053153395653,0.2993695139884949,0.4773573875427246,-0.06270312517881393,0.2938113808631897,0.5749582648277283,-0.048050407320261,0.28856486082077026,0.5962834358215332,-0.028257183730602264,0.22845764458179474,0.48278072476387024,-0.030895613133907318,0.2363143116235733,0.48126906156539917,-0.054075825959444046,0.24142883718013763,0.5503978729248047,-0.03879331424832344,0.24100461602210999,0.5700565576553345,-0.019967006519436836,yes
0.2609918415546417,0.7934297323226929,-4.646895206406043e-07,0.3371468186378479,0.7929778099060059,-0.042763229459524155,0.405640184879303,0.7729597091674805,-0.07360964268445969,0.44684886932373047,0.7482163906097412,-0.10158833116292953,0.4345209002494812,0.7167914509773254,-0.12432833760976791,0.3946896195411682,0.5474510788917542,-0.04935495927929878,0.40336474776268005,0.6374207139015198,-0.104461669921875,0.3868517577648163,0.7173337936401367,-0.14107729494571686,0.3729414641857147,0.7223998308181763,-0.16307051479816437,0.3229094445705414,0.5242472887039185,-0.05350380763411522,0.3313496708869934,0.6278492212295532,-0.09823045134544373,0.32582852244377136,0.7177621126174927,-0.11100602149963379,0.31817626953125,0.7163327932357788,-0.11805171519517899,0.251253604888916,0.5417012572288513,-0.0642932802438736,0.2618638873100281,0.6381503343582153,-0.10370548069477081,0.26795560121536255,0.7163653373718262,-0.09471196681261063,0.2662445902824402,0.7107019424438477,-0.08621517568826675,0.18876352906227112,0.5821927785873413,-0.08044862002134323,0.19847241044044495,0.6607948541641235,-0.10223004966974258,0.21280139684677124,0.7161192893981934,-0.09374299645423889,0.21681836247444153,0.7131354808807373,-0.08531994372606277,yes
0.25652360916137695,0.7864536643028259,-4.022215023269382e-07,0.3368029296398163,0.7776304483413696,-0.033176906406879425,0.41082629561424255,0.7458431720733643,-0.05799122527241707,0.4565507769584656,0.7087002992630005,-0.08193986117839813,0.4731256365776062,0.666056215763092,-0.10255887359380722,0.40865814685821533,0.5376914739608765,-0.03486160933971405,0.4206286370754242,0.588381826877594,-0.08601333945989609,0.39983952045440674,0.6720494627952576,-0.12142016738653183,0.38250479102134705,0.7148658037185669,-0.13881465792655945,0.3466009795665741,0.5132337808609009,-0.038173772394657135,0.3594311773777008,0.5639650821685791,-0.08220718055963516,0.34317347407341003,0.6548880338668823,-0.09715842455625534,0.32943791151046753,0.7049089670181274,-0.09978377819061279,0.2830139398574829,0.5140840411186218,-0.04702582210302353,0.2942931652069092,0.5727804899215698,-0.08880030363798141,0.28348031640052795,0.6579707264900208,-0.08279670029878616,0.2719666659832001,0.7034898996353149,-0.06888312846422195,0.22471588850021362,0.5343437194824219,-0.05904250964522362,0.23346056044101715,0.5698172450065613,-0.08429712802171707,0.23238669335842133,0.6372490525245667,-0.07382942736148834,0.22910818457603455,0.6739137172698975,-0.05749662593007088,yes
0.2967734932899475,0.7062302827835083,-3.180314820383501e-07,0.36812537908554077,0.6999587416648865,-0.030080340802669525,0.4555681347846985,0.6423238515853882,-0.04119667038321495,0.5058867931365967,0.5671921968460083,-0.05243536829948425,0.4960288107395172,0.4916585087776184,-0.05859244614839554,0.4458611011505127,0.5026799440383911,-0.005933159962296486,0.477963924407959,0.45289331674575806,-0.040450576692819595,0.4549766182899475,0.5265185236930847,-0.05887283757328987,0.43214887380599976,0.5579032897949219,-0.06467794626951218,0.40081968903541565,0.46979987621307373,-0.005304623860865831,0.43281328678131104,0.41449403762817383,-0.038588907569646835,0.413190096616745,0.508819580078125,-0.04597894847393036,0.39197754859924316,0.5433096885681152,-0.042011238634586334,0.3482336103916168,0.4505283534526825,-0.011565984226763248,0.3776375949382782,0.38265299797058105,-0.044821131974458694,0.3708599805831909,0.4711071252822876,-0.03501695767045021,0.35225558280944824,0.5116637945175171,-0.018776681274175644,0.28892412781715393,0.44107845425605774,-0.02042197808623314,0.30846989154815674,0.37612974643707275,-0.04113005846738815,0.31725743412971497,0.428678423166275,-0.030110783874988556,0.3104548156261444,0.4648264944553375,-0.01451402623206377,yes
0.29506364464759827,0.7050586342811584,-4.0648882304594736e-07,0.3849619925022125,0.6744632124900818,-0.015397569164633751,0.45895305275917053,0.6090059876441956,-0.018949247896671295,0.5022042393684387,0.535373330116272,-0.026771020144224167,0.500761866569519,0.45463237166404724,-0.030572928488254547,0.44064730405807495,0.49733537435531616,0.016300903633236885,0.47698256373405457,0.4395689368247986,-0.011337037198245525,0.4616636633872986,0.506506085395813,-0.026793941855430603,0.4322945773601532,0.5470170974731445,-0.03058573231101036,0.4067760407924652,0.4698653817176819,0.01161322183907032,0.4417036771774292,0.407175749540329,-0.018904434517025948,0.4221976697444916,0.49411144852638245,-0.031001398339867592,0.39121103286743164,0.5371257066726685,-0.03049318864941597,0.36371850967407227,0.44587060809135437,0.0009843920124694705,0.4036085605621338,0.3683662414550781,-0.02991490811109543,0.3931068181991577,0.454449325799942,-0.02342596836388111,0.36503520607948303,0.5044974684715271,-0.00907156988978386,0.3092687726020813,0.424399733543396,-0.011311797425150871,0.34163224697113037,0.35568350553512573,-0.03130391612648964,0.34928184747695923,0.40920090675354004,-0.02138778381049633,0.33690208196640015,0.45103588700294495,-0.0067586032673716545,yes
0.2977761924266815,0.6983526349067688,-3.731137496743031e-07,0.3853003978729248,0.6707959175109863,-0.01643368788063526,0.45850351452827454,0.6031029224395752,-0.01929059438407421,0.5003462433815002,0.5296131372451782,-0.02629338577389717,0.5004252195358276,0.4493401050567627,-0.02952302061021328,0.441350519657135,0.49191978573799133,0.019530536606907845,0.47249504923820496,0.4350537359714508,-0.009239445440471172,0.45637667179107666,0.5027011632919312,-0.026849905028939247,0.4293786883354187,0.5458672642707825,-0.031469788402318954,0.4054913818836212,0.4652431309223175,0.016132354736328125,0.43765872716903687,0.4053570330142975,-0.014996041543781757,0.41840022802352905,0.49213844537734985,-0.028095651417970657,0.38879328966140747,0.5365679860115051,-0.027361275628209114,0.360851913690567,0.44317951798439026,0.00630990182980895,0.3984585106372833,0.37129271030426025,-0.025610215961933136,0.3869900107383728,0.45742538571357727,-0.02068999968469143,0.3596850633621216,0.5071457624435425,-0.006262362003326416,0.3069738745689392,0.4250483214855194,-0.005139106418937445,0.3384776711463928,0.35668689012527466,-0.024548066779971123,0.3446616232395172,0.4078889489173889,-0.014977899380028248,0.33264490962028503,0.4480110704898834,-0.00014940882101655006,yes
0.27213287353515625,0.7690389156341553,-4.705498497514782e-07,0.3449336886405945,0.7607972621917725,-0.03355060890316963,0.42729800939559937,0.7040198445320129,-0.04748348891735077,0.4615273177623749,0.6398636698722839,-0.059616923332214355,0.4556434750556946,0.5836681723594666,-0.06535028666257858,0.4075160324573517,0.5272163152694702,-0.017030512914061546,0.4279179275035858,0.5137580633163452,-0.05704746022820473,0.40829014778137207,0.6007174849510193,-0.07849150151014328,0.3970336616039276,0.6235054731369019,-0.08824215829372406,0.3507973253726959,0.5016620755195618,-0.017722727730870247,0.3696848154067993,0.49838986992836,-0.054668452590703964,0.35526397824287415,0.6011337041854858,-0.061376310884952545,0.34473586082458496,0.6117407083511353,-0.05951269343495369,0.29087650775909424,0.49909889698028564,-0.025566421449184418,0.30360203981399536,0.49261027574539185,-0.06447463482618332,0.30029207468032837,0.5887885093688965,-0.052079617977142334,0.29398173093795776,0.6019354462623596,-0.03634924069046974,0.229125514626503,0.5106010437011719,-0.03612346947193146,0.23908895254135132,0.5022473335266113,-0.05680909752845764,0.2453714907169342,0.569193422794342,-0.041613489389419556,0.2435765266418457,0.5864030122756958,-0.025216473266482353,yes
0.27158215641975403,0.7668444514274597,-3.8755516129640455e-07,0.3423953354358673,0.7615621089935303,-0.036790162324905396,0.42355719208717346,0.7072364091873169,-0.05330214649438858,0.4578055441379547,0.6398725509643555,-0.06711647659540176,0.45214617252349854,0.5807763338088989,-0.07405709475278854,0.40887758135795593,0.5331626534461975,-0.019966408610343933,0.42570436000823975,0.5186201930046082,-0.060682330280542374,0.40511414408683777,0.6019766330718994,-0.08090181648731232,0.39161989092826843,0.6226522326469421,-0.08951154351234436,0.3510266840457916,0.5056370496749878,-0.019149793311953545,0.3686681091785431,0.4985220432281494,-0.057603247463703156,0.35422483086586,0.6002700924873352,-0.0619572289288044,0.3445882499217987,0.6115792393684387,-0.05716472864151001,0.29059916734695435,0.5009700059890747,-0.02570280432701111,0.3036346733570099,0.49206891655921936,-0.0664316862821579,0.30098679661750793,0.5883499979972839,-0.05118611082434654,0.2944229543209076,0.6040491461753845,-0.03237096592783928,0.22814811766147614,0.5118643045425415,-0.035302236676216125,0.2408585250377655,0.5011482834815979,-0.058865949511528015,0.24880394339561462,0.5693824291229248,-0.04327356815338135,0.24782079458236694,0.5873706936836243,-0.025205321609973907,yes
0.2755962610244751,0.7905144691467285,-4.1787845361795917e-07,0.34939906001091003,0.7829951643943787,-0.045877791941165924,0.42397817969322205,0.7412961721420288,-0.07310967147350311,0.46013420820236206,0.6941055655479431,-0.09589926153421402,0.4401993155479431,0.6485562920570374,-0.11146796494722366,0.40062201023101807,0.5149893164634705,-0.0374537892639637,0.4119805693626404,0.5730517506599426,-0.0886886715888977,0.39925697445869446,0.6554535627365112,-0.11926046013832092,0.39092355966567993,0.6614158749580383,-0.13551414012908936,0.3347472846508026,0.4927699565887451,-0.03691308572888374,0.34464114904403687,0.5700618028640747,-0.08065737038850784,0.3387323021888733,0.6618190407752991,-0.09209756553173065,0.33378881216049194,0.6536451578140259,-0.09482011198997498,0.26911860704421997,0.5047369003295898,-0.0440581776201725,0.2784006893634796,0.5809509754180908,-0.08717837184667587,0.28265029191970825,0.662513256072998,-0.07849355787038803,0.28524696826934814,0.6502788662910461,-0.0665736272931099,0.21081668138504028,0.5332074165344238,-0.05588605999946594,0.21674728393554688,0.5853822827339172,-0.08007284253835678,0.23043736815452576,0.6482420563697815,-0.06908684223890305,0.2392236292362213,0.6486456394195557,-0.05578161031007767,yes
0.27674081921577454,0.7783737182617188,-3.9786630168237025e-07,0.3564268946647644,0.760505199432373,-0.0319492407143116,0.4358982741832733,0.7031122446060181,-0.047294892370700836,0.472786545753479,0.6329458951950073,-0.0628768652677536,0.4680444002151489,0.5615642666816711,-0.07223398238420486,0.42319953441619873,0.5422918200492859,-0.004749760963022709,0.4417680501937866,0.5051800012588501,-0.045662324875593185,0.4206298887729645,0.5885536074638367,-0.06844904273748398,0.40668970346450806,0.6232662200927734,-0.0765346959233284,0.370492160320282,0.5164409279823303,-0.00421905517578125,0.38858768343925476,0.4783281981945038,-0.04261944815516472,0.372022807598114,0.5764580368995667,-0.05014721304178238,0.36010149121284485,0.604064404964447,-0.04571691155433655,0.3137759566307068,0.5042994022369385,-0.01165321096777916,0.33003607392311096,0.46184471249580383,-0.05061032995581627,0.32382261753082275,0.5536227226257324,-0.036976512521505356,0.3135319650173187,0.5847432613372803,-0.017617546021938324,0.2519349157810211,0.5029370784759521,-0.02181950956583023,0.27184394001960754,0.4572492241859436,-0.042612943798303604,0.2752293348312378,0.5265709161758423,-0.02538604848086834,0.26907292008399963,0.5608508586883545,-0.005086176563054323,yes
0.3004595637321472,0.7036499977111816,-3.711347744683735e-07,0.37691715359687805,0.689407229423523,-0.025129765272140503,0.4592665731906891,0.6228823661804199,-0.03285778686404228,0.5025434494018555,0.5429466962814331,-0.04219452664256096,0.4897978901863098,0.46435898542404175,-0.047210436314344406,0.44257277250289917,0.5022730231285095,0.0021472470834851265,0.4780574440956116,0.4514726996421814,-0.029848400503396988,0.4597727358341217,0.5211192965507507,-0.046981871128082275,0.43330901861190796,0.5519132614135742,-0.051737286150455475,0.4019814729690552,0.4733990728855133,0.001751508447341621,0.4360697269439697,0.4167090952396393,-0.03154141083359718,0.41851454973220825,0.5087852478027344,-0.04177313297986984,0.3904477059841156,0.5451256036758423,-0.03962387517094612,0.35319626331329346,0.45190030336380005,-0.005054484587162733,0.38777345418930054,0.37752658128738403,-0.039883535355329514,0.3804440498352051,0.47065696120262146,-0.03269030898809433,0.35564079880714417,0.5182294845581055,-0.017254408448934555,0.2958035469055176,0.43574512004852295,-0.01391565427184105,0.3196105659008026,0.36359143257141113,-0.03742790222167969,0.3301846385002136,0.4139171838760376,-0.029202496632933617,0.3213469386100769,0.4519512951374054,-0.015177872031927109,yes
0.29922568798065186,0.7044632434844971,-4.015462025108718e-07,0.38932010531425476,0.6713542342185974,-0.014036804437637329,0.45989274978637695,0.6060216426849365,-0.016681991517543793,0.4985164701938629,0.5320990681648254,-0.02418510429561138,0.4938744306564331,0.4523336887359619,-0.02805255353450775,0.43914684653282166,0.4961613714694977,0.0210364181548357,0.4742378294467926,0.4399794936180115,-0.0061123003251850605,0.4595910906791687,0.5046229362487793,-0.02183857187628746,0.42924749851226807,0.5461079478263855,-0.025217536836862564,0.40458184480667114,0.46958842873573303,0.016181057319045067,0.4368895888328552,0.40883582830429077,-0.013578969985246658,0.41809791326522827,0.495015412569046,-0.026223959401249886,0.3866458237171173,0.5394921898841858,-0.02561509795486927,0.3606087565422058,0.4469282031059265,0.005261343438178301,0.3987208306789398,0.37383806705474854,-0.025995245203375816,0.38712605834007263,0.46073105931282043,-0.0208414439111948,0.35786861181259155,0.512290358543396,-0.006424421444535255,0.30596724152565,0.4281774163246155,-0.007077412214130163,0.3369836211204529,0.3569304943084717,-0.0261508971452713,0.34390315413475037,0.4075819253921509,-0.016011917963624,0.33068451285362244,0.4492112696170807,-0.0009294996852986515,yes
0.3045853078365326,0.7137969732284546,-3.673730191167124e-07,0.38514551520347595,0.6851928234100342,-0.021119261160492897,0.45973411202430725,0.6067293882369995,-0.025131013244390488,0.4979386329650879,0.5284692049026489,-0.03128986433148384,0.4919684827327728,0.4509831666946411,-0.031933099031448364,0.4403122663497925,0.4807527959346771,0.015655437484383583,0.4712721109390259,0.42909857630729675,-0.01401709858328104,0.4556007385253906,0.5093933343887329,-0.030881572514772415,0.4362943172454834,0.5433420538902283,-0.0362897627055645,0.4010374844074249,0.4564189314842224,0.013343395665287971,0.43241360783576965,0.40358418226242065,-0.018212709575891495,0.41674357652664185,0.5007162690162659,-0.028013015165925026,0.39540308713912964,0.5312959551811218,-0.025642910972237587,0.35352760553359985,0.439043253660202,0.004045629408210516,0.3887186348438263,0.37919431924819946,-0.031049812212586403,0.3823755979537964,0.4742099940776825,-0.022085053846240044,0.3622504472732544,0.5120320320129395,-0.0052389414049685,0.2967367470264435,0.42688360810279846,-0.0070334807969629765,0.3351558744907379,0.3710472583770752,-0.028655143454670906,0.3415975272655487,0.4375673532485962,-0.015348329208791256,0.3298027515411377,0.47837287187576294,0.0023162916768342257,yes
0.28434252738952637,0.7424750924110413,-4.3373182734285365e-07,0.3578665852546692,0.7336121201515198,-0.03382626548409462,0.43898457288742065,0.6725755929946899,-0.04607849940657616,0.46896180510520935,0.5987534523010254,-0.05685047060251236,0.46022412180900574,0.5288903713226318,-0.061548665165901184,0.4309377372264862,0.5103417634963989,-0.00728766480460763,0.44445857405662537,0.4630282521247864,-0.04664365574717522,0.4269840717315674,0.5406993627548218,-0.06765040755271912,0.4181118309497833,0.5830221176147461,-0.07487478107213974,0.37714412808418274,0.48020657896995544,-0.006286646239459515,0.3896346092224121,0.42942285537719727,-0.044988054782152176,0.37254542112350464,0.5318137407302856,-0.05159977823495865,0.3646649420261383,0.5725340247154236,-0.04609900712966919,0.3181956708431244,0.4666367769241333,-0.01336444541811943,0.3253481388092041,0.41891148686408997,-0.055094070732593536,0.31835976243019104,0.5139570832252502,-0.04435817152261734,0.31292927265167236,0.5553354024887085,-0.025892211124300957,0.254964143037796,0.46711570024490356,-0.023105183616280556,0.2642073929309845,0.41595572233200073,-0.04920854791998863,0.26823851466178894,0.48541292548179626,-0.03633129969239235,0.2670574486255646,0.5271193385124207,-0.018391793593764305,yes
0.27146878838539124,0.7792600393295288,-3.6085543797526043e-07,0.3396399915218353,0.7743065357208252,-0.04326467216014862,0.41782623529434204,0.7239235043525696,-0.06498418748378754,0.45685675740242004,0.663314163684845,-0.08358166366815567,0.4593908190727234,0.6022579073905945,-0.09486617147922516,0.4104151427745819,0.5396129488945007,-0.025659913197159767,0.4206787347793579,0.5213638544082642,-0.07306868582963943,0.4040710926055908,0.6052852869033813,-0.09656644612550735,0.39362797141075134,0.6364380717277527,-0.10511418431997299,0.35083919763565063,0.5126987099647522,-0.023085543885827065,0.3637065291404724,0.5019813776016235,-0.06760968267917633,0.350265771150589,0.6072215437889099,-0.07400267571210861,0.34291157126426697,0.6232874393463135,-0.06876003742218018,0.289251446723938,0.5092545747756958,-0.028910834342241287,0.29732176661491394,0.4963375926017761,-0.07548929005861282,0.2957639694213867,0.5947126746177673,-0.06105823442339897,0.29288196563720703,0.612801730632782,-0.0407763309776783,0.22668127715587616,0.5219566822052002,-0.038270797580480576,0.2325892150402069,0.4986932873725891,-0.06610376387834549,0.24124819040298462,0.5683265328407288,-0.050746746361255646,0.24324899911880493,0.5914334058761597,-0.03127611428499222,yes
0.2510300278663635,0.8071226477622986,-3.491908842079283e-07,0.3222179710865021,0.8009481430053711,-0.04790445789694786,0.3917528986930847,0.7647970914840698,-0.07786382734775543,0.4252524971961975,0.7197928428649902,-0.10324981063604355,0.41179826855659485,0.6694293022155762,-0.12103859335184097,0.38151684403419495,0.5348519086837769,-0.04531341791152954,0.38871249556541443,0.5965157747268677,-0.10376783460378647,0.3831294775009155,0.6760560274124146,-0.13933944702148438,0.38384610414505005,0.6804082989692688,-0.15839917957782745,0.3144319951534271,0.5096828937530518,-0.04459129646420479,0.31927743554115295,0.5938940048217773,-0.09342888742685318,0.31437841057777405,0.6831262111663818,-0.10513196885585785,0.3110007345676422,0.6739137172698975,-0.10822612047195435,0.2471524178981781,0.5199423432350159,-0.05232906714081764,0.2523225247859955,0.6100676655769348,-0.09641459584236145,0.25669434666633606,0.6891642212867737,-0.08547138422727585,0.25934985280036926,0.6764343976974487,-0.07319347560405731,0.18749412894248962,0.5506875514984131,-0.06582275032997131,0.19012270867824554,0.6318023204803467,-0.09075094759464264,0.20231039822101593,0.6933768391609192,-0.08205785602331161,0.209303081035614,0.6886972784996033,-0.07123143970966339,yes
0.2513103187084198,0.8012999296188354,-3.1401179967360804e-07,0.3240353465080261,0.789291262626648,-0.04049205034971237,0.3992539942264557,0.7472232580184937,-0.06518919765949249,0.4378088414669037,0.7016084790229797,-0.08756298571825027,0.443134605884552,0.6545218229293823,-0.10522986203432083,0.37692779302597046,0.532760500907898,-0.03462502360343933,0.39309602975845337,0.5513111352920532,-0.08598057180643082,0.38893574476242065,0.6330761909484863,-0.11972256749868393,0.38269078731536865,0.6797694563865662,-0.13569913804531097,0.3132733404636383,0.5112557411193848,-0.03436524048447609,0.3225668966770172,0.5411449074745178,-0.07926899194717407,0.3210139572620392,0.6376347541809082,-0.0929524153470993,0.31646594405174255,0.6803215742111206,-0.09425719082355499,0.2485405057668686,0.5188041925430298,-0.041235070675611496,0.2528988718986511,0.5655003190040588,-0.08228655904531479,0.2571174204349518,0.6550203561782837,-0.07469616085290909,0.25511398911476135,0.6906110644340515,-0.0609840452671051,0.18925243616104126,0.5476142168045044,-0.052516140043735504,0.19181500375270844,0.5916640758514404,-0.07628915458917618,0.20068375766277313,0.6611649990081787,-0.06654209643602371,0.2038332223892212,0.6883894801139832,-0.05226822569966316,yes
0.2904846668243408,0.7341220378875732,-3.612209411585354e-07,0.37357911467552185,0.7012405395507812,-0.023155149072408676,0.44939377903938293,0.6182640790939331,-0.029706526547670364,0.4816983938217163,0.530485987663269,-0.03875645250082016,0.4664677381515503,0.45419272780418396,-0.042133793234825134,0.42699649930000305,0.4912636876106262,0.007398011162877083,0.44779178500175476,0.42675676941871643,-0.026526615023612976,0.43165791034698486,0.5067839026451111,-0.04516758397221565,0.41639000177383423,0.5451838374137878,-0.05107254162430763,0.3774827718734741,0.4686945676803589,0.004811020568013191,0.3995838761329651,0.4026873707771301,-0.02757437154650688,0.38861483335494995,0.4985789656639099,-0.03491055220365524,0.3746515214443207,0.5349132418632507,-0.03099065274000168,0.322617769241333,0.4588954746723175,-0.004998485092073679,0.34169402718544006,0.3845393657684326,-0.03898697718977928,0.3408108055591583,0.4711148738861084,-0.02861112169921398,0.3281331956386566,0.5123863816261292,-0.011572157964110374,0.26179012656211853,0.4568721652030945,-0.01705990545451641,0.2733866274356842,0.3818458914756775,-0.03640972822904587,0.2840527892112732,0.4322022795677185,-0.023098940029740334,0.2812766432762146,0.47032809257507324,-0.005850354675203562,yes
0.29651421308517456,0.7205923795700073,-4.2272995415260084e-07,0.3811213970184326,0.6819153428077698,-0.017195209860801697,0.44999533891677856,0.5956456661224365,-0.01920311339199543,0.48290491104125977,0.511234700679779,-0.02478189580142498,0.4718713164329529,0.4329069256782532,-0.025950340554118156,0.42614689469337463,0.48705074191093445,0.017907127737998962,0.45143359899520874,0.4231570065021515,-0.011715204454958439,0.43949395418167114,0.4961959719657898,-0.0279401708394289,0.41626861691474915,0.5404194593429565,-0.03159578517079353,0.3856360912322998,0.46434691548347473,0.014460169710218906,0.41108226776123047,0.395376980304718,-0.017889754846692085,0.3995109498500824,0.4909321665763855,-0.02885071374475956,0.3758012056350708,0.5380234122276306,-0.025941964238882065,0.33639439940452576,0.4496237337589264,0.004443842452019453,0.3639205992221832,0.37153446674346924,-0.02949848398566246,0.36092883348464966,0.463193416595459,-0.022603482007980347,0.34021005034446716,0.5141817927360535,-0.006197736132889986,0.27799883484840393,0.4400380253791809,-0.007055389694869518,0.30099794268608093,0.3676164746284485,-0.026883617043495178,0.3121824860572815,0.4197821021080017,-0.01568414643406868,0.3046329915523529,0.4589617848396301,0.0005484017892740667,yes
0.2991620600223541,0.7167404890060425,-3.918178208550671e-07,0.3893875479698181,0.6744095087051392,-0.009242327883839607,0.4540988802909851,0.5974956154823303,-0.007139257621020079,0.4847787022590637,0.5237451195716858,-0.010691657662391663,0.4784162640571594,0.4510202705860138,-0.011078301817178726,0.4287159740924835,0.5002484321594238,0.02971535362303257,0.4563150107860565,0.4472568929195404,0.00598907470703125,0.4427063763141632,0.5105571746826172,-0.008779341354966164,0.4182482659816742,0.5503106713294983,-0.012385541573166847,0.39279818534851074,0.4762665629386902,0.02407112531363964,0.417915403842926,0.4196144938468933,-0.0027093978133052588,0.4024464190006256,0.5044480562210083,-0.014303620904684067,0.3782327175140381,0.5485352277755737,-0.013144979253411293,0.3482525050640106,0.4582224488258362,0.01246276218444109,0.37749820947647095,0.3904602527618408,-0.016922906041145325,0.36933332681655884,0.4763801097869873,-0.012376848608255386,0.3467375636100769,0.5278257727622986,0.001564015168696642,0.29419955611228943,0.4454764127731323,-0.00012592201528605074,0.3183029890060425,0.37548428773880005,-0.017396122217178345,0.3271205723285675,0.42616739869117737,-0.007362338248640299,0.3193379044532776,0.46859949827194214,0.0075436984188854694,yes
0.29047638177871704,0.7403116226196289,-3.1764349728291563e-07,0.35644271969795227,0.7267771363258362,-0.028954995796084404,0.43350404500961304,0.6567416787147522,-0.03903670981526375,0.4675440192222595,0.5878282189369202,-0.048546433448791504,0.4538657069206238,0.5280959606170654,-0.053008679300546646,0.41520193219184875,0.4982868731021881,-0.0062641301192343235,0.4334961771965027,0.44767189025878906,-0.040085311979055405,0.42557185888290405,0.5174177289009094,-0.05956496298313141,0.4184279441833496,0.5543432831764221,-0.06773413717746735,0.36299827694892883,0.4753037095069885,-0.007177815772593021,0.3795802593231201,0.42556944489479065,-0.03799615800380707,0.37229347229003906,0.5194444060325623,-0.04462996497750282,0.363913893699646,0.5516165494918823,-0.042719513177871704,0.3048749566078186,0.47094324231147766,-0.015132071450352669,0.31712502241134644,0.421495646238327,-0.04886160418391228,0.31782272458076477,0.5072728395462036,-0.03891679272055626,0.3105202615261078,0.5393207669258118,-0.02482961118221283,0.24256153404712677,0.4795624911785126,-0.02560601942241192,0.25393226742744446,0.43075084686279297,-0.046002697199583054,0.26305362582206726,0.49165937304496765,-0.03283895552158356,0.2607836127281189,0.5240599513053894,-0.017643490806221962,yes
0.2423284351825714,0.8211005926132202,-3.3290751844106126e-07,0.3166237771511078,0.806023120880127,-0.05217064917087555,0.38422855734825134,0.7716044783592224,-0.08767478913068771,0.41389569640159607,0.7395682334899902,-0.11820349097251892,0.3894323706626892,0.7190074324607849,-0.1434151977300644,0.34918534755706787,0.5416706800460815,-0.05695316568017006,0.3550906777381897,0.6353426575660706,-0.11475532501935959,0.34873607754707336,0.7148589491844177,-0.15357553958892822,0.3420312702655792,0.7248127460479736,-0.17597883939743042,0.273013710975647,0.5288223028182983,-0.0558139830827713,0.2770834267139435,0.63619065284729,-0.10010506212711334,0.2826652526855469,0.7208759784698486,-0.11326587200164795,0.28319716453552246,0.7201839089393616,-0.12031279504299164,0.202052041888237,0.5570266246795654,-0.06228215619921684,0.20776037871837616,0.6615592241287231,-0.10190725326538086,0.2218227982521057,0.7326807975769043,-0.09521441161632538,0.2263239473104477,0.7253710627555847,-0.08801103383302689,0.14375457167625427,0.6054520606994629,-0.07477004081010818,0.14836131036281586,0.6856057047843933,-0.09611393511295319,0.16883176565170288,0.741771399974823,-0.0883086547255516,0.17909246683120728,0.7409446239471436,-0.08013201504945755,yes
0.2359064370393753,0.823259711265564,-3.261390304487577e-07,0.30713167786598206,0.8141279220581055,-0.06052301079034805,0.3688230514526367,0.7791645526885986,-0.1012813150882721,0.40115219354629517,0.7484931945800781,-0.1365543156862259,0.3941926658153534,0.7163810729980469,-0.16547133028507233,0.3442004919052124,0.548715353012085,-0.06493892520666122,0.35155338048934937,0.6275516152381897,-0.13314326107501984,0.34675467014312744,0.7159156203269958,-0.1772003024816513,0.33997514843940735,0.7369369268417358,-0.2015569657087326,0.27164024114608765,0.535741925239563,-0.06192093342542648,0.2733989953994751,0.6294246315956116,-0.11850528419017792,0.2807022035121918,0.7247529029846191,-0.13651880621910095,0.2815465033054352,0.7291563749313354,-0.14464449882507324,0.20217585563659668,0.5660980343818665,-0.0681924819946289,0.2033737301826477,0.6551591753959656,-0.1188717857003212,0.21636182069778442,0.7319012880325317,-0.1140078529715538,0.21956536173820496,0.7241137027740479,-0.10579496622085571,0.14430436491966248,0.617696225643158,-0.08071479946374893,0.14196908473968506,0.6897498965263367,-0.11004731804132462,0.15927517414093018,0.7414448261260986,-0.10577098280191422,0.16701191663742065,0.7329059839248657,-0.09912943094968796,yes
0.27109330892562866,0.7384330034255981,-4.1734804767656897e-07,0.3458390533924103,0.7237825989723206,-0.031601302325725555,0.42956793308258057,0.6271103620529175,-0.03844307363033295,0.46627622842788696,0.5339503884315491,-0.04419450834393501,0.4399977922439575,0.4666529893875122,-0.04258802533149719,0.4037238657474518,0.4860452115535736,-0.0012570878025144339,0.41820430755615234,0.4186582565307617,-0.03845532238483429,0.4027762711048126,0.5074574947357178,-0.05526839941740036,0.3955419063568115,0.5443181991577148,-0.0594925656914711,0.35055863857269287,0.4637560546398163,0.0010731493821367621,0.35915517807006836,0.4080031216144562,-0.035386692732572556,0.3469276428222656,0.5150500535964966,-0.03842994198203087,0.34060847759246826,0.5379469990730286,-0.030343331396579742,0.29228678345680237,0.45632660388946533,-0.004882731009274721,0.29930856823921204,0.4016513526439667,-0.043478239327669144,0.29588592052459717,0.5010607838630676,-0.026945052668452263,0.29051581025123596,0.5267261266708374,-0.005543460138142109,0.22940278053283691,0.45465144515037537,-0.013628117740154266,0.24293623864650726,0.40895581245422363,-0.03370728716254234,0.24642637372016907,0.4792620837688446,-0.016144517809152603,0.24287450313568115,0.5075494647026062,0.003848157124593854,yes
0.7675864696502686,0.7113230228424072,-6.583243816749018e-07,0.6912094354629517,0.6680918335914612,-0.02031116373836994,0.6324001550674438,0.5758171081542969,-0.0255786944180727,0.6108673810958862,0.4816611409187317,-0.03457187861204147,0.6394073367118835,0.42458656430244446,-0.03645492345094681,0.66715407371521,0.4822382926940918,0.022930961102247238,0.6623066663742065,0.41162729263305664,-0.01445582415908575,0.6744734048843384,0.4844721555709839,-0.03624172881245613,0.6824327111244202,0.532808780670166,-0.0440976545214653,0.7151212692260742,0.4663419723510742,0.01924385130405426,0.7062452435493469,0.39348042011260986,-0.017022766172885895,0.7177136540412903,0.48634377121925354,-0.024661127477884293,0.7243452668190002,0.523098349571228,-0.01849418692290783,0.7654968500137329,0.46439307928085327,0.006553174462169409,0.7639473080635071,0.38576266169548035,-0.02854079194366932,0.7646222114562988,0.4670375883579254,-0.015784893184900284,0.7652720212936401,0.5052271485328674,0.004664983134716749,0.8169001340866089,0.47677960991859436,-0.00900599267333746,0.8183282017707825,0.40254461765289307,-0.024492640048265457,0.8084596395492554,0.45419684052467346,-0.010450306348502636,0.8016048669815063,0.4893656075000763,0.006369205191731453,yes
0.7659968733787537,0.7056926488876343,-6.4190902548944e-07,0.6944321990013123,0.6612483859062195,-0.02181670442223549,0.6356192827224731,0.5654721856117249,-0.02781255543231964,0.6165556907653809,0.4718189239501953,-0.03714309632778168,0.6467646360397339,0.41394513845443726,-0.039160050451755524,0.6692909002304077,0.46718382835388184,0.020113207399845123,0.6667258739471436,0.4017387628555298,-0.016442179679870605,0.676747739315033,0.4769389033317566,-0.03641407936811447,0.6827764511108398,0.5157779455184937,-0.0437760166823864,0.7185104489326477,0.4529002606868744,0.016141265630722046,0.7124420404434204,0.3838469386100769,-0.020701540634036064,0.7208803296089172,0.4790290892124176,-0.026629572734236717,0.7273969650268555,0.5085780620574951,-0.019068757072091103,0.7705021500587463,0.4525861144065857,0.003064385848119855,0.771270215511322,0.3798924386501312,-0.03348444402217865,0.7700660228729248,0.46418920159339905,-0.01969885639846325,0.7699951529502869,0.495820015668869,0.0016704845475032926,0.8226415514945984,0.4661312699317932,-0.01293826662003994,0.8266003131866455,0.39486047625541687,-0.029018022119998932,0.8153164386749268,0.4483400583267212,-0.014327876269817352,0.8072296380996704,0.4791186451911926,0.0030282381922006607,yes
0.7626967430114746,0.6862776875495911,-4.247104072874208e-07,0.7040491700172424,0.6630204916000366,-0.051857974380254745,0.6515597701072693,0.5992424488067627,-0.08790376782417297,0.634034276008606,0.5511666536331177,-0.11903588473796844,0.6614295840263367,0.5327509045600891,-0.14328758418560028,0.7077627778053284,0.4493808448314667,-0.05323106795549393,0.7069016695022583,0.43164926767349243,-0.10986347496509552,0.6995668411254883,0.5059505701065063,-0.1427256017923355,0.6942744851112366,0.5634223222732544,-0.15784041583538055,0.7683870196342468,0.45488354563713074,-0.05117106810212135,0.7695916891098022,0.43674737215042114,-0.10864295810461044,0.759037971496582,0.5282980799674988,-0.1230718195438385,0.7547800540924072,0.5739144682884216,-0.12112554162740707,0.819676399230957,0.4819343686103821,-0.05733272805809975,0.8268994092941284,0.46856144070625305,-0.10944884270429611,0.8123891353607178,0.5461844205856323,-0.1005166545510292,0.8016486763954163,0.578619122505188,-0.08303558826446533,0.8626998662948608,0.5224722623825073,-0.06832102686166763,0.8775917291641235,0.5143082141876221,-0.10003510117530823,0.8578493595123291,0.5670338273048401,-0.0916903018951416,0.8390516042709351,0.5863596796989441,-0.07799146324396133,yes
0.7840706706047058,0.6851422786712646,-6.070051199458248e-07,0.7248525023460388,0.6773808002471924,-0.06412605196237564,0.6625692844390869,0.6372825503349304,-0.10684745013713837,0.6494019031524658,0.6205363869667053,-0.1394462287425995,0.6926140785217285,0.6286284923553467,-0.1628318876028061,0.7234490513801575,0.47879481315612793,-0.08796398341655731,0.7340580224990845,0.5974923372268677,-0.12565189599990845,0.7241435647010803,0.6525803804397583,-0.13390159606933594,0.7185732126235962,0.6360086798667908,-0.13972719013690948,0.7871140837669373,0.47436651587486267,-0.07804037630558014,0.7976299524307251,0.6090500354766846,-0.11760622262954712,0.7765974402427673,0.6689953804016113,-0.11437350511550903,0.7704223990440369,0.6355862021446228,-0.10885079950094223,0.842330813407898,0.49792319536209106,-0.07346852868795395,0.8541871309280396,0.6266056895256042,-0.11331359297037125,0.8280553221702576,0.6689822673797607,-0.1006774976849556,0.8178097009658813,0.6346416473388672,-0.08816777169704437,0.8840957283973694,0.5372520685195923,-0.07534801214933395,0.8962199687957764,0.6278058290481567,-0.10570143908262253,0.8759393692016602,0.6619671583175659,-0.10463932156562805,0.8631905317306519,0.6450784206390381,-0.0995112732052803,yes
0.7861760258674622,0.6944087147712708,-5.609300615105894e-07,0.7286759614944458,0.6862769722938538,-0.05835575982928276,0.6707616448402405,0.6515533924102783,-0.09858590364456177,0.6529577970504761,0.6378290057182312,-0.12963804602622986,0.6888327598571777,0.637824296951294,-0.1521758735179901,0.7294437289237976,0.4851190447807312,-0.07958482205867767,0.7381284236907959,0.5943678617477417,-0.11369390785694122,0.7311739921569824,0.648248553276062,-0.12211564928293228,0.7281336188316345,0.6300322413444519,-0.12873399257659912,0.7917708158493042,0.48697367310523987,-0.07177182286977768,0.79909348487854,0.6107262969017029,-0.10943495482206345,0.780579686164856,0.6674719452857971,-0.11015698313713074,0.7750027775764465,0.640892505645752,-0.10858184844255447,0.8452556729316711,0.5131903290748596,-0.06846220046281815,0.8536224961280823,0.6253650784492493,-0.1076798215508461,0.831791877746582,0.6697226762771606,-0.0989706963300705,0.8212708830833435,0.6448803544044495,-0.0897529348731041,0.8861967921257019,0.5519957542419434,-0.07068020850419998,0.8990069627761841,0.6293349266052246,-0.10005058348178864,0.8809276819229126,0.6678338050842285,-0.09923648089170456,0.8661784529685974,0.6563366651535034,-0.09486719965934753,yes
0.7746568322181702,0.6976578235626221,-4.152346093633241e-07,0.718346893787384,0.6818785071372986,-0.05715612322092056,0.6602578163146973,0.6361358165740967,-0.09746946394443512,0.6405574679374695,0.6082857847213745,-0.12996794283390045,0.6740626692771912,0.601502001285553,-0.15469937026500702,0.7152077555656433,0.4726075828075409,-0.07082993537187576,0.7168961763381958,0.5425911545753479,-0.12082631140947342,0.7192108631134033,0.5985763669013977,-0.14780573546886444,0.7169320583343506,0.6219258904457092,-0.1625230461359024,0.776345431804657,0.4652164876461029,-0.06516438722610474,0.786214292049408,0.5530372858047485,-0.11401969939470291,0.77765953540802,0.6118549108505249,-0.12669527530670166,0.7676405310630798,0.621570348739624,-0.1300031989812851,0.8276499509811401,0.4898830056190491,-0.06602820008993149,0.8405411243438721,0.5725301504135132,-0.11426296830177307,0.8285722732543945,0.6181923747062683,-0.11334577947854996,0.8137032985687256,0.6166328191757202,-0.10571368038654327,0.8670936226844788,0.5303183794021606,-0.07219775766134262,0.8840492963790894,0.5936059355735779,-0.10727807879447937,0.8719848394393921,0.626613438129425,-0.1095600351691246,0.8532699346542358,0.6216118335723877,-0.10463060438632965,yes
0.7336037755012512,0.7186270356178284,-4.585027113535034e-07,0.6776171922683716,0.6898437142372131,-0.04854860529303551,0.6276702880859375,0.6208104491233826,-0.07435792684555054,0.61042720079422,0.5492914319038391,-0.09560125321149826,0.6376481652259827,0.5080693364143372,-0.1080062985420227,0.66524338722229,0.4840404987335205,-0.027928952127695084,0.6693300008773804,0.45026442408561707,-0.07605556398630142,0.669414222240448,0.5177367925643921,-0.09761455655097961,0.6670495271682739,0.5626651644706726,-0.10464105755090714,0.7228710651397705,0.4767649471759796,-0.02396785467863083,0.7260935306549072,0.42839255928993225,-0.07455701380968094,0.7226952314376831,0.5330309867858887,-0.08067299425601959,0.7221537232398987,0.5716396570205688,-0.07123840600252151,0.7762015461921692,0.49071335792541504,-0.029648076742887497,0.7867832183837891,0.45018288493156433,-0.08124805241823196,0.7772906422615051,0.5384488105773926,-0.06807193905115128,0.768653392791748,0.5675554871559143,-0.04503130540251732,0.8240168690681458,0.5226867198944092,-0.03945191204547882,0.8440261483192444,0.482374906539917,-0.071253202855587,0.8294636607170105,0.5393653512001038,-0.06058681383728981,0.8134859204292297,0.5605428814888,-0.04371481016278267,yes
0.751960813999176,0.705919623374939,-6.186689347487118e-07,0.6817306876182556,0.6641619205474854,-0.027647851034998894,0.625024676322937,0.5738413333892822,-0.037385400384664536,0.6037798523902893,0.48063451051712036,-0.04933202266693115,0.6340226531028748,0.42358309030532837,-0.05317560210824013,0.6551508903503418,0.4692550301551819,0.017615443095564842,0.6530706882476807,0.40933549404144287,-0.023004865273833275,0.6652398109436035,0.4844376742839813,-0.04575437679886818,0.6709280014038086,0.5253866314888,-0.05428716540336609,0.7047014832496643,0.45520883798599243,0.015693308785557747,0.6990794539451599,0.3919289708137512,-0.025003483518958092,0.7087534070014954,0.48801276087760925,-0.03316565975546837,0.7134612798690796,0.5166957378387451,-0.026358988136053085,0.7566233277320862,0.45553165674209595,0.003775890450924635,0.7584148645401001,0.38982078433036804,-0.035986073315143585,0.7579441666603088,0.47201400995254517,-0.023730281740427017,0.7564095258712769,0.4979802966117859,-0.0025687022134661674,0.8088794946670532,0.4699491560459137,-0.011618209071457386,0.8139209747314453,0.40581437945365906,-0.030080558732151985,0.8028978705406189,0.45721080899238586,-0.016839388757944107,0.7927218079566956,0.48311981558799744,0.00011413514585001394,yes
0.7602724432945251,0.6951524615287781,-6.351689307848574e-07,0.6849422454833984,0.6568488478660583,-0.016821935772895813,0.6258038878440857,0.5670866370201111,-0.01986289955675602,0.6059957146644592,0.47627511620521545,-0.02747916989028454,0.6320592164993286,0.4215812087059021,-0.028970973566174507,0.6599684953689575,0.47960689663887024,0.02408059872686863,0.6519021987915039,0.41238901019096375,-0.008527824655175209,0.6649622321128845,0.4804922938346863,-0.027465440332889557,0.6744005084037781,0.522976815700531,-0.03437233343720436,0.7034825086593628,0.4633467197418213,0.01982627995312214,0.6930932402610779,0.39526769518852234,-0.012173962779343128,0.7073072791099548,0.4810774028301239,-0.018122708424925804,0.717170774936676,0.5164903998374939,-0.012128152884542942,0.7504035830497742,0.45905163884162903,0.007217976730316877,0.7445058822631836,0.38453954458236694,-0.024460040032863617,0.7482206225395203,0.4627646803855896,-0.012624481692910194,0.7520221471786499,0.5042110681533813,0.006127867382019758,0.7991240620613098,0.4675632417201996,-0.008008746430277824,0.797193706035614,0.3958478569984436,-0.02277747541666031,0.7876036763191223,0.44341206550598145,-0.010930566117167473,0.781352698802948,0.48021355271339417,0.003772695316001773,yes
0.7605180740356445,0.6975209712982178,-6.498789275610761e-07,0.6844072937965393,0.6582042574882507,-0.015162821859121323,0.6246507167816162,0.5687701106071472,-0.01784238964319229,0.6044729948043823,0.4770469069480896,-0.02532503753900528,0.631268322467804,0.42085176706314087,-0.026950769126415253,0.6592909097671509,0.4870365858078003,0.024115661159157753,0.6497437953948975,0.4166008234024048,-0.007974358275532722,0.6636542677879333,0.48404955863952637,-0.026267487555742264,0.6725562810897827,0.5269895792007446,-0.03267554193735123,0.7035567164421082,0.4712252914905548,0.019021008163690567,0.6911660432815552,0.40003350377082825,-0.012946504168212414,0.7053090929985046,0.4852980971336365,-0.019100522622466087,0.7142985463142395,0.5232618451118469,-0.013065884821116924,0.7509721517562866,0.4665675759315491,0.005990771111100912,0.7432070970535278,0.38854509592056274,-0.025991452857851982,0.7461884617805481,0.46878838539123535,-0.014202441088855267,0.748648464679718,0.5141153335571289,0.004963335581123829,0.801034688949585,0.47404465079307556,-0.009329634718596935,0.7953407168388367,0.4006992280483246,-0.0241297148168087,0.7850655913352966,0.4492492973804474,-0.011852523311972618,0.7786652445793152,0.488341748714447,0.003292274894192815,yes
0.7615929841995239,0.6872285604476929,-5.963763101135555e-07,0.6910752654075623,0.6497957706451416,-0.026255270466208458,0.6329367756843567,0.5640714168548584,-0.03417232260107994,0.6122128963470459,0.47319096326828003,-0.044460151344537735,0.6425795555114746,0.4237591028213501,-0.04661381244659424,0.662979245185852,0.46132326126098633,0.02012336626648903,0.6593554019927979,0.4053347408771515,-0.018732981756329536,0.6695900559425354,0.48053085803985596,-0.039191365242004395,0.6751669645309448,0.5104910731315613,-0.04677543044090271,0.7119603753089905,0.4474192261695862,0.01761317439377308,0.7052850127220154,0.3882678151130676,-0.02222106046974659,0.7127891182899475,0.48175498843193054,-0.02825140953063965,0.7180085778236389,0.4997389614582062,-0.019962556660175323,0.7630866169929504,0.44745728373527527,0.004936802200973034,0.7636813521385193,0.38576602935791016,-0.03425674885511398,0.7622693777084351,0.46685922145843506,-0.020844915881752968,0.7619739770889282,0.48585018515586853,0.0009813036303967237,0.8149418234825134,0.4601304531097412,-0.011284389533102512,0.8196876645088196,0.3975970447063446,-0.028746096417307854,0.8092364072799683,0.4483240246772766,-0.015460281632840633,0.801685631275177,0.4697571098804474,0.0011871003080159426,yes
0.7630025148391724,0.7072270512580872,-3.919741118352249e-07,0.7073917388916016,0.671400785446167,-0.05733145400881767,0.659973680973053,0.5971092581748962,-0.08856352418661118,0.6459068655967712,0.524494469165802,-0.11537592113018036,0.6787207722663879,0.4814680814743042,-0.13180939853191376,0.6922491192817688,0.46053364872932434,-0.027512287721037865,0.6957301497459412,0.4327782392501831,-0.08109109848737717,0.6978780031204224,0.5024322867393494,-0.10393475741147995,0.6933370232582092,0.5314222574234009,-0.11149312555789948,0.748542070388794,0.45449966192245483,-0.02219720184803009,0.752480685710907,0.41185426712036133,-0.07824817299842834,0.7528130412101746,0.5149629712104797,-0.084333136677742,0.7485077977180481,0.5268437266349792,-0.0737103670835495,0.8033846616744995,0.466846227645874,-0.02866280823945999,0.8134319186210632,0.4254678189754486,-0.08605428785085678,0.8081808090209961,0.5093588829040527,-0.07184147089719772,0.7982786893844604,0.52079176902771,-0.047011423856019974,0.8515847325325012,0.4947388172149658,-0.04042482003569603,0.8705924153327942,0.4550118148326874,-0.07331645488739014,0.8601664304733276,0.5074940323829651,-0.061542004346847534,0.8445069789886475,0.5223955512046814,-0.04335484281182289,yes
0.7800136208534241,0.7107433080673218,-5.125289135321509e-07,0.7170354723930359,0.6840485334396362,-0.052756886929273605,0.6644817590713501,0.6281863451004028,-0.08657031506299973,0.6572474241256714,0.5804455280303955,-0.11336953938007355,0.6955556273460388,0.555271327495575,-0.13119769096374512,0.7103925943374634,0.45241671800613403,-0.05226551741361618,0.7222837805747986,0.4972904920578003,-0.09537138044834137,0.7292131781578064,0.5742672681808472,-0.11492755264043808,0.7229556441307068,0.5950910449028015,-0.12514665722846985,0.7701215744018555,0.4443756937980652,-0.048338137567043304,0.7833490371704102,0.481608122587204,-0.09489694982767105,0.7825002670288086,0.5697463750839233,-0.10451988130807877,0.7732800245285034,0.5850563645362854,-0.10342654585838318,0.8243668079376221,0.4666726291179657,-0.050942499190568924,0.840755820274353,0.48678597807884216,-0.09771960973739624,0.8349915742874146,0.563094973564148,-0.08881979435682297,0.8212333917617798,0.5743001699447632,-0.0741952434182167,0.8689467310905457,0.5073259472846985,-0.05830109864473343,0.8939269185066223,0.5214501619338989,-0.09042415022850037,0.8829987049102783,0.5731212496757507,-0.08432226628065109,0.8636856079101562,0.5795040726661682,-0.07267029583454132,yes
0.7958902716636658,0.726965069770813,-6.381921480169694e-07,0.738662838935852,0.7085171937942505,-0.057211920619010925,0.6806875467300415,0.656487226486206,-0.09382138401269913,0.6712751984596252,0.6173861622810364,-0.12213918566703796,0.7186383605003357,0.6077736616134644,-0.14070886373519897,0.7319186329841614,0.47277066111564636,-0.06316649168729782,0.741483747959137,0.5535633563995361,-0.10012347996234894,0.7400578856468201,0.6220273971557617,-0.11244093626737595,0.7346238493919373,0.614891529083252,-0.12169846147298813,0.7931598424911499,0.4598340392112732,-0.057194311171770096,0.8092862963676453,0.5568833351135254,-0.09752733260393143,0.7984089851379395,0.635260283946991,-0.10123153030872345,0.7894028425216675,0.617194414138794,-0.10005515813827515,0.8495882153511047,0.48151111602783203,-0.0572948232293129,0.8712491989135742,0.567618191242218,-0.09867481887340546,0.8519155383110046,0.6320273876190186,-0.08938319236040115,0.8350509405136108,0.6113092303276062,-0.07897881418466568,0.8970938920974731,0.5216970443725586,-0.06320200115442276,0.9225698709487915,0.5905916690826416,-0.09364736825227737,0.9024460315704346,0.6385517716407776,-0.09287677705287933,0.8808110952377319,0.6234889626502991,-0.08782238513231277,yes
0.7947953939437866,0.7327868342399597,-6.329998427645478e-07,0.7385183572769165,0.7131284475326538,-0.05705469846725464,0.6848702430725098,0.6616490483283997,-0.09312285482883453,0.6790311336517334,0.6179648637771606,-0.1207360029220581,0.7248031497001648,0.606316328048706,-0.13855163753032684,0.7397717237472534,0.4747839570045471,-0.06308835744857788,0.7522879838943481,0.5468465089797974,-0.09827375411987305,0.7489662170410156,0.6190853714942932,-0.10885542631149292,0.741258442401886,0.6194002628326416,-0.11643736809492111,0.8014836311340332,0.4672813415527344,-0.05611254647374153,0.8152183890342712,0.5594919919967651,-0.09556902945041656,0.8014916777610779,0.6380079388618469,-0.10056369006633759,0.792256236076355,0.6256337761878967,-0.1007726788520813,0.8565698862075806,0.49272873997688293,-0.054932888597249985,0.8746362328529358,0.5717638731002808,-0.09667667001485825,0.8542925119400024,0.6338562369346619,-0.09002677351236343,0.8378728628158569,0.6184388995170593,-0.08111093938350677,0.9022731781005859,0.5351867079734802,-0.059009309858083725,0.924662709236145,0.5876012444496155,-0.0894034206867218,0.9039632081985474,0.6347512006759644,-0.08803483843803406,0.8816573023796082,0.6265749931335449,-0.08234018087387085,yes
0.7712351083755493,0.7158753275871277,-2.992149745750794e-07,0.7155552506446838,0.6901963949203491,-0.05778506398200989,0.6684995889663696,0.6214552521705627,-0.09061631560325623,0.6590859889984131,0.5547104477882385,-0.1167653277516365,0.6922357678413391,0.5139199495315552,-0.1340576708316803,0.7035509347915649,0.4837627112865448,-0.046370867639780045,0.7045496702194214,0.449369341135025,-0.09504572302103043,0.7030578255653381,0.5117117166519165,-0.11639928817749023,0.6975356936454773,0.5416857004165649,-0.12455101311206818,0.7607729434967041,0.4743936061859131,-0.03816589340567589,0.766298770904541,0.42823565006256104,-0.0854465439915657,0.763616681098938,0.5243507623672485,-0.08903781324625015,0.759569525718689,0.5476120710372925,-0.08121620863676071,0.8140113353729248,0.48727548122406006,-0.039492957293987274,0.8285515308380127,0.43540215492248535,-0.0883864089846611,0.8212773203849792,0.5165929198265076,-0.07387416064739227,0.8111264109611511,0.5383408069610596,-0.05323224887251854,0.8603118062019348,0.5171262621879578,-0.045794129371643066,0.883944034576416,0.47549909353256226,-0.07853342592716217,0.8730612993240356,0.5283458232879639,-0.06893014162778854,0.8565789461135864,0.5485057234764099,-0.05406789481639862,yes
0.7695057392120361,0.7082822322845459,-5.264689093564812e-07,0.7008178234100342,0.663904070854187,-0.03317292034626007,0.6476751565933228,0.5754252672195435,-0.04371802508831024,0.6293647289276123,0.4825945496559143,-0.054445117712020874,0.6615066528320312,0.43179798126220703,-0.0557505264878273,0.6742636561393738,0.46531355381011963,0.014622638002038002,0.6818268299102783,0.4124794602394104,-0.023538652807474136,0.6888764500617981,0.4878695607185364,-0.04400620609521866,0.6905510425567627,0.5213257670402527,-0.05222775414586067,0.7272809743881226,0.4530453085899353,0.01554965041577816,0.728234589099884,0.3932568430900574,-0.02577258087694645,0.7328956723213196,0.49142736196517944,-0.03327290341258049,0.7351173758506775,0.5161457061767578,-0.02606279030442238,0.780686616897583,0.4563470780849457,0.00624419841915369,0.788409411907196,0.3928571939468384,-0.03430451452732086,0.7848332524299622,0.4752854108810425,-0.021088317036628723,0.7819350957870483,0.5013015270233154,0.000732964719645679,0.8333362936973572,0.4737476408481598,-0.007036820985376835,0.844596803188324,0.4119759798049927,-0.026454927399754524,0.8322240114212036,0.46123161911964417,-0.013857011683285236,0.8207961916923523,0.4836864769458771,0.00275182886980474,yes
0.7654602527618408,0.7077115178108215,-5.887457632525184e-07,0.6946151256561279,0.6642161011695862,-0.024821540340781212,0.638224720954895,0.5705140829086304,-0.03232211247086525,0.616228461265564,0.47573333978652954,-0.042266957461833954,0.6481853723526001,0.42372214794158936,-0.04423077404499054,0.6695737242698669,0.47265318036079407,0.01610858552157879,0.6709532737731934,0.41155368089675903,-0.01905587688088417,0.6812592148780823,0.48370361328125,-0.038226354867219925,0.684173583984375,0.5231166481971741,-0.0452740341424942,0.7187208533287048,0.46052148938179016,0.014592318795621395,0.7150583863258362,0.3962695598602295,-0.0189047921448946,0.7242828607559204,0.486712247133255,-0.023809179663658142,0.7265270352363586,0.5154894590377808,-0.017414515838027,0.7698114514350891,0.46234798431396484,0.004110155161470175,0.7723024487495422,0.389859676361084,-0.03009713627398014,0.7720139026641846,0.4700919985771179,-0.017070582136511803,0.7687831521034241,0.5061103105545044,0.002743897959589958,0.8205074071884155,0.4769446551799774,-0.009570629335939884,0.8287410736083984,0.4034462869167328,-0.026051616296172142,0.8188238739967346,0.44596531987190247,-0.014156993478536606,0.8082389235496521,0.47494858503341675,0.0009672392043285072,yes
0.7607907652854919,0.7011232972145081,-6.493536375273834e-07,0.6837659478187561,0.6641286015510559,-0.014463373459875584,0.6256352663040161,0.5761090517044067,-0.01747877337038517,0.6077024340629578,0.4855012893676758,-0.025147227570414543,0.6322580575942993,0.4277821183204651,-0.026503028348088264,0.6612600088119507,0.49013349413871765,0.0221782848238945,0.6546207070350647,0.42130032181739807,-0.010983211919665337,0.6646372079849243,0.48655715584754944,-0.029729526489973068,0.6732528209686279,0.5328836441040039,-0.03593801334500313,0.7052751183509827,0.47512853145599365,0.017306163907051086,0.6941007375717163,0.40429937839508057,-0.014194014482200146,0.7054348587989807,0.4878026247024536,-0.019426744431257248,0.715496301651001,0.5262120962142944,-0.013089058920741081,0.7519936561584473,0.471489816904068,0.0045485589653253555,0.7455141544342041,0.39524102210998535,-0.02598743885755539,0.7461070418357849,0.47028544545173645,-0.013980234041810036,0.749305248260498,0.5135879516601562,0.004594222642481327,0.8012998104095459,0.4797342121601105,-0.010583749040961266,0.7996804118156433,0.40463730692863464,-0.025038747116923332,0.7872042059898376,0.4473053812980652,-0.013691437430679798,0.7789631485939026,0.48462629318237305,0.0005913296481594443,yes
0.757706344127655,0.6912619471549988,-6.2644113540955e-07,0.6813005805015564,0.6519138813018799,-0.012029539793729782,0.6218721270561218,0.5668994188308716,-0.01414360012859106,0.6043104529380798,0.47747209668159485,-0.02112695947289467,0.6292857527732849,0.4199557304382324,-0.02254965715110302,0.6577548384666443,0.48618289828300476,0.024136675521731377,0.6497041583061218,0.4181562066078186,-0.005074516404420137,0.659034013748169,0.48357564210891724,-0.02203322947025299,0.6655080318450928,0.5240564346313477,-0.028183534741401672,0.7003988027572632,0.47086504101753235,0.01820467598736286,0.6893401741981506,0.4058414697647095,-0.009721960872411728,0.7009365558624268,0.48589301109313965,-0.014848202466964722,0.7094849944114685,0.5190153121948242,-0.009535018354654312,0.7457436919212341,0.4657515287399292,0.005019433796405792,0.7380568385124207,0.39422371983528137,-0.022266745567321777,0.7407134175300598,0.4678512215614319,-0.010436087846755981,0.7434455752372742,0.5074018836021423,0.00674587395042181,0.7932974100112915,0.47242438793182373,-0.010286645032465458,0.7880100607872009,0.4031642973423004,-0.022330274805426598,0.7788085341453552,0.450793981552124,-0.009705983102321625,0.7732580304145813,0.48752373456954956,0.004683304112404585,yes
0.7646934986114502,0.6829279065132141,-6.196200956765097e-07,0.6952694654464722,0.6459192037582397,-0.023721227422356606,0.6352382302284241,0.5558235049247742,-0.030612491071224213,0.6158496737480164,0.4625243842601776,-0.04003921523690224,0.6480884552001953,0.4121096432209015,-0.042382750660181046,0.6655673384666443,0.45653966069221497,0.016050780192017555,0.6615005135536194,0.39528709650039673,-0.022948600351810455,0.6688443422317505,0.4683195650577545,-0.0441553108394146,0.6717534065246582,0.5058917999267578,-0.05182916298508644,0.7152071595191956,0.44391027092933655,0.012407361529767513,0.7083315849304199,0.38120973110198975,-0.026204094290733337,0.7146534323692322,0.47136345505714417,-0.03310619294643402,0.7183244824409485,0.49775606393814087,-0.026043614372611046,0.766759991645813,0.44474172592163086,-0.0005052321357652545,0.7659595608711243,0.3765467405319214,-0.038874465972185135,0.7646178007125854,0.4563063383102417,-0.026624219492077827,0.7627165913581848,0.4841735064983368,-0.0061173103749752045,0.8186239004135132,0.4579349756240845,-0.01644243858754635,0.8200811743736267,0.3918415904045105,-0.035138536244630814,0.8116363286972046,0.4431719481945038,-0.022265123203396797,0.804937481880188,0.47011682391166687,-0.005905342288315296,yes
0.7752847671508789,0.7124617099761963,-4.5863680497859605e-07,0.7216476202011108,0.6732023358345032,-0.057646628469228745,0.6738916635513306,0.6104657649993896,-0.09053461253643036,0.6576263308525085,0.5422312617301941,-0.11833955347537994,0.690362274646759,0.51485276222229,-0.13564200699329376,0.7086540460586548,0.4601234197616577,-0.030374566093087196,0.7156415581703186,0.45260903239250183,-0.07722035050392151,0.7199063897132874,0.5278235077857971,-0.09379511326551437,0.715330958366394,0.5515537261962891,-0.09873992949724197,0.7677813172340393,0.45923858880996704,-0.023458046838641167,0.7767931222915649,0.4349743723869324,-0.07490181177854538,0.773211658000946,0.5443021059036255,-0.07673480361700058,0.7635605931282043,0.5522333979606628,-0.06466791778802872,0.8231931328773499,0.47727975249290466,-0.027330808341503143,0.8390853404998779,0.4514560103416443,-0.08066374063491821,0.8285536766052246,0.5379028916358948,-0.06481709331274033,0.8132892847061157,0.5469944477081299,-0.04002964124083519,0.8706129789352417,0.5125208497047424,-0.03643244132399559,0.8952468037605286,0.4793906509876251,-0.06646976619958878,0.8813825249671936,0.5330988764762878,-0.054457154124975204,0.8610504865646362,0.5452978014945984,-0.036839406937360764,yes
0.7823100686073303,0.7221239805221558,-4.2538331967989507e-07,0.7214989066123962,0.6898114681243896,-0.05427555367350578,0.6704816222190857,0.6234051585197449,-0.088121198117733,0.6585549712181091,0.5697270035743713,-0.11648177355527878,0.6951339840888977,0.5451627969741821,-0.13613054156303406,0.7199272513389587,0.4631495177745819,-0.048283129930496216,0.7199844121932983,0.46076029539108276,-0.09713798761367798,0.7151446342468262,0.5222998261451721,-0.12124695628881454,0.7042350172996521,0.5651930570602417,-0.13113364577293396,0.7807285785675049,0.45662832260131836,-0.04245317727327347,0.7840070128440857,0.46192508935928345,-0.09298191219568253,0.7801456451416016,0.5509644150733948,-0.10414623469114304,0.7741264700889587,0.5836362242698669,-0.1015995591878891,0.8346185088157654,0.4798227548599243,-0.044641777873039246,0.8447237014770508,0.47132235765457153,-0.09773095697164536,0.8335978388786316,0.550528883934021,-0.09122665971517563,0.8182928562164307,0.5812311172485352,-0.07427021861076355,0.8802667856216431,0.5205584168434143,-0.051211774349212646,0.9070224761962891,0.5001227259635925,-0.0872359648346901,0.8916222453117371,0.5470876097679138,-0.08212955296039581,0.8682854175567627,0.567077100276947,-0.06907173991203308,yes
0.7973366975784302,0.7465999126434326,-5.639640221488662e-07,0.7407273650169373,0.7278434038162231,-0.05582791566848755,0.6844720244407654,0.6743196845054626,-0.09165433049201965,0.6695607900619507,0.6389905214309692,-0.11971475183963776,0.7065815329551697,0.6316649913787842,-0.1389070600271225,0.7367462515830994,0.4994712471961975,-0.058751180768013,0.7413380146026611,0.5812516808509827,-0.09886875003576279,0.7408313751220703,0.6435462832450867,-0.11628884822130203,0.7350837588310242,0.641999363899231,-0.1275223195552826,0.7983720302581787,0.49012959003448486,-0.052776921540498734,0.8051460981369019,0.5867792963981628,-0.09410133212804794,0.7967822551727295,0.6557273268699646,-0.10143483430147171,0.7897666692733765,0.6442536115646362,-0.10287410020828247,0.852861762046814,0.5140234231948853,-0.05332205072045326,0.8645796775817871,0.5976181030273438,-0.09637904167175293,0.8495142459869385,0.6550541520118713,-0.09104815125465393,0.8351967930793762,0.6402425765991211,-0.08240469545125961,0.89829421043396,0.5538851022720337,-0.05936013534665108,0.9171699285507202,0.6141930818557739,-0.09028035402297974,0.8972105383872986,0.6606801748275757,-0.08987101167440414,0.8744224905967712,0.6528781652450562,-0.0846649557352066,yes
0.784579336643219,0.729313850402832,-3.3354291417708737e-07,0.7219980359077454,0.6989912390708923,-0.049033381044864655,0.6721704006195068,0.6245978474617004,-0.0791880190372467,0.669098436832428,0.5611437559127808,-0.10419811308383942,0.7081946134567261,0.5278375148773193,-0.12238097935914993,0.7169150710105896,0.4867629408836365,-0.040898047387599945,0.7229592204093933,0.4613001346588135,-0.08961398154497147,0.7285932302474976,0.532741367816925,-0.11679529398679733,0.7249279618263245,0.5762053728103638,-0.12947328388690948,0.774848997592926,0.48212769627571106,-0.038176655769348145,0.7817301154136658,0.4437076449394226,-0.08920163661241531,0.7857968807220459,0.5418365001678467,-0.10131914913654327,0.7826592922210693,0.5846664309501648,-0.09832204133272171,0.8279871940612793,0.4996678829193115,-0.04342309758067131,0.8407384157180786,0.45666277408599854,-0.09348352253437042,0.8385074138641357,0.5412726998329163,-0.08371634036302567,0.8291749358177185,0.5742088556289673,-0.06570275127887726,0.8739930987358093,0.5340524315834045,-0.05273314565420151,0.893439531326294,0.5030842423439026,-0.08556503057479858,0.8830798268318176,0.5623836517333984,-0.07611145824193954,0.8673863410949707,0.5862984657287598,-0.06134359911084175,yes
0.7576524019241333,0.6919869184494019,-4.965556854585884e-07,0.6952676773071289,0.6629124879837036,-0.0335504412651062,0.6429079174995422,0.5816512107849121,-0.04863599315285683,0.6300107836723328,0.4977528750896454,-0.06276640295982361,0.6488291025161743,0.44572150707244873,-0.06960785388946533,0.6691572666168213,0.45783594250679016,-0.002322568790987134,0.6744423508644104,0.4102950990200043,-0.044684167951345444,0.6729990243911743,0.46709442138671875,-0.06766816228628159,0.6667817234992981,0.5031697750091553,-0.07643493264913559,0.7223771810531616,0.4489985704421997,-0.003080194815993309,0.7249983549118042,0.39531397819519043,-0.04410183057188988,0.724895715713501,0.48289602994918823,-0.05044834315776825,0.7238999009132385,0.5060486197471619,-0.04311487823724747,0.7751874923706055,0.45599451661109924,-0.013176235370337963,0.7834113240242004,0.4032212197780609,-0.05323744937777519,0.7774410247802734,0.47735974192619324,-0.04020506888628006,0.7712804675102234,0.49513161182403564,-0.01996093988418579,0.8265001773834229,0.47738635540008545,-0.026921506971120834,0.8369429111480713,0.4243960976600647,-0.048439595848321915,0.8257210850715637,0.4744638502597809,-0.03548505902290344,0.8145118951797485,0.4923129081726074,-0.01895035058259964,yes
0.743501603603363,0.6905641555786133,-5.915713927606703e-07,0.6739784479141235,0.6506873369216919,-0.021524114534258842,0.6187981963157654,0.5627378225326538,-0.02857055701315403,0.5988714694976807,0.4736119508743286,-0.03857326880097389,0.6289895176887512,0.4232712388038635,-0.04163539037108421,0.6553277373313904,0.47918757796287537,0.012456218712031841,0.6504557728767395,0.4105425179004669,-0.023132113739848137,0.6590993404388428,0.4797327220439911,-0.04258058965206146,0.6648712754249573,0.5225131511688232,-0.04924812540411949,0.6999079585075378,0.46759033203125,0.009829606860876083,0.691543459892273,0.3968719244003296,-0.02270538918673992,0.6984425783157349,0.4808231592178345,-0.02764427661895752,0.7038381695747375,0.5131326913833618,-0.02147308550775051,0.7466195225715637,0.46757251024246216,-0.0009565394138917327,0.7441410422325134,0.39045050740242004,-0.03294084966182709,0.7419757843017578,0.4681105613708496,-0.019814448431134224,0.741905689239502,0.5068743228912354,-0.00036147606442682445,0.7939112186431885,0.47946658730506897,-0.014712573029100895,0.7983351945877075,0.40600019693374634,-0.029974592849612236,0.7865614891052246,0.44906726479530334,-0.018010839819908142,0.777827262878418,0.48215600848197937,-0.0031831017695367336,yes
0.7416455745697021,0.6890498399734497,-6.258577514017816e-07,0.6678074598312378,0.6528069972991943,-0.014890732243657112,0.6099990606307983,0.5663660764694214,-0.017856083810329437,0.5931204557418823,0.47767937183380127,-0.0251056719571352,0.6196993589401245,0.42542752623558044,-0.026811055839061737,0.6449851989746094,0.48928916454315186,0.019300198182463646,0.6391142010688782,0.41684722900390625,-0.01040823757648468,0.6503782272338867,0.48192644119262695,-0.02758856490254402,0.6577315330505371,0.5282966494560242,-0.03363233059644699,0.6884289383888245,0.4728468954563141,0.014977187849581242,0.6790077090263367,0.40157362818717957,-0.014253519475460052,0.6902591586112976,0.4823252558708191,-0.02033229172229767,0.6986098289489746,0.5228068232536316,-0.015298603102564812,0.7335071563720703,0.4675218462944031,0.003499275539070368,0.7276378870010376,0.38951703906059265,-0.02498585171997547,0.7286290526390076,0.4641386866569519,-0.014849010854959488,0.7305423617362976,0.5109280347824097,0.001828805892728269,0.7801969647407532,0.4742898941040039,-0.010225278325378895,0.7764923572540283,0.40196287631988525,-0.024057213217020035,0.7644098401069641,0.4454619586467743,-0.013818648643791676,0.7562499046325684,0.48517122864723206,-0.0008294868166558444,yes
0.749262273311615,0.6828590631484985,-6.361202622429118e-07,0.6774671077728271,0.6500752568244934,-0.015758467838168144,0.618105411529541,0.5617324113845825,-0.01841074973344803,0.5986052751541138,0.4725840389728546,-0.02524653449654579,0.62449049949646,0.419790118932724,-0.026321936398744583,0.649306058883667,0.48257869482040405,0.019398454576730728,0.6415239572525024,0.4103555381298065,-0.01102258451282978,0.654772162437439,0.4784555435180664,-0.027626242488622665,0.6629884839057922,0.5209918022155762,-0.03334665298461914,0.6932697296142578,0.4666207432746887,0.014733990654349327,0.6834272146224976,0.3959813416004181,-0.015379199758172035,0.6958125233650208,0.4795439541339874,-0.020315421745181084,0.7038218975067139,0.5157306790351868,-0.014071672223508358,0.7395105957984924,0.461243212223053,0.0025736913084983826,0.73307865858078,0.3850601017475128,-0.02686312422156334,0.7353302836418152,0.46274909377098083,-0.014547805301845074,0.7370442152023315,0.5052134394645691,0.003689622273668647,0.7869515419006348,0.46681591868400574,-0.012011811137199402,0.7822990417480469,0.39849209785461426,-0.025922754779458046,0.7725072503089905,0.44772428274154663,-0.013730550184845924,0.7660049200057983,0.4853360652923584,0.0006895444821566343,yes
0.7619112133979797,0.6998576521873474,-5.451516358334629e-07,0.701667308807373,0.6584751605987549,-0.03308830037713051,0.6531178951263428,0.5805893540382385,-0.046617306768894196,0.6358392238616943,0.49285274744033813,-0.05982853099703789,0.6675480604171753,0.44823601841926575,-0.06474536657333374,0.678864598274231,0.46878594160079956,0.004823236260563135,0.6845985651016235,0.4201565384864807,-0.03385821729898453,0.6907358765602112,0.48539918661117554,-0.053935255855321884,0.6935520172119141,0.5168831944465637,-0.06224524974822998,0.7312609553337097,0.4584364891052246,0.004550505429506302,0.7326352596282959,0.3993265628814697,-0.03522804006934166,0.736682116985321,0.49263516068458557,-0.04104636237025261,0.7383217811584473,0.5140326619148254,-0.03363290801644325,0.7830719947814941,0.46454504132270813,-0.005007241852581501,0.7921130061149597,0.4033818542957306,-0.04486394673585892,0.787331759929657,0.48037299513816833,-0.03076825477182865,0.7832726240158081,0.5026925206184387,-0.009315644390881062,0.8332138657569885,0.4877021908760071,-0.018353691324591637,0.8443152904510498,0.42849236726760864,-0.03797775134444237,0.832754373550415,0.4762842655181885,-0.0244623851031065,0.8217032551765442,0.49811238050460815,-0.007708331104367971,yes
0.7702115178108215,0.7167972326278687,-5.209920459492423e-07,0.7170464992523193,0.680840253829956,-0.042517464607954025,0.666833758354187,0.6151768565177917,-0.06555905938148499,0.6491160988807678,0.55018150806427,-0.08633207529783249,0.6779283881187439,0.5166626572608948,-0.09924490004777908,0.7058374285697937,0.4779488444328308,-0.01506057195365429,0.7027748823165894,0.45060330629348755,-0.06088881567120552,0.6980405449867249,0.5161830186843872,-0.08413009345531464,0.6953669786453247,0.5506997108459473,-0.09340794384479523,0.7609425187110901,0.47577735781669617,-0.01415539812296629,0.7634291648864746,0.4365043044090271,-0.05984498932957649,0.7563961744308472,0.53644198179245,-0.06503014266490936,0.7560064792633057,0.5593699216842651,-0.056565966457128525,0.8128313422203064,0.4942166209220886,-0.023163411766290665,0.8257616758346558,0.4552956223487854,-0.07010152190923691,0.8115071654319763,0.5395281314849854,-0.055959347635507584,0.803390622138977,0.5595442056655884,-0.0336306169629097,0.8594216108322144,0.5295179486274719,-0.03633914887905121,0.8767220377922058,0.4925479590892792,-0.0613192543387413,0.8606116771697998,0.5457375049591064,-0.047882381826639175,0.8474332690238953,0.5610804557800293,-0.03036128729581833,yes
0.7876115441322327,0.7409550547599792,-4.859001023760356e-07,0.7307528853416443,0.717150866985321,-0.060389481484889984,0.6727356314659119,0.6622889041900635,-0.0995420515537262,0.6531097292900085,0.6206203699111938,-0.13024817407131195,0.6905903816223145,0.6046933531761169,-0.15126784145832062,0.7176952362060547,0.48354190587997437,-0.06271940469741821,0.7216368317604065,0.5478240847587585,-0.11016599833965302,0.7245321869850159,0.6156887412071228,-0.13073138892650604,0.7198833227157593,0.6260949373245239,-0.1422802060842514,0.7800713777542114,0.47454842925071716,-0.05687292665243149,0.7864037752151489,0.545342743396759,-0.10856015235185623,0.7800866961479187,0.6244089007377625,-0.11884739995002747,0.7729375958442688,0.6245041489601135,-0.1186627671122551,0.8355215787887573,0.4998704791069031,-0.05862407386302948,0.8460894227027893,0.5634857416152954,-0.11015594005584717,0.8314801454544067,0.6285238265991211,-0.10523990541696548,0.8158656358718872,0.6193127632141113,-0.09410715848207474,0.8818607926368713,0.5424660444259644,-0.06595690548419952,0.8999168872833252,0.5967567563056946,-0.10202255845069885,0.8802966475486755,0.6443331241607666,-0.10231796652078629,0.8571586608886719,0.6366167068481445,-0.09610210359096527,yes
0.7981067895889282,0.7418349385261536,-5.942720235907473e-07,0.7421451807022095,0.7366501688957214,-0.05914875492453575,0.6833431720733643,0.6978088021278381,-0.09839371591806412,0.6624763011932373,0.6690348386764526,-0.1293366253376007,0.6983287334442139,0.6594746112823486,-0.1511908620595932,0.7329819798469543,0.5202356576919556,-0.06915184110403061,0.7419743537902832,0.6127910614013672,-0.10747042298316956,0.73902827501297,0.6745994091033936,-0.11980990320444107,0.7364553213119507,0.6643322706222534,-0.1278790831565857,0.7934540510177612,0.5153917074203491,-0.06180305778980255,0.8049742579460144,0.6216591596603394,-0.1014413982629776,0.7900454998016357,0.695106565952301,-0.10248535871505737,0.7852470278739929,0.6733658909797668,-0.09951211512088776,0.8482751250267029,0.5404571890830994,-0.060666944831609726,0.8633654117584229,0.6372339725494385,-0.10211436450481415,0.8412551879882812,0.6950457096099854,-0.09176023304462433,0.8295552730560303,0.673286497592926,-0.08024005591869354,0.8927402496337891,0.5816252827644348,-0.06530384719371796,0.909679651260376,0.6540430188179016,-0.09439955651760101,0.8888019919395447,0.6972413659095764,-0.09242186695337296,0.8722167611122131,0.6835604906082153,-0.08678635954856873,yes
0.7977482080459595,0.7511436343193054,-5.659419457515469e-07,0.7431612610816956,0.7402644157409668,-0.059335239231586456,0.6823623776435852,0.6974456906318665,-0.09815646708011627,0.6620750427246094,0.6698616743087769,-0.12870049476623535,0.7006690502166748,0.663550078868866,-0.14957351982593536,0.7308326959609985,0.5208796262741089,-0.06719047576189041,0.7404158115386963,0.6134424209594727,-0.10561337321996689,0.7384076118469238,0.6756888628005981,-0.11665192246437073,0.7353748679161072,0.6696301698684692,-0.12319476902484894,0.7936708331108093,0.5165197849273682,-0.0593891404569149,0.8054995536804199,0.6228101253509521,-0.09929832071065903,0.7917959690093994,0.6945470571517944,-0.099324531853199,0.7852665781974792,0.6736953258514404,-0.0948045626282692,0.8497461080551147,0.5426475405693054,-0.05821472406387329,0.8638617992401123,0.6406315565109253,-0.09974365681409836,0.8427546620368958,0.6966797113418579,-0.08973661810159683,0.829369068145752,0.6762129068374634,-0.07766459882259369,0.894959568977356,0.5847275853157043,-0.06288126111030579,0.9131555557250977,0.6558127999305725,-0.09231094270944595,0.8929734230041504,0.6971427202224731,-0.0911131203174591,0.8747168183326721,0.6850191354751587,-0.08529753983020782,yes
0.7735167145729065,0.727026104927063,-4.1365845504515164e-07,0.7153710126876831,0.6935142874717712,-0.0417114719748497,0.6656885743141174,0.6212432384490967,-0.0650860145688057,0.645933985710144,0.5517224669456482,-0.08598612248897552,0.6737309694290161,0.5101320743560791,-0.09954345971345901,0.7080680131912231,0.48846617341041565,-0.01917933113873005,0.7084540128707886,0.44157683849334717,-0.06373309344053268,0.7083161473274231,0.5024635791778564,-0.0877615436911583,0.7081521153450012,0.5475940704345703,-0.09720989316701889,0.7624582052230835,0.48478758335113525,-0.01699950359761715,0.7637117505073547,0.4320699870586395,-0.06127047538757324,0.7612872123718262,0.5294955372810364,-0.06853508204221725,0.7627953886985779,0.571137011051178,-0.061908040195703506,0.8142524361610413,0.5010429620742798,-0.023756368085741997,0.8247724771499634,0.4457406997680664,-0.06896751374006271,0.8146753907203674,0.5307664275169373,-0.05556041747331619,0.8085517883300781,0.5693730711936951,-0.03414144366979599,0.8609238862991333,0.5342153310775757,-0.034384727478027344,0.8809460401535034,0.484531044960022,-0.06298863142728806,0.8636994361877441,0.5414802432060242,-0.0513467900454998,0.847731351852417,0.5721927881240845,-0.034500617533922195,yes
0.7671392560005188,0.7027720212936401,-5.095739084026718e-07,0.7001928091049194,0.6631888151168823,-0.03359738364815712,0.6469865441322327,0.5794314742088318,-0.046700991690158844,0.627459704875946,0.49268245697021484,-0.06036173924803734,0.6608249545097351,0.4434967041015625,-0.06551448255777359,0.678876519203186,0.46546775102615356,0.010988805443048477,0.6810540556907654,0.412705659866333,-0.030363233759999275,0.688068687915802,0.4852803647518158,-0.052732884883880615,0.6905903220176697,0.518787682056427,-0.06120779365301132,0.73057621717453,0.4556736648082733,0.011580429039895535,0.7308273315429688,0.3990015387535095,-0.028295759111642838,0.7344703674316406,0.4957883954048157,-0.03371361643075943,0.7375681400299072,0.5182065963745117,-0.025535661727190018,0.7823472023010254,0.4619963765144348,0.0016366331838071346,0.7894368767738342,0.4008203446865082,-0.03893532231450081,0.7848595380783081,0.4861436188220978,-0.023404737934470177,0.7836267948150635,0.5103616714477539,-4.0320970583707094e-05,0.8328778743743896,0.48376771807670593,-0.012262245640158653,0.8433837294578552,0.4222061038017273,-0.031879451125860214,0.8311097621917725,0.4764508605003357,-0.017058178782463074,0.8222627639770508,0.5001570582389832,0.0012934450060129166,yes
0.755568265914917,0.6915464997291565,-5.996764684823574e-07,0.6854296326637268,0.6553894281387329,-0.022402124479413033,0.6283506751060486,0.5653949975967407,-0.030171286314725876,0.6061103343963623,0.4755594730377197,-0.04125867411494255,0.6397585868835449,0.4273838996887207,-0.04529756307601929,0.6608336567878723,0.46920454502105713,0.013327785767614841,0.6552558541297913,0.4064030051231384,-0.023667428642511368,0.6633890271186829,0.4761107265949249,-0.04385947436094284,0.6689815521240234,0.5166341662406921,-0.05078815668821335,0.7069877982139587,0.4566684365272522,0.010798146016895771,0.697924017906189,0.39232492446899414,-0.02239886112511158,0.705189049243927,0.4789731204509735,-0.026223476976156235,0.7116987109184265,0.5083014965057373,-0.018981892615556717,0.7563624978065491,0.4566657543182373,-0.0004916429752483964,0.7528699040412903,0.38461509346961975,-0.03386358171701431,0.7504439353942871,0.46395882964134216,-0.02036953717470169,0.751323938369751,0.501708984375,-6.492834654636681e-05,0.8065658807754517,0.4686208665370941,-0.014895268715918064,0.80980384349823,0.3929118514060974,-0.030076267197728157,0.798497200012207,0.4347561299800873,-0.017787661403417587,0.7913610935211182,0.46699976921081543,-0.002462941687554121,yes
0.7473921775817871,0.6985598802566528,-6.286476832428889e-07,0.6724605560302734,0.6662040948867798,-0.01228860579431057,0.6096369624137878,0.5824130773544312,-0.014097986742854118,0.5885578989982605,0.4947924017906189,-0.02045997604727745,0.615505576133728,0.4416477680206299,-0.02169737219810486,0.6417171955108643,0.5006868839263916,0.02029254473745823,0.6333259344100952,0.4323822855949402,-0.007728626951575279,0.6444361209869385,0.4960871636867523,-0.02364560030400753,0.6517350673675537,0.5346476435661316,-0.029558584094047546,0.6844695210456848,0.48252418637275696,0.014467259868979454,0.6736183762550354,0.4140557646751404,-0.013305268250405788,0.6863107681274414,0.4923461675643921,-0.01793232187628746,0.695224940776825,0.5262413620948792,-0.012224125675857067,0.7293062806129456,0.47372761368751526,0.0019247900927439332,0.7203889489173889,0.40173619985580444,-0.025043649598956108,0.7245393991470337,0.47471651434898376,-0.013409245759248734,0.7279824018478394,0.5146000981330872,0.003492208430543542,0.7761091589927673,0.47588813304901123,-0.012705476023256779,0.7685706615447998,0.4066014289855957,-0.024790966883301735,0.7612455487251282,0.4546007812023163,-0.01219901442527771,0.7576874494552612,0.4921044111251831,0.001971034798771143,yes
0.7453636527061462,0.6968402862548828,-6.554185461027373e-07,0.6699851751327515,0.6698256731033325,-0.012250528670847416,0.6074001789093018,0.5829755663871765,-0.012682152912020683,0.5849823951721191,0.4960677921772003,-0.01767442189157009,0.6083100438117981,0.44464898109436035,-0.016900433227419853,0.6385201215744019,0.5054270625114441,0.02047065831720829,0.6272551417350769,0.43125757575035095,-0.007328707724809647,0.6411966681480408,0.49720117449760437,-0.02221425250172615,0.6504241824150085,0.5394659638404846,-0.027110325172543526,0.68100506067276,0.4854874610900879,0.015551806427538395,0.667517364025116,0.4150550663471222,-0.01109522394835949,0.6828746199607849,0.4946053624153137,-0.014546369202435017,0.692352831363678,0.5299845337867737,-0.008383424952626228,0.7260146737098694,0.4757167398929596,0.0037627373822033405,0.7144964933395386,0.39959120750427246,-0.021756650879979134,0.7211166024208069,0.47404924035072327,-0.008990437723696232,0.725841224193573,0.5167675018310547,0.00820300355553627,0.7735029458999634,0.4764551818370819,-0.010259726084768772,0.7667732834815979,0.40553194284439087,-0.022091252729296684,0.7585751414299011,0.45128265023231506,-0.010521714575588703,0.7530352473258972,0.48894715309143066,0.0026577680837363005,yes
0.7538931965827942,0.6916433572769165,-5.994217531224422e-07,0.6839446425437927,0.6571219563484192,-0.02193780615925789,0.6224764585494995,0.5674501061439514,-0.027663514018058777,0.6015390753746033,0.4762088358402252,-0.03598134219646454,0.6314997673034668,0.4243888556957245,-0.0371912345290184,0.6550083160400391,0.4745531678199768,0.019104911014437675,0.6530112624168396,0.41412776708602905,-0.015645496547222137,0.6603174209594727,0.48576927185058594,-0.03396313264966011,0.6618947982788086,0.5169059038162231,-0.040622398257255554,0.7009279727935791,0.45958396792411804,0.01605340652167797,0.6965295672416687,0.3997129201889038,-0.018429214134812355,0.7037352919578552,0.4859377145767212,-0.0234980471432209,0.705669641494751,0.506279706954956,-0.016509344801306725,0.7485262751579285,0.45653802156448364,0.004055873025208712,0.7481482625007629,0.3914024531841278,-0.029751941561698914,0.7486041784286499,0.46852564811706543,-0.01651923358440399,0.7464094161987305,0.4919273555278778,0.0029542092233896255,0.7966809868812561,0.4644610583782196,-0.01095064077526331,0.7960833311080933,0.40281790494918823,-0.025873221457004547,0.7899930477142334,0.454100638628006,-0.01225102599710226,0.7854680418968201,0.47735264897346497,0.0034972724970430136,yes
0.765376627445221,0.7372006177902222,-4.6431486566689273e-07,0.7141789793968201,0.7045351266860962,-0.05545269697904587,0.664952278137207,0.6366719007492065,-0.08679371327161789,0.6488994359970093,0.5684134364128113,-0.11330022662878036,0.6843626499176025,0.5367625951766968,-0.130708709359169,0.6969712972640991,0.49625033140182495,-0.030935492366552353,0.703131377696991,0.47554078698158264,-0.0835619792342186,0.7084207534790039,0.54841148853302,-0.10889320075511932,0.7057728171348572,0.5838205814361572,-0.11924412846565247,0.7531769275665283,0.4894571900367737,-0.02624688856303692,0.7616614103317261,0.45383715629577637,-0.07954592257738113,0.7617101073265076,0.5594585537910461,-0.08593130856752396,0.7539496421813965,0.5800614356994629,-0.07725659012794495,0.8064544796943665,0.5042572021484375,-0.032501377165317535,0.8237265944480896,0.4693431258201599,-0.08523217588663101,0.8164330720901489,0.5527516603469849,-0.07161592692136765,0.8021726012229919,0.5672798752784729,-0.04943619295954704,0.8513829112052917,0.5363548398017883,-0.04400140419602394,0.8751393556594849,0.5081316828727722,-0.07401860505342484,0.8634110689163208,0.5626072287559509,-0.06248203665018082,0.8446205854415894,0.5753057599067688,-0.04602513089776039,yes
0.7788065075874329,0.7586220502853394,-5.456006988424633e-07,0.724568247795105,0.7303681969642639,-0.052188411355018616,0.6724958419799805,0.6775988936424255,-0.08651793003082275,0.6522740125656128,0.6392451524734497,-0.11426477879285812,0.6794219613075256,0.631005048751831,-0.1335953325033188,0.7143598794937134,0.497514545917511,-0.04852314293384552,0.7136826515197754,0.5627495050430298,-0.09062597155570984,0.7154476046562195,0.6297506093978882,-0.11119666695594788,0.7142120599746704,0.6424378752708435,-0.12275867164134979,0.7744279503822327,0.4905092418193817,-0.044383008033037186,0.7819221615791321,0.569339394569397,-0.08762815594673157,0.7761824131011963,0.6454784274101257,-0.09633457660675049,0.771682858467102,0.6457452774047852,-0.09598679840564728,0.8289123773574829,0.5156915783882141,-0.047360338270664215,0.8408527374267578,0.5843203663825989,-0.09056580066680908,0.828853189945221,0.6467532515525818,-0.08432456105947495,0.8188363909721375,0.6406211256980896,-0.07299527525901794,0.8753656148910522,0.556919276714325,-0.05562802776694298,0.8935757875442505,0.6086692810058594,-0.08339745551347733,0.8765283823013306,0.6563568115234375,-0.07985545694828033,0.8588666319847107,0.6525244116783142,-0.07139482349157333,yes
0.7931646704673767,0.7411009073257446,-5.336430604074849e-07,0.7385030388832092,0.7405445575714111,-0.05902288109064102,0.6842972040176392,0.7119597792625427,-0.09868109226226807,0.6613152027130127,0.6930193305015564,-0.12908881902694702,0.6743600964546204,0.68145352602005,-0.15139231085777283,0.72611004114151,0.5330079793930054,-0.07558909803628922,0.7381496429443359,0.6404984593391418,-0.10984250158071518,0.7350836992263794,0.6928567886352539,-0.12042427062988281,0.7303519248962402,0.6809654235839844,-0.12793152034282684,0.7875952124595642,0.5298163294792175,-0.06778973340988159,0.8003755211830139,0.6449280381202698,-0.10337208211421967,0.7858322858810425,0.7039080262184143,-0.10550854355096817,0.7776956558227539,0.6813677549362183,-0.10509828478097916,0.8416720628738403,0.5535821914672852,-0.06486409157514572,0.8562405109405518,0.6559726595878601,-0.1033901572227478,0.8362674117088318,0.7021199464797974,-0.09507358074188232,0.8232200145721436,0.6801044344902039,-0.086285799741745,0.8832392692565918,0.5911293625831604,-0.06741419434547424,0.903243362903595,0.6595194935798645,-0.0965992733836174,0.8906345367431641,0.6978528499603271,-0.09453034400939941,0.8792292475700378,0.6899703741073608,-0.08897099643945694,yes
0.798425555229187,0.7439858913421631,-5.702307817045948e-07,0.7403123378753662,0.7392176985740662,-0.05724719911813736,0.6798941493034363,0.7077561616897583,-0.09661683440208435,0.6613981127738953,0.6886089444160461,-0.126983180642128,0.7003277540206909,0.6845064163208008,-0.14897100627422333,0.7319310903549194,0.5379371643066406,-0.07681010663509369,0.7442389726638794,0.6406155228614807,-0.11128073185682297,0.7402370572090149,0.6943885684013367,-0.12110016494989395,0.7371981143951416,0.6812084913253784,-0.12887515127658844,0.7939972281455994,0.5343024134635925,-0.07012032717466354,0.8052088022232056,0.6501523852348328,-0.10683006793260574,0.7904243469238281,0.7107364535331726,-0.10785982012748718,0.7841147184371948,0.6901903748512268,-0.1068980023264885,0.84820556640625,0.5583254098892212,-0.06817852705717087,0.8608976602554321,0.6648735404014587,-0.1069837361574173,0.8391640186309814,0.7125201225280762,-0.09895410388708115,0.8261918425559998,0.6898073554039001,-0.09065742790699005,0.8909710645675659,0.5978965759277344,-0.07164876163005829,0.907038688659668,0.674637496471405,-0.10154840350151062,0.8873494863510132,0.7143433094024658,-0.10161575675010681,0.8699039816856384,0.7041473388671875,-0.09809020161628723,yes
0.7843067049980164,0.7431644201278687,-3.044053755729692e-07,0.7257313132286072,0.7217174172401428,-0.051427654922008514,0.6763202548027039,0.6669221520423889,-0.08832219988107681,0.6601030826568604,0.6282214522361755,-0.12023306638002396,0.6770541667938232,0.5993837118148804,-0.14598844945430756,0.7178130745887756,0.5098257660865784,-0.05586950108408928,0.7176240086555481,0.5169397592544556,-0.11408115178346634,0.7178601026535034,0.5804548859596252,-0.14944690465927124,0.7164642810821533,0.6218826174736023,-0.16667018830776215,0.774141788482666,0.5091901421546936,-0.05545385554432869,0.7810364365577698,0.49903997778892517,-0.11607974022626877,0.7776256203651428,0.5776299238204956,-0.13486486673355103,0.7745072245597839,0.6177510023117065,-0.13558466732501984,0.824612557888031,0.5316469073295593,-0.06271616369485855,0.8381038308143616,0.5257800817489624,-0.11678867787122726,0.8323718309402466,0.5933895111083984,-0.11230578273534775,0.8239872455596924,0.6203151941299438,-0.09751450270414352,0.8674428462982178,0.569258451461792,-0.07465463131666183,0.8876171708106995,0.5670019388198853,-0.10709438472986221,0.8792440891265869,0.6108725070953369,-0.10061465203762054,0.8677826523780823,0.625636100769043,-0.08787951618432999,yes
0.7585439682006836,0.7008978128433228,-4.963400783708494e-07,0.6902393102645874,0.6608927249908447,-0.03171283006668091,0.6398699283599854,0.573547899723053,-0.04388932138681412,0.6236367225646973,0.4862188994884491,-0.05701732262969017,0.6527268886566162,0.4386497735977173,-0.061619777232408524,0.6704722046852112,0.46129193902015686,0.009669148363173008,0.6715124845504761,0.4050136208534241,-0.029204726219177246,0.681434690952301,0.4798855185508728,-0.05007220059633255,0.6856409907341003,0.5123375654220581,-0.05821767449378967,0.720988929271698,0.45311620831489563,0.009479154832661152,0.7197840809822083,0.39836621284484863,-0.028316713869571686,0.7263111472129822,0.49240347743034363,-0.033710796386003494,0.7298839688301086,0.5121435523033142,-0.026604441925883293,0.7729054093360901,0.46010348200798035,-0.0006053913966752589,0.7788406610488892,0.39887720346450806,-0.0381368063390255,0.7767784595489502,0.4812648296356201,-0.023143045604228973,0.7758848667144775,0.5053990483283997,-0.0015894563402980566,0.8237163424491882,0.4815039038658142,-0.014692304655909538,0.8366998434066772,0.4206062853336334,-0.03325542062520981,0.8244690895080566,0.471164733171463,-0.019768275320529938,0.8141553401947021,0.49440258741378784,-0.003070860868319869,yes
0.7521702647209167,0.698243260383606,-6.447594387282152e-07,0.6784762144088745,0.6607526540756226,-0.01871485635638237,0.6217947006225586,0.5721681714057922,-0.023455973714590073,0.6032644510269165,0.4802287220954895,-0.03200369328260422,0.6315094828605652,0.4258413016796112,-0.033449552953243256,0.6574240326881409,0.48513928055763245,0.019670000299811363,0.6514357328414917,0.4142482578754425,-0.014487494714558125,0.6588436365127563,0.48632168769836426,-0.03223033249378204,0.6652328372001648,0.5251500606536865,-0.03826822713017464,0.7034655809402466,0.4702078402042389,0.01583968847990036,0.69441819190979,0.39729899168014526,-0.017449621111154556,0.7006556987762451,0.48428601026535034,-0.021745167672634125,0.7078186869621277,0.5134959816932678,-0.014376608654856682,0.7524989247322083,0.46710360050201416,0.0035193758085370064,0.7493911385536194,0.3888823390007019,-0.02857828699052334,0.746201753616333,0.4654986262321472,-0.015218447893857956,0.7471478581428528,0.4981420040130615,0.004470694810152054,0.8032956123352051,0.4755134582519531,-0.011648878455162048,0.8032969832420349,0.4037335515022278,-0.025376683101058006,0.7897760272026062,0.44855600595474243,-0.012802954763174057,0.7816206812858582,0.4781655967235565,0.0020926196593791246,yes
0.7448689341545105,0.6979588270187378,-6.290371175055043e-07,0.669834554195404,0.6631777882575989,-0.012011580169200897,0.6092926263809204,0.5785364508628845,-0.013151521794497967,0.5902418494224548,0.49105048179626465,-0.018856599926948547,0.6166690587997437,0.43899857997894287,-0.019255150109529495,0.6429606080055237,0.5022071003913879,0.02160193957388401,0.6351830959320068,0.43235865235328674,-0.0059904917143285275,0.6456061005592346,0.49613022804260254,-0.02161266654729843,0.6530812978744507,0.5361566543579102,-0.027376068755984306,0.6853417754173279,0.4844851493835449,0.0163849126547575,0.674129068851471,0.4156731069087982,-0.011175026185810566,0.6860449314117432,0.4938047230243683,-0.016074473038315773,0.6951416730880737,0.5280244946479797,-0.010856488719582558,0.7302340269088745,0.4763337969779968,0.004363684449344873,0.7215747833251953,0.4016385078430176,-0.021961409598588943,0.7246333956718445,0.4724262058734894,-0.01071774959564209,0.7279197573661804,0.5123934745788574,0.005620796699076891,0.7767676711082458,0.47950005531311035,-0.009792272932827473,0.7697731256484985,0.4093015491962433,-0.021860405802726746,0.7615189552307129,0.45354413986206055,-0.010548940859735012,0.7575227618217468,0.4897584319114685,0.002550386590883136,yes
0.7500063180923462,0.6957237124443054,-6.397524430212798e-07,0.6788049936294556,0.6643882393836975,-0.016543569043278694,0.6197488903999329,0.5729643702507019,-0.01968841254711151,0.601107656955719,0.48137566447257996,-0.026191212236881256,0.6303050518035889,0.4307188391685486,-0.02613965794444084,0.6493134498596191,0.48808830976486206,0.015559077262878418,0.6480339169502258,0.4191318154335022,-0.015958687290549278,0.6578054428100586,0.49110835790634155,-0.031858108937740326,0.6621225476264954,0.5321030020713806,-0.036849282681941986,0.6947343349456787,0.47288668155670166,0.011407112702727318,0.6896682381629944,0.40403100848197937,-0.01853998377919197,0.7003971934318542,0.492043137550354,-0.02066744863986969,0.70664381980896,0.5243006348609924,-0.012468162924051285,0.7416793704032898,0.46850699186325073,-0.00030986222554929554,0.7407516241073608,0.39503252506256104,-0.029859188944101334,0.7421272993087769,0.47382616996765137,-0.0156116783618927,0.742496907711029,0.5115243792533875,0.003839818760752678,0.7894759178161621,0.47530612349510193,-0.014477657154202461,0.7903849482536316,0.4035152196884155,-0.02738373540341854,0.7827997207641602,0.45054662227630615,-0.014048559591174126,0.7769250273704529,0.4827786982059479,0.0010234188521280885,yes
0.7551561594009399,0.6974844336509705,-6.085736004024511e-07,0.6862350702285767,0.6642813682556152,-0.021957850083708763,0.6275511980056763,0.5710357427597046,-0.028992539271712303,0.6094159483909607,0.47882354259490967,-0.038530245423316956,0.638012707233429,0.42719095945358276,-0.040915533900260925,0.6620630025863647,0.46937572956085205,0.01605067402124405,0.6614465713500977,0.4134787619113922,-0.019876519218087196,0.6704846024513245,0.4838407039642334,-0.03973058611154556,0.6730108261108398,0.5172197222709656,-0.047567401081323624,0.7100028395652771,0.45725560188293457,0.012160089798271656,0.7072139382362366,0.4014233350753784,-0.0227736197412014,0.7140414714813232,0.4877454936504364,-0.028404438868165016,0.7149384617805481,0.5085986256599426,-0.022144969552755356,0.7593136429786682,0.45716196298599243,-0.0004939156933687627,0.7611832022666931,0.39711764454841614,-0.03465353325009346,0.759661078453064,0.47341617941856384,-0.02131943218410015,0.7552821040153503,0.4950040876865387,-0.0022719218395650387,0.8085185885429382,0.4687748849391937,-0.01625434122979641,0.8119372725486755,0.41114020347595215,-0.03272240608930588,0.8016935586929321,0.46193361282348633,-0.019499342888593674,0.7918079495429993,0.4840497374534607,-0.003984938841313124,yes
0.7987412810325623,0.761201024055481,-5.826888695992238e-07,0.7396292686462402,0.7523369789123535,-0.05877019092440605,0.6783902049064636,0.7135568261146545,-0.09905712306499481,0.6566796898841858,0.6843076348304749,-0.13085833191871643,0.6948824524879456,0.6758862733840942,-0.15330307185649872,0.7304338216781616,0.5339048504829407,-0.07097926735877991,0.7383760213851929,0.6427205204963684,-0.10790780931711197,0.7355345487594604,0.7006413340568542,-0.11812406778335571,0.7338783144950867,0.684752881526947,-0.12495900690555573,0.7904642224311829,0.5302712321281433,-0.06384073197841644,0.8015844225883484,0.6504927277565002,-0.10234841704368591,0.7877942323684692,0.715763509273529,-0.10203433781862259,0.7835773229598999,0.6836952567100525,-0.09819670021533966,0.8453205227851868,0.5544109344482422,-0.06253395974636078,0.8594890236854553,0.6667177677154541,-0.10197257250547409,0.8381673097610474,0.7174797058105469,-0.09089503437280655,0.8275448679924011,0.686786949634552,-0.07936883717775345,0.8887293338775635,0.5943159461021423,-0.06708207726478577,0.9040945768356323,0.6769239902496338,-0.09482788294553757,0.8852106928825378,0.7160983085632324,-0.09255470335483551,0.8719416856765747,0.6982004046440125,-0.0868084579706192,yes
0.7979968190193176,0.7589907646179199,-5.101975943944126e-07,0.7395890951156616,0.753032386302948,-0.059225134551525116,0.684618353843689,0.7225395441055298,-0.09833038598299026,0.6606744527816772,0.7056347131729126,-0.12831135094165802,0.6830466389656067,0.6927680373191833,-0.14974288642406464,0.7265661358833313,0.5458757281303406,-0.07491067796945572,0.7305469512939453,0.6713881492614746,-0.11276670545339584,0.7317965030670166,0.7211671471595764,-0.1262894868850708,0.7310082912445068,0.7012647390365601,-0.13494394719600677,0.7888255715370178,0.546907365322113,-0.06705106049776077,0.7932208180427551,0.6793142557144165,-0.10471394658088684,0.781982421875,0.7319523096084595,-0.10634668916463852,0.7761685848236084,0.6999882459640503,-0.10479629784822464,0.8443865180015564,0.5735480189323425,-0.06463321298360825,0.8503227233886719,0.6905326843261719,-0.10423188656568527,0.8321755528450012,0.7344715595245361,-0.093459852039814,0.8235684633255005,0.7081376314163208,-0.08200808614492416,0.8869259357452393,0.6138989925384521,-0.06810478866100311,0.9003729224205017,0.6944081783294678,-0.09766199439764023,0.882482647895813,0.7306779623031616,-0.09520065039396286,0.8707268834114075,0.7195188999176025,-0.08864935487508774,yes
0.7839488387107849,0.7593570351600647,-4.3614883793452464e-07,0.7239336967468262,0.7328607439994812,-0.04603809490799904,0.6739630103111267,0.6726801991462708,-0.07907134294509888,0.6593624949455261,0.6311532258987427,-0.10812938958406448,0.6896624565124512,0.609450101852417,-0.13056710362434387,0.7224869728088379,0.5190578699111938,-0.041155654937028885,0.7210316061973572,0.5329217314720154,-0.09653650224208832,0.7204371690750122,0.6082799434661865,-0.12990060448646545,0.7214431166648865,0.6499027609825134,-0.14585773646831512,0.7799252867698669,0.523703932762146,-0.043002162128686905,0.7833560705184937,0.5118230581283569,-0.10175736248493195,0.7738965749740601,0.6036614775657654,-0.11747875064611435,0.7715625762939453,0.6454848647117615,-0.11475487798452377,0.8317869305610657,0.5499919652938843,-0.05293910577893257,0.8413554430007935,0.5435571670532227,-0.1054600179195404,0.82889723777771,0.6206035614013672,-0.09726619720458984,0.8222711086273193,0.6468983888626099,-0.07906085252761841,0.8761395812034607,0.5911235213279724,-0.06724102795124054,0.8911704421043396,0.5900835394859314,-0.09652311354875565,0.8731880187988281,0.6425166130065918,-0.08641235530376434,0.859163761138916,0.6583755016326904,-0.07101286202669144,yes
0.7685760259628296,0.7330333590507507,-4.6357246219486115e-07,0.7075477242469788,0.6989210247993469,-0.036536604166030884,0.6516410112380981,0.6208711862564087,-0.05451543256640434,0.635535478591919,0.5411815643310547,-0.07162417471408844,0.6663513779640198,0.49153247475624084,-0.08145757764577866,0.689086377620697,0.5003980994224548,-0.0052307844161987305,0.6861755847930908,0.4462270140647888,-0.049713995307683945,0.6869101524353027,0.5168104767799377,-0.07321974635124207,0.6926950216293335,0.551221489906311,-0.08280601352453232,0.7421250343322754,0.4917329251766205,-0.0061003826558589935,0.7382558584213257,0.4296301603317261,-0.05196496844291687,0.7354452013969421,0.5261820554733276,-0.05868244543671608,0.7442771196365356,0.5574154257774353,-0.05017686262726784,0.7943920493125916,0.5002173185348511,-0.016822680830955505,0.7986505031585693,0.44532671570777893,-0.0625135526061058,0.788749635219574,0.5326012372970581,-0.04814116656780243,0.7909136414527893,0.5597761869430542,-0.024941446259617805,0.8464354872703552,0.522883415222168,-0.031462572515010834,0.8535662293434143,0.47397780418395996,-0.056610044091939926,0.8383582830429077,0.5331339836120605,-0.04334987327456474,0.8326631784439087,0.5565177798271179,-0.025578061118721962,yes
0.7587705850601196,0.7183572053909302,-6.168255595184746e-07,0.6872718334197998,0.6760965585708618,-0.024158962070941925,0.6321005821228027,0.5871441960334778,-0.03299444168806076,0.6144450306892395,0.4968460202217102,-0.04489652439951897,0.6437883377075195,0.44245579838752747,-0.04865414276719093,0.6636591553688049,0.4865644574165344,0.014501255936920643,0.6611108183860779,0.42126747965812683,-0.0242096409201622,0.6674648523330688,0.4958120882511139,-0.04382992535829544,0.6715179085731506,0.5354096293449402,-0.050091441720724106,0.7118803858757019,0.47463417053222656,0.01217050850391388,0.705089271068573,0.4092068076133728,-0.024631094187498093,0.7105064392089844,0.4998731017112732,-0.028219716623425484,0.7169845700263977,0.5269811749458313,-0.019775720313191414,0.7629121541976929,0.476148784160614,0.0003224539977964014,0.7614871263504028,0.402827650308609,-0.03619369864463806,0.7581581473350525,0.484101265668869,-0.022458503022789955,0.7584555745124817,0.5197391510009766,-0.0013850165996700525,0.8154947757720947,0.4893493056297302,-0.014860738068819046,0.8235456347465515,0.4174076020717621,-0.033058375120162964,0.8078428506851196,0.45986998081207275,-0.02257666178047657,0.7946915030479431,0.48973774909973145,-0.008081408217549324,yes
0.745993435382843,0.709216833114624,-6.399959033842606e-07,0.675982654094696,0.6814662218093872,-0.017414135858416557,0.6133280396461487,0.5939729809761047,-0.021888401359319687,0.5907907485961914,0.5032021403312683,-0.02958880551159382,0.6172307133674622,0.4481188654899597,-0.030488744378089905,0.6418978571891785,0.5006352663040161,0.016412992030382156,0.6368624567985535,0.4316900372505188,-0.01622064597904682,0.6473821997642517,0.5039535164833069,-0.03337611258029938,0.6538141369819641,0.545879602432251,-0.03901813551783562,0.6855613589286804,0.48307812213897705,0.012173525057733059,0.6767482161521912,0.41318279504776,-0.019420186057686806,0.6881642937660217,0.5002923011779785,-0.023115843534469604,0.6956868767738342,0.5326067209243774,-0.015338726341724396,0.7318527102470398,0.4765646457672119,0.00023710264940746129,0.7257522344589233,0.4036732316017151,-0.02930259332060814,0.7296164035797119,0.4823154807090759,-0.015159537084400654,0.7326552271842957,0.5170823931694031,0.0043466100469231606,0.7791592478752136,0.48100316524505615,-0.014398637227714062,0.7764963507652283,0.41315245628356934,-0.027192026376724243,0.7693621516227722,0.46256425976753235,-0.013766389340162277,0.7656866312026978,0.49298498034477234,0.0015826054150238633,yes
0.7514862418174744,0.7079180479049683,-6.0249857369854e-07,0.6804429292678833,0.6778721809387207,-0.02585064433515072,0.6221616268157959,0.5921294689178467,-0.03418275713920593,0.6029924154281616,0.503010094165802,-0.04413926973938942,0.6258864402770996,0.45055100321769714,-0.04649810865521431,0.6464283466339111,0.48588430881500244,0.013875084929168224,0.6471232771873474,0.42813533544540405,-0.02544102631509304,0.6565015316009521,0.5002923011779785,-0.04597554728388786,0.6582440137863159,0.53499835729599,-0.053282756358385086,0.6952579617500305,0.47093814611434937,0.010773081332445145,0.6922121047973633,0.41154688596725464,-0.028706947341561317,0.7011627554893494,0.5025464296340942,-0.034717023372650146,0.7025753259658813,0.5237520337104797,-0.02685030736029148,0.7449464797973633,0.46908125281333923,-0.001763574662618339,0.7466119527816772,0.4089680016040802,-0.04008525609970093,0.747962236404419,0.48832380771636963,-0.026490801945328712,0.7440434694290161,0.509221076965332,-0.005645318888127804,0.7946797609329224,0.4797609746456146,-0.017672762274742126,0.7978842854499817,0.4217286705970764,-0.03621629998087883,0.7908268570899963,0.4763266444206238,-0.022485770285129547,0.7822437882423401,0.4999646544456482,-0.005729603115469217,yes
0.762576162815094,0.7216452360153198,-4.960239721185644e-07,0.7050991654396057,0.7008402347564697,-0.035952381789684296,0.6518415212631226,0.6397566199302673,-0.0571451298892498,0.6325754523277283,0.5852199792861938,-0.07623850554227829,0.6457716226577759,0.5407937169075012,-0.08958736062049866,0.6804841756820679,0.5037535429000854,-0.01840156503021717,0.6779364347457886,0.4684165418148041,-0.06314485520124435,0.6761192083358765,0.5372616052627563,-0.08926138281822205,0.6780873537063599,0.5831191539764404,-0.10038194805383682,0.7339087128639221,0.4950840473175049,-0.02002733200788498,0.7324256300926208,0.4485085904598236,-0.06345929950475693,0.7306160926818848,0.5432239770889282,-0.07125310599803925,0.7346662878990173,0.5838498473167419,-0.06474602967500687,0.7851815223693848,0.5045555830001831,-0.02989419922232628,0.7894911766052246,0.47151830792427063,-0.07059406489133835,0.7820738554000854,0.553827702999115,-0.05748273804783821,0.7796813249588013,0.5842220187187195,-0.03776504844427109,0.8347223401069641,0.528914749622345,-0.04339015483856201,0.8397767543792725,0.5035101771354675,-0.06448737531900406,0.8261779546737671,0.564526379108429,-0.050071265548467636,0.8165186643600464,0.5874042510986328,-0.03301016986370087,yes
0.7859902381896973,0.7555723190307617,-4.97803455346002e-07,0.725916862487793,0.7464007139205933,-0.05077243968844414,0.6718193292617798,0.7101753950119019,-0.0837775468826294,0.6459831595420837,0.6834572553634644,-0.10995875298976898,0.6591792106628418,0.667047381401062,-0.1282443255186081,0.7048367857933044,0.5224274396896362,-0.050860531628131866,0.707219123840332,0.6160524487495422,-0.09066598862409592,0.7133238911628723,0.6745364665985107,-0.11093437671661377,0.7180681228637695,0.6667555570602417,-0.12297433614730835,0.764415979385376,0.52271568775177,-0.04694794490933418,0.7708938717842102,0.6213201284408569,-0.08688237518072128,0.7653750777244568,0.6833716630935669,-0.09449096769094467,0.7637263536453247,0.6713694334030151,-0.0951591432094574,0.8187256455421448,0.5482308268547058,-0.04949584975838661,0.8275431990623474,0.6372241377830505,-0.09091933816671371,0.8143765926361084,0.6925290822982788,-0.0839168131351471,0.8078377842903137,0.6802449226379395,-0.07272349298000336,0.8646082282066345,0.5854359865188599,-0.05710992589592934,0.8808335661888123,0.6410637497901917,-0.08349624276161194,0.8675885200500488,0.684668779373169,-0.07871914654970169,0.8581415414810181,0.6812132596969604,-0.06963440030813217,yes
0.7882515788078308,0.7841291427612305,-5.79751315399335e-07,0.730654776096344,0.768804132938385,-0.056380026042461395,0.6731733679771423,0.7220252156257629,-0.09425089508295059,0.6501153707504272,0.6939356923103333,-0.1245357096195221,0.674924373626709,0.6778784394264221,-0.14658775925636292,0.7201715707778931,0.5408006906509399,-0.06247836723923683,0.7237319946289062,0.632185697555542,-0.10460999608039856,0.7194867134094238,0.6933979988098145,-0.12271671742200851,0.7164449095726013,0.6942296028137207,-0.133292093873024,0.7823584079742432,0.5363003611564636,-0.05785136669874191,0.7878376841545105,0.6348908543586731,-0.10249742865562439,0.7742424607276917,0.706171989440918,-0.1092723160982132,0.7678567171096802,0.701965868473053,-0.10840412974357605,0.8368158340454102,0.5635933876037598,-0.05983781814575195,0.8446558117866516,0.6502766013145447,-0.10743289440870285,0.8275418281555176,0.7108564376831055,-0.10174787789583206,0.815836489200592,0.7038609385490417,-0.09080751985311508,0.8818152546882629,0.6054680347442627,-0.06692802160978317,0.8989143967628479,0.6674731373786926,-0.1009519025683403,0.880378782749176,0.7155754566192627,-0.0995713546872139,0.861186146736145,0.7138618230819702,-0.0921078622341156,yes
0.77631014585495,0.7709987163543701,-4.095154793049005e-07,0.7174452543258667,0.7418371438980103,-0.04325275868177414,0.6648733019828796,0.6756437420845032,-0.06914805620908737,0.6436830759048462,0.6148251295089722,-0.09235654026269913,0.6649683713912964,0.5833379626274109,-0.10840906947851181,0.699903666973114,0.5296226739883423,-0.022444525733590126,0.6973051428794861,0.4961127042770386,-0.06844506412744522,0.6984509229660034,0.5637935996055603,-0.09409221261739731,0.698634147644043,0.6057107448577881,-0.10507965087890625,0.7570038437843323,0.5230616331100464,-0.02173958718776703,0.7574384212493896,0.478051096200943,-0.06688201427459717,0.7556380033493042,0.5762690305709839,-0.07479767501354218,0.7567715048789978,0.6139945387840271,-0.06893304735422134,0.811001181602478,0.5386834740638733,-0.030061883851885796,0.8205347657203674,0.4941102862358093,-0.07579052448272705,0.8119543790817261,0.5815392136573792,-0.0635577067732811,0.8069084286689758,0.6149638891220093,-0.043471723794937134,0.8609336018562317,0.5725197196006775,-0.04245687648653984,0.8789758086204529,0.535754382610321,-0.06990495324134827,0.8641042709350586,0.5934389233589172,-0.05846584960818291,0.8506652116775513,0.6175577640533447,-0.042466629296541214,yes
0.7586160898208618,0.7273183465003967,-5.979550792289956e-07,0.69134521484375,0.6837297677993774,-0.027741199359297752,0.6337186098098755,0.5925422310829163,-0.03689875826239586,0.6176802515983582,0.4995749592781067,-0.04785645753145218,0.6497207283973694,0.4468532204627991,-0.05080166086554527,0.6644811630249023,0.48722389340400696,0.016271425411105156,0.6672397255897522,0.4303617477416992,-0.02085648849606514,0.6727545261383057,0.5061347484588623,-0.04081251472234726,0.6730526089668274,0.5390560030937195,-0.04852084070444107,0.7154017686843872,0.475136935710907,0.013999256305396557,0.7147761583328247,0.4131537675857544,-0.02420639619231224,0.7179062366485596,0.506271243095398,-0.030508527532219887,0.7200459241867065,0.5288578867912292,-0.023090537637472153,0.7667809128761292,0.4787905216217041,0.0020147771574556828,0.7739159464836121,0.4129757583141327,-0.03597462549805641,0.7687867879867554,0.4926055073738098,-0.023901227861642838,0.7650842070579529,0.5165372490882874,-0.0037112899590283632,0.8176021575927734,0.49604687094688416,-0.013447304256260395,0.8276368975639343,0.4330560863018036,-0.031452350318431854,0.8169435858726501,0.48125046491622925,-0.019129792228341103,0.8081096410751343,0.5035091042518616,-0.003333195112645626,yes
0.7413488626480103,0.7188600897789001,-6.645073540312296e-07,0.6669508814811707,0.6847125291824341,-0.01806465908885002,0.6065770387649536,0.5934873819351196,-0.02299778163433075,0.5859816074371338,0.5023455619812012,-0.0319988876581192,0.6067247986793518,0.44329148530960083,-0.034488216042518616,0.636167585849762,0.5059119462966919,0.01536481361836195,0.6289843916893005,0.42899957299232483,-0.02032662369310856,0.6422844529151917,0.49894899129867554,-0.03984096646308899,0.6516273617744446,0.5469326376914978,-0.04620765894651413,0.6803717017173767,0.48810407519340515,0.011126309633255005,0.6695919036865234,0.41152581572532654,-0.022363705560564995,0.6829434633255005,0.4990328550338745,-0.027177318930625916,0.69156414270401,0.5378782749176025,-0.020361188799142838,0.7274343371391296,0.4812708795070648,-0.0012046380434185266,0.7207574248313904,0.39851218461990356,-0.032570257782936096,0.7243367433547974,0.47868627309799194,-0.01863393746316433,0.7276727557182312,0.5236366391181946,0.0012174099683761597,0.7760018706321716,0.486412912607193,-0.016414515674114227,0.7747540473937988,0.4080345630645752,-0.03094610571861267,0.7643176913261414,0.4556747078895569,-0.01832747459411621,0.7566900253295898,0.4951627254486084,-0.003248961642384529,yes
0.7402128577232361,0.7141776084899902,-6.671904770882975e-07,0.6627623438835144,0.6778514385223389,-0.009955903515219688,0.6010487675666809,0.5922927260398865,-0.010687082074582577,0.5816931128501892,0.5044769644737244,-0.017171377316117287,0.6029961705207825,0.4474290907382965,-0.01849507912993431,0.6337676048278809,0.5097835063934326,0.02531120553612709,0.6220299601554871,0.4358239471912384,-0.004247632808983326,0.6350115537643433,0.4990670382976532,-0.02161586657166481,0.6463325023651123,0.5449010729789734,-0.027414357289671898,0.6760315299034119,0.49142783880233765,0.01847437396645546,0.6617278456687927,0.41667449474334717,-0.010936196893453598,0.6756176948547363,0.49749332666397095,-0.0169556625187397,0.6876869797706604,0.5379927754402161,-0.011254779063165188,0.7209864258766174,0.48291492462158203,0.004669298883527517,0.7091255784034729,0.4016527533531189,-0.023024341091513634,0.7129089832305908,0.4773986339569092,-0.011816064827144146,0.7187890410423279,0.5245741009712219,0.005685293581336737,0.7680372595787048,0.485798716545105,-0.011172980070114136,0.7592421770095825,0.41068434715270996,-0.023987824097275734,0.748573362827301,0.45715755224227905,-0.012432698160409927,0.7439995408058167,0.4982157349586487,0.001603181124664843,yes
0.7403059601783752,0.7048475742340088,-6.047790748198167e-07,0.6740589737892151,0.6671880483627319,-0.02212304063141346,0.614271342754364,0.583182692527771,-0.0290887001901865,0.5900708436965942,0.4943949580192566,-0.03832332789897919,0.6196953654289246,0.4400855600833893,-0.04082832857966423,0.6355274319648743,0.48561644554138184,0.01641203835606575,0.6349700093269348,0.42265182733535767,-0.019798584282398224,0.6453484296798706,0.49492716789245605,-0.04019233584403992,0.6505691409111023,0.5324334502220154,-0.04827548936009407,0.6836549043655396,0.470356822013855,0.012549606151878834,0.6796980500221252,0.4022205173969269,-0.022983528673648834,0.6886749863624573,0.4921494722366333,-0.02886747196316719,0.6934036016464233,0.5209504961967468,-0.021673057228326797,0.7330527305603027,0.46888232231140137,9.858344128588215e-05,0.7334491610527039,0.402407705783844,-0.03382888063788414,0.7337087988853455,0.48224174976348877,-0.019956743344664574,0.7325618267059326,0.5106286406517029,0.0004505436518229544,0.7835705876350403,0.4812942147254944,-0.015397860668599606,0.7835012078285217,0.41824087500572205,-0.03020639345049858,0.7767783999443054,0.4725213050842285,-0.015173367224633694,0.7710543274879456,0.49951115250587463,0.00184610765427351,yes
0.7577387690544128,0.7526384592056274,-5.316076681083359e-07,0.697342038154602,0.7141023278236389,-0.0434374064207077,0.6458642482757568,0.6397219300270081,-0.06472247838973999,0.6305258274078369,0.570128321647644,-0.08322412520647049,0.6605358123779297,0.5502626299858093,-0.09214061498641968,0.6874709725379944,0.4975742995738983,-0.01318124309182167,0.6815289855003357,0.48774343729019165,-0.05590575933456421,0.6793637275695801,0.556095540523529,-0.0727948546409607,0.6782626509666443,0.5694559812545776,-0.07924727350473404,0.7431980967521667,0.49746301770210266,-0.012881067581474781,0.741879940032959,0.4710104763507843,-0.05957124009728432,0.7332580089569092,0.5700185298919678,-0.06042720377445221,0.7348628640174866,0.5745282173156738,-0.048563871532678604,0.7956523299217224,0.5186183452606201,-0.023041754961013794,0.8046238422393799,0.49581384658813477,-0.07139934599399567,0.78961181640625,0.578496515750885,-0.055261291563510895,0.7853854298591614,0.5821582078933716,-0.03164378181099892,0.8432895541191101,0.5550159811973572,-0.0379314050078392,0.8602232933044434,0.5318126082420349,-0.06375925987958908,0.8417528867721558,0.5846421718597412,-0.05154662951827049,0.8299927711486816,0.5919370651245117,-0.03515489771962166,yes
0.762812614440918,0.7648921012878418,-4.690934645168454e-07,0.7071038484573364,0.7327038645744324,-0.06020371615886688,0.6508248448371887,0.6661856174468994,-0.09712491184473038,0.6288819909095764,0.6093224287033081,-0.12746544182300568,0.6704755425453186,0.5833341479301453,-0.14727067947387695,0.6979372501373291,0.4908301830291748,-0.04643946886062622,0.6942355632781982,0.5346165895462036,-0.09514424204826355,0.6944552063941956,0.6018140316009521,-0.11570626497268677,0.6955048441886902,0.6059809327125549,-0.12618546187877655,0.7605143785476685,0.49022147059440613,-0.040750857442617416,0.7596246004104614,0.5335879325866699,-0.09102262556552887,0.7487503290176392,0.6187028288841248,-0.09639205038547516,0.7479230165481567,0.6087453961372375,-0.09119395911693573,0.815428614616394,0.5221512317657471,-0.04499979317188263,0.8189237117767334,0.5577967166900635,-0.09670601040124893,0.8012516498565674,0.629737913608551,-0.08541522920131683,0.7926365733146667,0.6198202967643738,-0.06831443309783936,0.8610585927963257,0.5705193281173706,-0.05535027012228966,0.8753394484519958,0.5985250473022461,-0.08905438333749771,0.8542498350143433,0.6449810862541199,-0.08473774790763855,0.8367483019828796,0.6386925578117371,-0.07470909506082535,yes
0.33415478467941284,0.7068904638290405,3.046068002277025e-07,0.3105801045894623,0.6320197582244873,-0.010933609679341316,0.30769863724708557,0.555628776550293,-0.019612982869148254,0.3151795268058777,0.49522528052330017,-0.026516705751419067,0.32188814878463745,0.45003220438957214,-0.03305523470044136,0.3726862668991089,0.5499861240386963,-0.023936031386256218,0.4142306447029114,0.48881298303604126,-0.03674639016389847,0.44094353914260864,0.4537152647972107,-0.04425394907593727,0.4621121883392334,0.4292914867401123,-0.04805989935994148,0.4049206078052521,0.5800960063934326,-0.025981826707720757,0.4458219110965729,0.5116399526596069,-0.03567922115325928,0.4708050787448883,0.4672166407108307,-0.04231785982847214,0.49028724431991577,0.43322116136550903,-0.04697136580944061,0.43027612566947937,0.610777735710144,-0.02831956371665001,0.47087714076042175,0.5483382344245911,-0.0387251190841198,0.4936390817165375,0.5060122013092041,-0.045653779059648514,0.5105080604553223,0.4736025929450989,-0.04962882399559021,0.4486810266971588,0.6405432820320129,-0.030843036249279976,0.48823192715644836,0.5986310243606567,-0.04023420810699463,0.5121467113494873,0.5706916451454163,-0.04374285414814949,0.5322821140289307,0.5476552248001099,-0.04460827261209488,thankyou
0.33467504382133484,0.7069054841995239,2.990804546243453e-07,0.31077998876571655,0.632146418094635,-0.010946747846901417,0.3080311119556427,0.555407702922821,-0.019472884014248848,0.31528782844543457,0.4951016902923584,-0.026289956644177437,0.3218541741371155,0.45042234659194946,-0.032756052911281586,0.3737737834453583,0.5498160123825073,-0.02305903658270836,0.4153553247451782,0.48878297209739685,-0.035634640604257584,0.44199153780937195,0.45385345816612244,-0.04317828640341759,0.4628901183605194,0.429352730512619,-0.047064561396837234,0.40566888451576233,0.5797960758209229,-0.025110596790909767,0.44652634859085083,0.5112531781196594,-0.03463786095380783,0.47144249081611633,0.4666239619255066,-0.0414317287504673,0.4907974898815155,0.43209439516067505,-0.046228326857089996,0.43086403608322144,0.6104344129562378,-0.027516908943653107,0.47093838453292847,0.5476345419883728,-0.0377395823597908,0.49366992712020874,0.5054225325584412,-0.044782042503356934,0.5104697346687317,0.47330427169799805,-0.048848237842321396,0.44918292760849,0.6401523351669312,-0.030150307342410088,0.48829007148742676,0.5976447463035583,-0.03943999856710434,0.512238621711731,0.5701705813407898,-0.04296255484223366,0.5324272513389587,0.5480466485023499,-0.043848589062690735,thankyou
0.3323264718055725,0.8150476217269897,4.014855505829473e-07,0.29456180334091187,0.7650758624076843,-0.03480766713619232,0.27640998363494873,0.685210108757019,-0.06189229339361191,0.26883575320243835,0.6143105030059814,-0.08254988491535187,0.271932989358902,0.5552076697349548,-0.10349807888269424,0.3315553069114685,0.6770409941673279,-0.0808221697807312,0.37740951776504517,0.5862812399864197,-0.10923251509666443,0.4044302999973297,0.5363171100616455,-0.12087221443653107,0.4240912199020386,0.5005866289138794,-0.12640145421028137,0.3739146292209625,0.7028580904006958,-0.07729772478342056,0.42559224367141724,0.6005566716194153,-0.10188305377960205,0.4554468095302582,0.5394747257232666,-0.11017851531505585,0.47657257318496704,0.49400341510772705,-0.11538879573345184,0.407983660697937,0.7306259870529175,-0.07411401718854904,0.4605206251144409,0.6370782852172852,-0.09657353907823563,0.48807573318481445,0.5847881436347961,-0.10321466624736786,0.5077899694442749,0.543969988822937,-0.10613704472780228,0.43529757857322693,0.7560214400291443,-0.07206769287586212,0.4797971546649933,0.6939662098884583,-0.09134092181921005,0.5075458288192749,0.6585133075714111,-0.09669793397188187,0.5275911688804626,0.6299034953117371,-0.0985102578997612,thankyou
0.2808534502983093,0.8746417760848999,3.1577914683111885e-07,0.2624608874320984,0.8162420988082886,-0.02185821905732155,0.2564969062805176,0.7548888325691223,-0.04334750398993492,0.25825053453445435,0.7085608243942261,-0.06194807589054108,0.25399693846702576,0.6813386678695679,-0.08122166246175766,0.2935177981853485,0.7363032102584839,-0.059830643236637115,0.3382507264614105,0.6424514055252075,-0.08522261679172516,0.36713704466819763,0.5903133749961853,-0.09653586149215698,0.38912829756736755,0.5530906319618225,-0.1015525758266449,0.3316413462162018,0.7683733701705933,-0.061925213783979416,0.3789939284324646,0.6735737919807434,-0.08371414244174957,0.4092855155467987,0.6153225898742676,-0.09237142652273178,0.43219074606895447,0.5730025172233582,-0.09712802618741989,0.3646898567676544,0.8010779023170471,-0.06390240043401718,0.412150502204895,0.7118486166000366,-0.081998810172081,0.4403759837150574,0.6576959490776062,-0.08639165014028549,0.46142134070396423,0.6192019581794739,-0.08690466731786728,0.39471572637557983,0.8294787406921387,-0.06684582680463791,0.44049566984176636,0.7654913067817688,-0.07991797477006912,0.47167253494262695,0.7248153686523438,-0.0813252180814743,0.49695199728012085,0.6930397152900696,-0.07976535707712173,thankyou
0.3206220269203186,0.7879952192306519,5.011484631722851e-07,0.29260513186454773,0.7023038268089294,-0.01987709105014801,0.2790554463863373,0.6052640676498413,-0.038674190640449524,0.2747705578804016,0.5223374962806702,-0.053929928690195084,0.27232876420021057,0.46028852462768555,-0.0688086673617363,0.3397221267223358,0.6358493566513062,-0.05710408091545105,0.3941316604614258,0.5409122705459595,-0.08066751062870026,0.42915046215057373,0.4893019497394562,-0.09035854041576385,0.456932932138443,0.45340481400489807,-0.09429972618818283,0.37606990337371826,0.6688464879989624,-0.058527056127786636,0.429280549287796,0.5683636665344238,-0.07861345261335373,0.4609716534614563,0.5056954622268677,-0.08489072322845459,0.48458224534988403,0.4618561863899231,-0.08889425545930862,0.4065784811973572,0.7000339031219482,-0.0594601072371006,0.4597780406475067,0.6040510535240173,-0.07730273902416229,0.4891906976699829,0.5467039346694946,-0.08189879357814789,0.5106269717216492,0.5055084228515625,-0.08393338322639465,0.4305192232131958,0.7291381359100342,-0.060812436044216156,0.47736793756484985,0.666495680809021,-0.07607156783342361,0.5065922737121582,0.6268712282180786,-0.07964080572128296,0.5303913950920105,0.5949531197547913,-0.08046913146972656,thankyou
0.33793166279792786,0.709465742111206,3.0521692906404496e-07,0.3153529763221741,0.6310012936592102,-0.011735216714441776,0.30811432003974915,0.5531963109970093,-0.02275940217077732,0.30717042088508606,0.49078667163848877,-0.03266562148928642,0.3023388087749481,0.4462336003780365,-0.04244084283709526,0.37961331009864807,0.5495531558990479,-0.023125456646084785,0.41956692934036255,0.48779571056365967,-0.03655998781323433,0.44591405987739563,0.45361411571502686,-0.044969942420721054,0.4669390916824341,0.42992621660232544,-0.04980051517486572,0.41269651055336,0.5791672468185425,-0.0258440300822258,0.44962960481643677,0.510383665561676,-0.03673863410949707,0.47308844327926636,0.46737706661224365,-0.044058267027139664,0.4925098717212677,0.43461430072784424,-0.04946809634566307,0.43812763690948486,0.6085551381111145,-0.029339389875531197,0.47571393847465515,0.5432628989219666,-0.040421485900878906,0.4969479441642761,0.5020598769187927,-0.04750095307826996,0.5133870840072632,0.4708283543586731,-0.051878198981285095,0.4563080668449402,0.6361061930656433,-0.03331943228840828,0.49478039145469666,0.59420245885849,-0.04248423874378204,0.5187944769859314,0.5679411292076111,-0.04601014405488968,0.5395435094833374,0.5461999773979187,-0.04740184172987938,thankyou
0.3357923626899719,0.7320635318756104,3.1856569648880395e-07,0.30942240357398987,0.6488157510757446,-0.013400419615209103,0.30164992809295654,0.5650115013122559,-0.02473653294146061,0.3017928898334503,0.4987470209598541,-0.03453438729047775,0.3003947138786316,0.4497775137424469,-0.04379881173372269,0.37441256642341614,0.5628308653831482,-0.024882683530449867,0.41556820273399353,0.4946061074733734,-0.039123717695474625,0.4438991844654083,0.45689862966537476,-0.047747623175382614,0.46653419733047485,0.431033730506897,-0.052505508065223694,0.40973180532455444,0.592379093170166,-0.026834886521100998,0.44688722491264343,0.5177254676818848,-0.038114313036203384,0.4711028039455414,0.47094079852104187,-0.0452931746840477,0.4915785789489746,0.4355921447277069,-0.050333548337221146,0.4373728930950165,0.6230567693710327,-0.029620971530675888,0.474575400352478,0.5504273772239685,-0.04118908941745758,0.49648517370224,0.5059173107147217,-0.047738850116729736,0.5139886736869812,0.47239163517951965,-0.05150274559855461,0.4580911695957184,0.6540703773498535,-0.03297402709722519,0.4951445758342743,0.6075030565261841,-0.0430087186396122,0.5190308094024658,0.5784063935279846,-0.046165429055690765,0.5403515696525574,0.5550085306167603,-0.046822477132081985,thankyou
0.3033740520477295,0.7981308698654175,5.268563540994364e-07,0.27524441480636597,0.7194278240203857,-0.026503942906856537,0.26191645860671997,0.6204879283905029,-0.04795394837856293,0.26279667019844055,0.5362489223480225,-0.06413046270608902,0.2675056457519531,0.474279522895813,-0.08001857995986938,0.31527718901634216,0.6471882462501526,-0.06830541789531708,0.3696196973323822,0.5463271737098694,-0.09584083408117294,0.40394511818885803,0.48918431997299194,-0.10692664235830307,0.4307289123535156,0.4492444097995758,-0.11098656803369522,0.3530721366405487,0.6816979050636292,-0.06771348416805267,0.4078521728515625,0.569588303565979,-0.09219378978013992,0.44257232546806335,0.49865543842315674,-0.10245896875858307,0.46988603472709656,0.4461666941642761,-0.108381487429142,0.38587355613708496,0.7124810218811035,-0.06687092781066895,0.43909990787506104,0.608781099319458,-0.08861690759658813,0.4717685878276825,0.542830228805542,-0.0985683724284172,0.496712327003479,0.4932831823825836,-0.1034652590751648,0.4122084975242615,0.73835289478302,-0.06647022068500519,0.4569999873638153,0.6663022637367249,-0.0844280943274498,0.4869329333305359,0.6237661242485046,-0.09066692739725113,0.5114399194717407,0.5896239876747131,-0.0928821936249733,thankyou
0.3168642222881317,0.7554925084114075,5.391240165408817e-07,0.2968888580799103,0.6543877124786377,-0.009258667007088661,0.2842426598072052,0.5634605884552002,-0.020526878535747528,0.27951472997665405,0.49433887004852295,-0.03130698204040527,0.28002217411994934,0.44498834013938904,-0.04139145463705063,0.3525056540966034,0.5650568008422852,-0.021631980314850807,0.3966067135334015,0.48571836948394775,-0.03618796914815903,0.4263686537742615,0.441274493932724,-0.04487467184662819,0.4506080150604248,0.409532368183136,-0.04921329766511917,0.386987566947937,0.5928971767425537,-0.026280943304300308,0.4292222559452057,0.5044296383857727,-0.03791080042719841,0.45804983377456665,0.44896167516708374,-0.04531572014093399,0.4817379117012024,0.40659642219543457,-0.05051129683852196,0.4157530665397644,0.6217849254608154,-0.03162562847137451,0.4563717842102051,0.5362019538879395,-0.04348132014274597,0.4813587963581085,0.482515811920166,-0.050568681210279465,0.5004075765609741,0.4424169063568115,-0.05452779307961464,0.43829819560050964,0.6531253457069397,-0.03711945191025734,0.47865068912506104,0.595299243927002,-0.046972159296274185,0.5065010190010071,0.5595071315765381,-0.04977421835064888,0.5305995345115662,0.5311404466629028,-0.05013994872570038,thankyou
0.3390083909034729,0.6986826062202454,3.3188652537319285e-07,0.3128501772880554,0.6198850870132446,-0.012469443492591381,0.302436888217926,0.5405468940734863,-0.02367108315229416,0.3004298210144043,0.47597724199295044,-0.033266521990299225,0.29956990480422974,0.4280233383178711,-0.04239220544695854,0.3727922737598419,0.5313558578491211,-0.024969851598143578,0.4129703640937805,0.46470585465431213,-0.03864973410964012,0.4392565190792084,0.4267985224723816,-0.046483274549245834,0.4601650536060333,0.3998979926109314,-0.05063161253929138,0.4067530632019043,0.5590393543243408,-0.026968153193593025,0.4452982544898987,0.4834408462047577,-0.037656333297491074,0.4686238169670105,0.43639445304870605,-0.04424957185983658,0.4873766303062439,0.40040504932403564,-0.048977915197610855,0.4330100119113922,0.5884272456169128,-0.029574481770396233,0.47023841738700867,0.5173598527908325,-0.04099681228399277,0.49104517698287964,0.47087621688842773,-0.04793815687298775,0.5065290927886963,0.4359554052352905,-0.052112407982349396,0.45277029275894165,0.6185016632080078,-0.03255991265177727,0.4914807975292206,0.5742672681808472,-0.04265435039997101,0.5155088901519775,0.5455396175384521,-0.046391818672418594,0.5359325408935547,0.5218462347984314,-0.0476154163479805,thankyou
0.3407716155052185,0.6946744918823242,3.32799601210354e-07,0.31389278173446655,0.6170957088470459,-0.011022207327187061,0.3027944564819336,0.5370470285415649,-0.021004095673561096,0.30017128586769104,0.47335386276245117,-0.029391149058938026,0.29834291338920593,0.4267904460430145,-0.03718710318207741,0.37362611293792725,0.5272862911224365,-0.024458447471261024,0.4141077697277069,0.4583725035190582,-0.03637387976050377,0.440324604511261,0.4210958778858185,-0.04255707934498787,0.4612535238265991,0.39557766914367676,-0.04556791111826897,0.40881699323654175,0.5551992654800415,-0.026355501264333725,0.4457477331161499,0.47775799036026,-0.03532557561993599,0.46925097703933716,0.43116259574890137,-0.040821488946676254,0.4882344603538513,0.39687788486480713,-0.04492048919200897,0.4360272288322449,0.5841875672340393,-0.02855093590915203,0.47227969765663147,0.5112234950065613,-0.038333069533109665,0.4920988082885742,0.4662907123565674,-0.044587161391973495,0.5066813230514526,0.43278971314430237,-0.04849021136760712,0.4559156894683838,0.6129820346832275,-0.030958838760852814,0.49328190088272095,0.5691241025924683,-0.04009893536567688,0.5163835287094116,0.5402228236198425,-0.043567582964897156,0.5361425876617432,0.5161056518554688,-0.044632356613874435,thankyou
0.34122225642204285,0.7023820877075195,3.296838144706271e-07,0.3136391341686249,0.6222666501998901,-0.01131875067949295,0.3021976351737976,0.5402472019195557,-0.021485818549990654,0.300428569316864,0.4747164249420166,-0.030229687690734863,0.29863089323043823,0.4260931611061096,-0.03849004581570625,0.3729155957698822,0.5304549336433411,-0.023103151470422745,0.41108131408691406,0.4620055556297302,-0.03600447624921799,0.4369804263114929,0.4232245683670044,-0.04360957816243172,0.45827803015708923,0.39590904116630554,-0.04771070182323456,0.4087076485157013,0.5572006702423096,-0.0254318006336689,0.4440648853778839,0.47968894243240356,-0.03521602228283882,0.4675329327583313,0.4304301142692566,-0.04189068824052811,0.4872758090496063,0.3930656313896179,-0.04684179648756981,0.43637996912002563,0.5869272947311401,-0.02824213355779648,0.47141921520233154,0.5142992734909058,-0.038949690759181976,0.491174578666687,0.46887728571891785,-0.045515354722738266,0.5058280825614929,0.43477779626846313,-0.049453750252723694,0.4570865035057068,0.6182372570037842,-0.03134572505950928,0.49309423565864563,0.5732043981552124,-0.04070618748664856,0.5155048370361328,0.5428105592727661,-0.043895743787288666,0.5347453355789185,0.5177300572395325,-0.044754959642887115,thankyou
0.2611645460128784,0.8676390051841736,4.036037921650859e-07,0.22961914539337158,0.8024259209632874,-0.02909642830491066,0.2143355906009674,0.7253697514533997,-0.058128152042627335,0.20870789885520935,0.6663898229598999,-0.08228999376296997,0.20442593097686768,0.6227500438690186,-0.1074042096734047,0.25164151191711426,0.7410607933998108,-0.08934280276298523,0.30648064613342285,0.634363055229187,-0.12253361940383911,0.3396754562854767,0.5725225210189819,-0.1352158635854721,0.36408135294914246,0.5275875329971313,-0.14061379432678223,0.2949785888195038,0.7788046598434448,-0.0905199944972992,0.3512686491012573,0.6664576530456543,-0.12097470462322235,0.384470671415329,0.5944916605949402,-0.13182221353054047,0.40920335054397583,0.5408329367637634,-0.13803131878376007,0.3338068723678589,0.8109743595123291,-0.09064251184463501,0.3914322853088379,0.7101070284843445,-0.11650104075670242,0.4235048294067383,0.6466654539108276,-0.123954638838768,0.4475460350513458,0.5976471304893494,-0.12628598511219025,0.36807918548583984,0.8340665102005005,-0.09131883084774017,0.42132461071014404,0.7692607045173645,-0.11180390417575836,0.4557947516441345,0.7263237237930298,-0.11651811003684998,0.4813593327999115,0.6903491020202637,-0.11708416789770126,thankyou
0.30151262879371643,0.8028770685195923,7.305037001970049e-07,0.2676754891872406,0.7219521999359131,-0.023663220927119255,0.23953258991241455,0.6257014274597168,-0.049735087901353836,0.2309054434299469,0.5439468622207642,-0.06963510811328888,0.24302521347999573,0.4842352271080017,-0.08953206241130829,0.28939899802207947,0.6677583456039429,-0.0920059010386467,0.35296744108200073,0.5470680594444275,-0.1249031350016594,0.391120582818985,0.4816098213195801,-0.13726970553398132,0.42214471101760864,0.43762093782424927,-0.14153741300106049,0.333897203207016,0.7059153318405151,-0.09286165237426758,0.39390820264816284,0.5721779465675354,-0.12145382910966873,0.431395947933197,0.4922518730163574,-0.12962691485881805,0.4600066840648651,0.43695899844169617,-0.13475440442562103,0.37364381551742554,0.7357391715049744,-0.09104031324386597,0.4297482967376709,0.6094849109649658,-0.11538514494895935,0.46352165937423706,0.5386636257171631,-0.1218980923295021,0.4882088303565979,0.48675644397735596,-0.1254541575908661,0.4030948877334595,0.7580949664115906,-0.08879867196083069,0.4505781829357147,0.6817690134048462,-0.11113274842500687,0.4801540970802307,0.6389719247817993,-0.11653690785169601,0.5031018257141113,0.6057342886924744,-0.11817978322505951,thankyou
0.3320879340171814,0.7388626337051392,5.485574661179271e-07,0.29736965894699097,0.6587612628936768,-0.01734992302954197,0.27849093079566956,0.5709851980209351,-0.03590504825115204,0.27292418479919434,0.4994588792324066,-0.05134158208966255,0.27013954520225525,0.44393301010131836,-0.06695880740880966,0.33368736505508423,0.5894752144813538,-0.057520847767591476,0.38285475969314575,0.49506643414497375,-0.08156013488769531,0.4163777828216553,0.4418467581272125,-0.09113629162311554,0.44442272186279297,0.404926061630249,-0.09469256550073624,0.37522077560424805,0.6191859245300293,-0.06108013167977333,0.423215389251709,0.5101343393325806,-0.08189262449741364,0.45631158351898193,0.44005346298217773,-0.09015175700187683,0.48224446177482605,0.38783353567123413,-0.09545767307281494,0.41004031896591187,0.6479066610336304,-0.06368125230073929,0.45478007197380066,0.5438286662101746,-0.08433268219232559,0.48233669996261597,0.4800773561000824,-0.09294234216213226,0.5035179853439331,0.4315476417541504,-0.09728911519050598,0.43798133730888367,0.6751261949539185,-0.06606750935316086,0.48005247116088867,0.607208251953125,-0.08418961614370346,0.5070419311523438,0.5660189986228943,-0.08965089172124863,0.5295405983924866,0.5326286554336548,-0.09155841171741486,thankyou
0.34554392099380493,0.6860926747322083,4.0525094391341554e-07,0.3199707269668579,0.6046639680862427,-0.011961431242525578,0.3087681233882904,0.5265365839004517,-0.02281646430492401,0.308301717042923,0.4634369909763336,-0.031659405678510666,0.3111763596534729,0.4156622886657715,-0.039897024631500244,0.37254205346107483,0.5200182795524597,-0.030798589810729027,0.41821742057800293,0.44913116097450256,-0.04576124623417854,0.4460836946964264,0.4078933000564575,-0.05347761884331703,0.4676041305065155,0.37805020809173584,-0.05702333524823189,0.4072670638561249,0.5503354072570801,-0.03298000246286392,0.4476686120033264,0.47239384055137634,-0.045104868710041046,0.4726554751396179,0.42269766330718994,-0.051076117902994156,0.49181944131851196,0.3843371272087097,-0.055300869047641754,0.43517348170280457,0.579421877861023,-0.03536594659090042,0.47530749440193176,0.5058614015579224,-0.04810743033885956,0.4983535706996918,0.45703864097595215,-0.05448824539780617,0.515316367149353,0.4191756248474121,-0.057926665991544724,0.45638787746429443,0.6065803170204163,-0.03791885823011398,0.4962765872478485,0.5569717288017273,-0.049166515469551086,0.5206958651542664,0.5237261652946472,-0.0528469942510128,0.540756106376648,0.4949975609779358,-0.05378316342830658,thankyou
0.3491988778114319,0.679987370967865,3.615001276102703e-07,0.32163316011428833,0.600980818271637,-0.013365714810788631,0.3107715845108032,0.5237157940864563,-0.024082887917757034,0.3096882402896881,0.4626699984073639,-0.03289173170924187,0.3081204295158386,0.415652871131897,-0.04119178280234337,0.3766280710697174,0.5151064991950989,-0.025005275383591652,0.4168250262737274,0.44828230142593384,-0.03847702965140343,0.44356366991996765,0.41005760431289673,-0.04689224436879158,0.46516668796539307,0.38191714882850647,-0.05151616409420967,0.4124194085597992,0.5438767671585083,-0.026497092097997665,0.44785577058792114,0.47006526589393616,-0.03694218397140503,0.47088176012039185,0.4216412305831909,-0.0446062795817852,0.4897192120552063,0.38272854685783386,-0.050349511206150055,0.44030246138572693,0.5725532174110413,-0.02858348749577999,0.4763767719268799,0.5025815367698669,-0.03992333263158798,0.49743109941482544,0.4556923806667328,-0.0474412702023983,0.513702392578125,0.4183419346809387,-0.05203050374984741,0.4605369567871094,0.599799633026123,-0.031049666926264763,0.4967879056930542,0.5541463494300842,-0.04094129800796509,0.519795298576355,0.5227935910224915,-0.04450170695781708,0.5395349264144897,0.4955216944217682,-0.04569094255566597,thankyou
0.34864747524261475,0.6796976327896118,3.422996712743043e-07,0.3211052119731903,0.5988525748252869,-0.011409555561840534,0.308895468711853,0.5221498608589172,-0.02189251407980919,0.30729639530181885,0.4606267809867859,-0.03099483624100685,0.3063715398311615,0.4135787785053253,-0.03962244093418121,0.37538135051727295,0.5158013701438904,-0.024827389046549797,0.41573673486709595,0.4463042616844177,-0.038644179701805115,0.4423491954803467,0.4065611958503723,-0.046566400676965714,0.4638001024723053,0.3775171637535095,-0.050654344260692596,0.4101567268371582,0.5451695322990417,-0.027734624221920967,0.44723403453826904,0.4672052562236786,-0.038739483803510666,0.471304714679718,0.41768622398376465,-0.045841168612241745,0.4908127188682556,0.37865501642227173,-0.05095968395471573,0.43796786665916443,0.574360728263855,-0.031118078157305717,0.47503527998924255,0.502040684223175,-0.04266687110066414,0.4962098300457001,0.45275357365608215,-0.05019479990005493,0.5118918418884277,0.4140058159828186,-0.05465993285179138,0.45953232049942017,0.6024880409240723,-0.03479257971048355,0.49733424186706543,0.554450511932373,-0.044702522456645966,0.5198003053665161,0.5212424993515015,-0.048476383090019226,0.538489818572998,0.49190837144851685,-0.049736589193344116,thankyou
0.32844507694244385,0.722812831401825,4.779539040100644e-07,0.2991848587989807,0.6387900114059448,-0.016078084707260132,0.28360864520072937,0.5501444339752197,-0.03210233524441719,0.27787286043167114,0.47729718685150146,-0.04656797647476196,0.27696582674980164,0.42085781693458557,-0.06075594946742058,0.3500419557094574,0.5430088043212891,-0.03802604600787163,0.39478039741516113,0.45870718359947205,-0.05967097729444504,0.4259890913963318,0.4104737639427185,-0.07147065550088882,0.45254018902778625,0.37634938955307007,-0.07707051932811737,0.38849735260009766,0.5733786225318909,-0.0420549213886261,0.431446373462677,0.47821739315986633,-0.06102287024259567,0.4618073105812073,0.4165778160095215,-0.07146313786506653,0.4878576993942261,0.36748605966567993,-0.07764959335327148,0.42041414976119995,0.6055597066879272,-0.046510253101587296,0.46149635314941406,0.5156776905059814,-0.06550278514623642,0.48485293984413147,0.45805639028549194,-0.07435421645641327,0.5033766031265259,0.4129406809806824,-0.0780821219086647,0.44619545340538025,0.6375795006752014,-0.05124906450510025,0.4862575829029083,0.5754084587097168,-0.06624104827642441,0.5116280317306519,0.5369804501533508,-0.06993456929922104,0.5335628986358643,0.5051042437553406,-0.07001854479312897,thankyou
0.270643949508667,0.8237993717193604,5.772283770966169e-07,0.22936168313026428,0.7586919665336609,-0.026688283309340477,0.20373429358005524,0.6704940795898438,-0.05500130355358124,0.19245736300945282,0.5991415977478027,-0.07708866149187088,0.18145792186260223,0.5426583886146545,-0.10052931308746338,0.2585252523422241,0.7005576491355896,-0.09668976813554764,0.31294962763786316,0.5853675603866577,-0.1280701756477356,0.3445083796977997,0.5260184407234192,-0.13831400871276855,0.368267297744751,0.4857266843318939,-0.14129212498664856,0.3050353229045868,0.7355417013168335,-0.09911386668682098,0.3626128137111664,0.6015644669532776,-0.12656214833259583,0.3947703242301941,0.5226406455039978,-0.13520915806293488,0.4181031882762909,0.4658321142196655,-0.14101624488830566,0.3449685573577881,0.765385627746582,-0.09919457137584686,0.40562522411346436,0.6402861475944519,-0.12632329761981964,0.43973755836486816,0.568856418132782,-0.13710817694664001,0.4654313027858734,0.5134323835372925,-0.14335188269615173,0.3755088746547699,0.7888758778572083,-0.0983235314488411,0.4299101233482361,0.7142638564109802,-0.12336340546607971,0.4663707911968231,0.670714795589447,-0.13072746992111206,0.4937629699707031,0.633022665977478,-0.1339830458164215,thankyou
0.2509528398513794,0.8958271145820618,6.987539791225572e-07,0.22441118955612183,0.8173779249191284,-0.01735033467411995,0.2121496945619583,0.7395910024642944,-0.03942270949482918,0.21665161848068237,0.6847648024559021,-0.05743546411395073,0.22715051472187042,0.6534185409545898,-0.07631558924913406,0.24496367573738098,0.7488717436790466,-0.07745154201984406,0.3018704652786255,0.6237359046936035,-0.10558857768774033,0.33574965596199036,0.5588334798812866,-0.11459779739379883,0.36062541604042053,0.5121745467185974,-0.11675848811864853,0.28973641991615295,0.7894119620323181,-0.08175937831401825,0.34570297598838806,0.6530346274375916,-0.1074751764535904,0.37820950150489807,0.5754427909851074,-0.11579736322164536,0.40132802724838257,0.5181567668914795,-0.11985740810632706,0.3322884738445282,0.8254481554031372,-0.08347109705209732,0.39041799306869507,0.7019025683403015,-0.10598819702863693,0.42352014780044556,0.6282145977020264,-0.11282750219106674,0.4467833638191223,0.5722756385803223,-0.11503268778324127,0.36896219849586487,0.851657509803772,-0.08420106023550034,0.4237254858016968,0.7720792293548584,-0.10176601260900497,0.4585282802581787,0.72405606508255,-0.10386458039283752,0.48527517914772034,0.6828657984733582,-0.1025705561041832,thankyou
0.327097088098526,0.7444638013839722,5.89079149904137e-07,0.2911590039730072,0.6629830598831177,-0.018624629825353622,0.2750658094882965,0.5699467062950134,-0.03777911514043808,0.27174320816993713,0.491225928068161,-0.05372551828622818,0.2678183317184448,0.43109533190727234,-0.06983417272567749,0.33084774017333984,0.582547664642334,-0.05896122753620148,0.38222718238830566,0.4835446774959564,-0.08444031327962875,0.4160771369934082,0.42856019735336304,-0.09492818266153336,0.4447552263736725,0.38966813683509827,-0.09906410425901413,0.3717908263206482,0.6147947907447815,-0.06281665712594986,0.4230985939502716,0.5008677840232849,-0.08580772578716278,0.4572337865829468,0.4290629029273987,-0.09557188302278519,0.4848765432834625,0.3758430778980255,-0.10149407386779785,0.4080628752708435,0.6463350057601929,-0.06581734120845795,0.4575652480125427,0.5368216037750244,-0.08855719119310379,0.48659271001815796,0.46983277797698975,-0.0985332801938057,0.510130763053894,0.4186902642250061,-0.10330658406019211,0.43804699182510376,0.6757219433784485,-0.06857360154390335,0.4824763536453247,0.6018255352973938,-0.08903679996728897,0.5116685032844543,0.5581617951393127,-0.09587287902832031,0.5373455286026001,0.5222311019897461,-0.09819216281175613,thankyou
0.3585427403450012,0.6746200323104858,3.847708853754739e-07,0.3322562575340271,0.5941138863563538,-0.013021515682339668,0.31896623969078064,0.5161541104316711,-0.025010962039232254,0.31669726967811584,0.4514068365097046,-0.03498207777738571,0.3174315094947815,0.40136975049972534,-0.04431840777397156,0.38538944721221924,0.5037013292312622,-0.028079399839043617,0.4269527494907379,0.43522778153419495,-0.0427679643034935,0.45390158891677856,0.39539480209350586,-0.05114854499697685,0.47579020261764526,0.36666393280029297,-0.0554148405790329,0.4203755557537079,0.5318904519081116,-0.03009454905986786,0.45937925577163696,0.45471543073654175,-0.041318379342556,0.4833848178386688,0.4062346816062927,-0.04733138903975487,0.502684473991394,0.36918050050735474,-0.05175163224339485,0.4475467801094055,0.5620530843734741,-0.032647162675857544,0.48660504817962646,0.4880008399486542,-0.04471598565578461,0.5070774555206299,0.4390348196029663,-0.05063454434275627,0.522157609462738,0.4020425081253052,-0.05397699400782585,0.46802088618278503,0.5928159356117249,-0.03554069250822067,0.5071069598197937,0.5428967475891113,-0.045840367674827576,0.530820906162262,0.5087331533432007,-0.04880520701408386,0.5503803491592407,0.479179710149765,-0.04941462725400925,thankyou
0.36458852887153625,0.6744896769523621,3.3861269344015454e-07,0.333418071269989,0.5970060229301453,-0.013098680414259434,0.31861668825149536,0.5179855823516846,-0.024774890393018723,0.31550219655036926,0.4536363482475281,-0.03450191393494606,0.31472712755203247,0.4050293266773224,-0.0436483658850193,0.3878074586391449,0.5043320059776306,-0.02726658806204796,0.42510607838630676,0.4351399838924408,-0.04144100099802017,0.45025762915611267,0.3949134051799774,-0.04981427639722824,0.470939040184021,0.366421103477478,-0.054314497858285904,0.42393574118614197,0.5314316153526306,-0.029291529208421707,0.45883500576019287,0.45371946692466736,-0.04015379771590233,0.48173755407333374,0.4045671820640564,-0.046520158648490906,0.5008667707443237,0.36737877130508423,-0.05119142681360245,0.4521334767341614,0.5614247918128967,-0.03181513026356697,0.48744943737983704,0.486125111579895,-0.04332791268825531,0.506628155708313,0.43901070952415466,-0.048828527331352234,0.5213364958763123,0.40360626578330994,-0.0518885999917984,0.4733298718929291,0.593023419380188,-0.03474467247724533,0.5089225769042969,0.5420796871185303,-0.044956024736166,0.5303805470466614,0.5080022811889648,-0.04753563553094864,0.5489293932914734,0.4792192280292511,-0.04773503169417381,thankyou
0.361522912979126,0.6725631952285767,3.4097362799911934e-07,0.3307207226753235,0.594391405582428,-0.013373111374676228,0.3171404302120209,0.5170793533325195,-0.025149133056402206,0.3145405054092407,0.4522417187690735,-0.03489241749048233,0.3139091432094574,0.4032801389694214,-0.044015079736709595,0.38877084851264954,0.5017808079719543,-0.026634525507688522,0.42648935317993164,0.433658242225647,-0.040147047489881516,0.4521316885948181,0.3953644633293152,-0.04797399416565895,0.4733339846134186,0.36819857358932495,-0.052117351442575455,0.42440587282180786,0.52995765209198,-0.027936667203903198,0.4584558606147766,0.45314037799835205,-0.03843802213668823,0.48025718331336975,0.4048346281051636,-0.04468688368797302,0.4985435903072357,0.36827921867370605,-0.04925091192126274,0.451803982257843,0.5603456497192383,-0.029733238741755486,0.48745816946029663,0.4856143593788147,-0.04105392470955849,0.5067046284675598,0.4388512969017029,-0.04664808139204979,0.5215854644775391,0.4037637710571289,-0.049749646335840225,0.4717679023742676,0.5918266773223877,-0.03194514289498329,0.5077691078186035,0.5421213507652283,-0.04226209223270416,0.5299251675605774,0.5084222555160522,-0.04520251974463463,0.5491383075714111,0.4796431064605713,-0.04555384814739227,thankyou
0.34920525550842285,0.6738099455833435,3.6173258877170156e-07,0.3161521852016449,0.600016713142395,-0.014474393799901009,0.3071531057357788,0.5184957981109619,-0.02586529590189457,0.31911537051200867,0.4533116817474365,-0.03518296033143997,0.3305385708808899,0.40160369873046875,-0.04359235242009163,0.36450567841529846,0.5047659873962402,-0.028201984241604805,0.4092444181442261,0.4374505579471588,-0.04490620642900467,0.438863068819046,0.3984135091304779,-0.05489460378885269,0.4630747437477112,0.36913609504699707,-0.05997183918952942,0.3999503552913666,0.5313741564750671,-0.030563490465283394,0.44271501898765564,0.4550447463989258,-0.04350288584828377,0.47224876284599304,0.4064518213272095,-0.05129047483205795,0.4968283474445343,0.36557841300964355,-0.056254252791404724,0.4297007620334625,0.5601506233215332,-0.0336562804877758,0.4669741988182068,0.48682817816734314,-0.04595791921019554,0.49084150791168213,0.43984633684158325,-0.05178119242191315,0.5095509886741638,0.4024198353290558,-0.05436623468995094,0.4546353816986084,0.5896583795547485,-0.037488896399736404,0.48484283685684204,0.5264031291007996,-0.04816018044948578,0.5024530291557312,0.4861215353012085,-0.05055103823542595,0.5172666907310486,0.45307281613349915,-0.05003577470779419,thankyou
0.2740659713745117,0.7742859125137329,6.705834039166803e-07,0.2443501353263855,0.6977301836013794,-0.01935715228319168,0.24829256534576416,0.598736584186554,-0.03555642068386078,0.27039313316345215,0.5247510671615601,-0.0485655777156353,0.27959614992141724,0.46229442954063416,-0.0622190423309803,0.2899920344352722,0.5864739418029785,-0.04856270179152489,0.35126426815986633,0.49243614077568054,-0.07604249566793442,0.39910489320755005,0.43169400095939636,-0.09296689927577972,0.4378860294818878,0.38772451877593994,-0.10165201872587204,0.32037392258644104,0.6150314211845398,-0.05113387480378151,0.3829187750816345,0.5125645995140076,-0.07344259321689606,0.42912939190864563,0.44708025455474854,-0.08655910193920135,0.46831148862838745,0.39621418714523315,-0.09493285417556763,0.3490954637527466,0.6432939767837524,-0.053743667900562286,0.40434500575065613,0.5437191128730774,-0.07203447073698044,0.4455447196960449,0.4804442226886749,-0.07913297414779663,0.48136138916015625,0.43231087923049927,-0.08269412070512772,0.3749232292175293,0.6715558767318726,-0.05742458999156952,0.41526687145233154,0.5911241769790649,-0.07156340777873993,0.4448675513267517,0.5404956936836243,-0.0747818723320961,0.4723753035068512,0.5012877583503723,-0.07561974227428436,thankyou
0.309884637594223,0.8301045894622803,2.2636540109033376e-07,0.2740965783596039,0.7581427693367004,-0.02326999604701996,0.27594318985939026,0.6595563292503357,-0.040340911597013474,0.30171769857406616,0.5898286700248718,-0.052641239017248154,0.3323570191860199,0.5425331592559814,-0.06465882807970047,0.3146911561489105,0.675883412361145,-0.06023012846708298,0.3639996647834778,0.574039101600647,-0.08413877338171005,0.3944183886051178,0.5151714086532593,-0.09422866255044937,0.41761448979377747,0.4704328179359436,-0.09902933984994888,0.3537611961364746,0.7063924670219421,-0.0607837438583374,0.4046652019023895,0.597550094127655,-0.08249344676733017,0.4355490803718567,0.5259667038917542,-0.09156642109155655,0.46125519275665283,0.4682978391647339,-0.09718436002731323,0.3864715099334717,0.733314037322998,-0.06105310097336769,0.4361214339733124,0.628524899482727,-0.0809490829706192,0.4653925895690918,0.5587756633758545,-0.08737797290086746,0.48870277404785156,0.5033161640167236,-0.08952078968286514,0.41309159994125366,0.7520285844802856,-0.06183268502354622,0.45397472381591797,0.6683019399642944,-0.0797732025384903,0.47791099548339844,0.6114779114723206,-0.08400547504425049,0.4964728057384491,0.5664107799530029,-0.08435658365488052,thankyou
0.33755797147750854,0.7798208594322205,6.410831474568113e-07,0.3063492774963379,0.6785209774971008,-0.010637772269546986,0.30034875869750977,0.5884290933609009,-0.024482766166329384,0.328048974275589,0.5165415406227112,-0.0348508395254612,0.36317628622055054,0.47901344299316406,-0.0450516901910305,0.33928850293159485,0.6095211505889893,-0.04828224331140518,0.3827783465385437,0.5173935890197754,-0.06731833517551422,0.41136208176612854,0.46352601051330566,-0.07583178579807281,0.4353884160518646,0.424030065536499,-0.07914537936449051,0.38103654980659485,0.6379479169845581,-0.05098189786076546,0.4242754578590393,0.5392325520515442,-0.0683218464255333,0.45545676350593567,0.47378408908843994,-0.07667089998722076,0.4788624048233032,0.425961971282959,-0.08164514601230621,0.41672080755233765,0.6615230441093445,-0.051358435302972794,0.4539033770561218,0.5674514770507812,-0.06640613824129105,0.4822142720222473,0.5031181573867798,-0.0740734413266182,0.5034050941467285,0.4554823637008667,-0.07765030860900879,0.4425642788410187,0.6799941062927246,-0.05081385374069214,0.4748486876487732,0.6002768874168396,-0.06214630976319313,0.49534404277801514,0.547231137752533,-0.06476174294948578,0.5126150846481323,0.5060120820999146,-0.06442693620920181,thankyou
0.366161048412323,0.6660631895065308,3.114826370165247e-07,0.33241528272628784,0.5839211344718933,-0.0022816115524619818,0.334817498922348,0.5073513984680176,-0.0067367455922067165,0.36331525444984436,0.45308807492256165,-0.010016038082540035,0.39082562923431396,0.4298102855682373,-0.013245753012597561,0.3757362365722656,0.4977935254573822,-0.022435089573264122,0.42167800664901733,0.42855533957481384,-0.03310349956154823,0.4488021731376648,0.3896154761314392,-0.037614528089761734,0.4694429337978363,0.3613889813423157,-0.03907667472958565,0.41223007440567017,0.5242339372634888,-0.02607671730220318,0.4505292475223541,0.4422014653682709,-0.03276636451482773,0.4733072519302368,0.3942689001560211,-0.034203849732875824,0.49011683464050293,0.35825902223587036,-0.03520677611231804,0.44263917207717896,0.550778865814209,-0.028610097244381905,0.47519686818122864,0.47142088413238525,-0.03420383855700493,0.49427732825279236,0.42388486862182617,-0.034787360578775406,0.5080713629722595,0.389059841632843,-0.035020291805267334,0.4654523730278015,0.5751017928123474,-0.030843369662761688,0.4915464222431183,0.5094231367111206,-0.03652322292327881,0.5060545802116394,0.46994537115097046,-0.03579175844788551,0.5176645517349243,0.43848371505737305,-0.03384387120604515,thankyou
0.3674311637878418,0.6536957621574402,3.2082792245091696e-07,0.3318263292312622,0.5751375555992126,-0.0029692663811147213,0.33261168003082275,0.5017214417457581,-0.007605224382132292,0.3605940341949463,0.4477466344833374,-0.011322098784148693,0.3875892162322998,0.42472466826438904,-0.01506895013153553,0.3753525912761688,0.4885548949241638,-0.020047398284077644,0.41697555780410767,0.4218592643737793,-0.030805058777332306,0.4432224631309509,0.3854905366897583,-0.03629620000720024,0.46453094482421875,0.35919803380966187,-0.03888925537467003,0.41077110171318054,0.513118326663971,-0.024059686809778214,0.4482072591781616,0.4367524981498718,-0.03151774778962135,0.47138679027557373,0.3912789225578308,-0.03499003127217293,0.489418089389801,0.3560519218444824,-0.037669532001018524,0.4400046169757843,0.5388110280036926,-0.027281401678919792,0.47279343008995056,0.4659678339958191,-0.03401269391179085,0.4925680458545685,0.4203065037727356,-0.03673779219388962,0.5073187947273254,0.3851139545440674,-0.03854689747095108,0.46246811747550964,0.5642245411872864,-0.03029128909111023,0.48932865262031555,0.5047981142997742,-0.0368385836482048,0.5034263134002686,0.4661693274974823,-0.037699151784181595,0.5143564939498901,0.4335051476955414,-0.0371859036386013,thankyou
0.3636370897293091,0.6600736975669861,2.9336018769754446e-07,0.33044302463531494,0.5828412771224976,-0.002237529493868351,0.33419233560562134,0.5095430016517639,-0.006641365587711334,0.3608890771865845,0.45521360635757446,-0.010266060940921307,0.3865284323692322,0.429218053817749,-0.01398159097880125,0.3760482668876648,0.49440696835517883,-0.018989218398928642,0.41786134243011475,0.42921870946884155,-0.02975696325302124,0.44388845562934875,0.39271780848503113,-0.03549947589635849,0.46476927399635315,0.36645328998565674,-0.03825181722640991,0.4114094078540802,0.5184282660484314,-0.023372452706098557,0.449808806180954,0.4434288442134857,-0.02997945435345173,0.47350770235061646,0.3980104327201843,-0.033263709396123886,0.49207043647766113,0.36228591203689575,-0.03581572324037552,0.4406430125236511,0.544933021068573,-0.026886925101280212,0.4739098846912384,0.47026026248931885,-0.03275848180055618,0.4939947724342346,0.42498496174812317,-0.034809719771146774,0.509056806564331,0.3900573253631592,-0.03624250739812851,0.46259355545043945,0.5712151527404785,-0.030158357694745064,0.48881006240844727,0.5098095536231995,-0.03608705475926399,0.5032824277877808,0.47111380100250244,-0.03627948462963104,0.5148098468780518,0.4386823773384094,-0.03519390523433685,thankyou
0.35536301136016846,0.6873167157173157,3.713429350682418e-07,0.32026389241218567,0.6110703349113464,-0.00922179315239191,0.317791223526001,0.5282411575317383,-0.01966320537030697,0.35108789801597595,0.46709099411964417,-0.027760440483689308,0.3855898082256317,0.4428102970123291,-0.035652220249176025,0.3601464033126831,0.5281593203544617,-0.03792933374643326,0.4070645570755005,0.4506358504295349,-0.053768739104270935,0.4363454282283783,0.4061547815799713,-0.06095084547996521,0.45881685614585876,0.37503623962402344,-0.0640784353017807,0.3988199532032013,0.5568888187408447,-0.041927166283130646,0.44279944896698,0.467398464679718,-0.05449603497982025,0.4695570766925812,0.41326916217803955,-0.05987561121582985,0.48937535285949707,0.37168294191360474,-0.06313540786504745,0.43120646476745605,0.5848387479782104,-0.044555604457855225,0.4700484573841095,0.4976480007171631,-0.055425964295864105,0.49319225549697876,0.44184938073158264,-0.059768352657556534,0.5093411207199097,0.3995189666748047,-0.06188572198152542,0.4564390480518341,0.609796404838562,-0.04703186824917793,0.4881211519241333,0.5393218994140625,-0.05699161812663078,0.5046799182891846,0.4922139644622803,-0.05837064981460571,0.516802966594696,0.45509934425354004,-0.05741329863667488,thankyou
0.3212530314922333,0.7593826055526733,2.944395589565829e-07,0.27892816066741943,0.6864182949066162,-0.01671624183654785,0.2700050473213196,0.5920951962471008,-0.03148232027888298,0.28691890835762024,0.5266482830047607,-0.043705422431230545,0.3035256266593933,0.47914621233940125,-0.05646525323390961,0.3111765682697296,0.5842286348342896,-0.053257185965776443,0.36435234546661377,0.4896816909313202,-0.07723968476057053,0.39824241399765015,0.43458542227745056,-0.0874243900179863,0.4237539768218994,0.3936813473701477,-0.09183243662118912,0.3535251319408417,0.6174051761627197,-0.05777723342180252,0.40382733941078186,0.5076369643211365,-0.08017326146364212,0.43748801946640015,0.43346935510635376,-0.09160015732049942,0.4653468132019043,0.37205615639686584,-0.09860669076442719,0.3908716142177582,0.6497185826301575,-0.06162113696336746,0.4354245960712433,0.5408289432525635,-0.08192961663007736,0.46365126967430115,0.46936163306236267,-0.09276580810546875,0.48424071073532104,0.4122317433357239,-0.09798920899629593,0.4231756627559662,0.6780753135681152,-0.06553072482347488,0.45797592401504517,0.5940988659858704,-0.08312377333641052,0.47813284397125244,0.5373026132583618,-0.08992581814527512,0.4937983751296997,0.49099457263946533,-0.0921439677476883,thankyou
0.3578026592731476,0.6841045022010803,4.572541172365163e-07,0.3272753357887268,0.6058155298233032,-0.009241986088454723,0.32521122694015503,0.524431586265564,-0.019605182111263275,0.3524712324142456,0.4614672362804413,-0.027694115415215492,0.3831048011779785,0.4331143796443939,-0.03499658778309822,0.36736419796943665,0.5180008411407471,-0.032730668783187866,0.41414961218833923,0.44024375081062317,-0.048122234642505646,0.44406652450561523,0.39729422330856323,-0.05620642006397247,0.4683015048503876,0.3669423460960388,-0.05995216220617294,0.403796911239624,0.5465404987335205,-0.03558667004108429,0.44620805978775024,0.4592263400554657,-0.047017838805913925,0.4740523099899292,0.4064227342605591,-0.05179344490170479,0.4956270158290863,0.3673701882362366,-0.054870136082172394,0.43513771891593933,0.5733528137207031,-0.037618301808834076,0.4726077914237976,0.4904877841472626,-0.04687727242708206,0.4953426420688629,0.43644794821739197,-0.04957406222820282,0.5120794773101807,0.3971264362335205,-0.0507916659116745,0.4599260091781616,0.5977558493614197,-0.03984896466135979,0.49099254608154297,0.5300275683403015,-0.0479702465236187,0.5074869394302368,0.4856083393096924,-0.04843871295452118,0.5210345387458801,0.4508834481239319,-0.0471041202545166,thankyou
0.36712607741355896,0.6686081886291504,3.0850227972223365e-07,0.3337882459163666,0.588820219039917,-0.0033605466596782207,0.33604884147644043,0.5124837756156921,-0.008512287400662899,0.363816499710083,0.4584771394729614,-0.012668115086853504,0.38988572359085083,0.43332862854003906,-0.016785617917776108,0.37488844990730286,0.503974437713623,-0.022183384746313095,0.4161417782306671,0.435798317193985,-0.034758035093545914,0.4426942467689514,0.39720606803894043,-0.04125448316335678,0.4640413820743561,0.3686031401157379,-0.04438851401209831,0.41161760687828064,0.530110239982605,-0.026942316442728043,0.4489900767803192,0.45181959867477417,-0.03606254607439041,0.47344642877578735,0.4043487310409546,-0.040542710572481155,0.4924837648868561,0.36582523584365845,-0.04368680715560913,0.4424997866153717,0.5560662746429443,-0.03081694059073925,0.47402000427246094,0.47987812757492065,-0.039030976593494415,0.49457696080207825,0.4324801564216614,-0.042024608701467514,0.5099761486053467,0.39519768953323364,-0.04367667809128761,0.4666604995727539,0.5800839066505432,-0.034462686628103256,0.49185633659362793,0.516139030456543,-0.04252585396170616,0.5057232975959778,0.47554564476013184,-0.04359754920005798,0.5168774127960205,0.44168877601623535,-0.042923454195261,thankyou
0.36699190735816956,0.6701945066452026,3.2540836514272087e-07,0.33006390929222107,0.5933544039726257,-0.004281756933778524,0.3320566713809967,0.5189433693885803,-0.010399408638477325,0.3610037863254547,0.4638352692127228,-0.015154865570366383,0.3866918385028839,0.433902382850647,-0.020136797800660133,0.37334197759628296,0.5054352879524231,-0.02639557048678398,0.41698023676872253,0.4357234835624695,-0.03910123556852341,0.4437955915927887,0.39644527435302734,-0.04486168548464775,0.4651612639427185,0.3677652180194855,-0.04740651696920395,0.41091859340667725,0.5322229862213135,-0.03093656897544861,0.45000192523002625,0.4528096318244934,-0.04103092476725578,0.4739726781845093,0.40407440066337585,-0.04573080688714981,0.4922212064266205,0.36500442028045654,-0.04889267683029175,0.4418656826019287,0.5603506565093994,-0.03436142951250076,0.47620776295661926,0.4823269844055176,-0.04409266263246536,0.49659407138824463,0.43272262811660767,-0.048138026148080826,0.5116380453109741,0.392709881067276,-0.050376854836940765,0.4654935598373413,0.5874250531196594,-0.037309885025024414,0.49286481738090515,0.5235196352005005,-0.04684402793645859,0.5073861479759216,0.48100483417510986,-0.048924606293439865,0.5186653733253479,0.4440927505493164,-0.04875630512833595,thankyou
0.27766212821006775,0.828366219997406,2.4595760805823375e-07,0.24740087985992432,0.7497683763504028,-0.011905231513082981,0.25223320722579956,0.6507947444915771,-0.02377498336136341,0.2786273658275604,0.5803240537643433,-0.03416437655687332,0.3095778822898865,0.5337381362915039,-0.04493230581283569,0.2833748161792755,0.6502460241317749,-0.03822814300656319,0.33429330587387085,0.5538600087165833,-0.05870346352458,0.36787325143814087,0.4963931441307068,-0.06796643882989883,0.3927810788154602,0.4537278413772583,-0.07220247387886047,0.32069137692451477,0.680957555770874,-0.043893080204725266,0.37387213110923767,0.577807605266571,-0.06136603653430939,0.4082604944705963,0.5101449489593506,-0.07002997398376465,0.435866117477417,0.4543977379798889,-0.07549995183944702,0.3554457426071167,0.7149804830551147,-0.04935671016573906,0.406808465719223,0.6123781204223633,-0.06480573117733002,0.4370661675930023,0.5448898077011108,-0.06973890215158463,0.4595111608505249,0.48995524644851685,-0.07122063636779785,0.3876384198665619,0.7463645339012146,-0.05499656870961189,0.4277975559234619,0.6592208743095398,-0.06876460462808609,0.45002761483192444,0.6015045642852783,-0.0709754154086113,0.46493715047836304,0.5540164113044739,-0.06998095661401749,thankyou
0.3412337899208069,0.6846287250518799,2.551506952386262e-07,0.3141099214553833,0.6013545989990234,-0.002450591651722789,0.3177686929702759,0.5216132402420044,-0.006122912745922804,0.3442841172218323,0.4662870466709137,-0.009296221658587456,0.3723294138908386,0.44268155097961426,-0.012038663029670715,0.3650739789009094,0.5118446350097656,-0.014049921184778214,0.40777334570884705,0.4473917484283447,-0.02365647442638874,0.4337012469768524,0.4110108017921448,-0.02956853248178959,0.4538995027542114,0.38369083404541016,-0.032788779586553574,0.39976146817207336,0.5399947166442871,-0.018556544557213783,0.43838122487068176,0.4663383960723877,-0.024687407538294792,0.4623172879219055,0.4215916097164154,-0.02844558097422123,0.48075124621391296,0.384748250246048,-0.03150749206542969,0.42827197909355164,0.5688302516937256,-0.022607428953051567,0.46315503120422363,0.4954298734664917,-0.02857794240117073,0.483962744474411,0.45053642988204956,-0.03034883923828602,0.4991301894187927,0.4147082567214966,-0.031405895948410034,0.4493641257286072,0.5951204895973206,-0.026605460792779922,0.47760164737701416,0.5321380496025085,-0.03258335590362549,0.49331170320510864,0.4929707646369934,-0.0321379154920578,0.5059460401535034,0.46050018072128296,-0.03053954243659973,thankyou
0.3487513065338135,0.6688168048858643,3.1026092983665876e-07,0.3169364929199219,0.5891705751419067,-0.003849838860332966,0.3183279037475586,0.5138594508171082,-0.00884305965155363,0.347208708524704,0.46109622716903687,-0.013013423420488834,0.3756376802921295,0.4392540156841278,-0.017096279188990593,0.36340054869651794,0.5056919455528259,-0.019536910578608513,0.40750160813331604,0.44086986780166626,-0.0304870568215847,0.4341585040092468,0.404502809047699,-0.036327190697193146,0.4548725485801697,0.3770231008529663,-0.039288539439439774,0.39798495173454285,0.5324342846870422,-0.02365642599761486,0.4370644688606262,0.4583797752857208,-0.031818389892578125,0.46142125129699707,0.41306179761886597,-0.03631659969687462,0.4798405170440674,0.3769657015800476,-0.03967517241835594,0.42601290345191956,0.5594712495803833,-0.027170926332473755,0.46085676550865173,0.48792511224746704,-0.03500431776046753,0.4829148054122925,0.4429914355278015,-0.03881449997425079,0.49911952018737793,0.4073159098625183,-0.041109561920166016,0.44721275568008423,0.5849614143371582,-0.030484553426504135,0.4772091209888458,0.5263326168060303,-0.0379926823079586,0.4937623143196106,0.48797306418418884,-0.03951345756649971,0.506624698638916,0.4550887644290924,-0.03933980315923691,thankyou
0.3457353413105011,0.6662819385528564,2.853104490441183e-07,0.31535032391548157,0.5895484089851379,-0.004590252880007029,0.3191685676574707,0.5163742899894714,-0.010092949494719505,0.34819719195365906,0.4637245237827301,-0.014667263254523277,0.37639859318733215,0.43935760855674744,-0.019010156393051147,0.36581236124038696,0.5054502487182617,-0.019332779571413994,0.40797752141952515,0.44008421897888184,-0.03022937662899494,0.4339543879032135,0.40510421991348267,-0.035774096846580505,0.45455166697502136,0.3804701864719391,-0.03844839334487915,0.39958059787750244,0.5315056443214417,-0.023263802751898766,0.4387596845626831,0.45726701617240906,-0.031286586076021194,0.4628596901893616,0.4130944609642029,-0.035680901259183884,0.4814111590385437,0.3790111541748047,-0.03884679451584816,0.42677515745162964,0.5586898326873779,-0.026800934225320816,0.46335819363594055,0.48581886291503906,-0.03473557531833649,0.4849763512611389,0.44062989950180054,-0.038896266371011734,0.5010572075843811,0.40534645318984985,-0.04144282266497612,0.44697266817092896,0.5844716429710388,-0.030184108763933182,0.4776623547077179,0.5263277292251587,-0.03791254013776779,0.49428701400756836,0.48808419704437256,-0.039974987506866455,0.5072726607322693,0.45501255989074707,-0.04016457498073578,thankyou
0.31617075204849243,0.7353231310844421,6.24319625330827e-07,0.28088104724884033,0.6611698269844055,-0.011198572814464569,0.27195799350738525,0.5724284648895264,-0.027237530797719955,0.27738064527511597,0.504662036895752,-0.04049838334321976,0.27609679102897644,0.4495323896408081,-0.0552142970263958,0.313201367855072,0.5713099241256714,-0.05651921033859253,0.3683076500892639,0.4849671721458435,-0.079563207924366,0.4047863185405731,0.43539732694625854,-0.08958125859498978,0.43408283591270447,0.4002233147621155,-0.09308303892612457,0.35073691606521606,0.6036560535430908,-0.062120962888002396,0.40886613726615906,0.5032772421836853,-0.08150753378868103,0.4465416371822357,0.4389469623565674,-0.08966269344091415,0.47509247064590454,0.3887532353401184,-0.09439777582883835,0.3857159912586212,0.6346734762191772,-0.06559939682483673,0.43985652923583984,0.5348612070083618,-0.08178045600652695,0.4743904769420624,0.46762141585350037,-0.08923070132732391,0.5013262033462524,0.4153943657875061,-0.09300434589385986,0.4163092374801636,0.662378191947937,-0.06832612305879593,0.45790988206863403,0.5800244212150574,-0.0817403793334961,0.4854111075401306,0.5253180265426636,-0.08542171120643616,0.5094246864318848,0.4807831346988678,-0.08627564460039139,thankyou
0.6028795838356018,0.6947448253631592,2.1893048085530609e-07,0.6374117136001587,0.6344552040100098,0.0017418548231944442,0.6511346697807312,0.5700080990791321,-0.0011959740659222007,0.6493064165115356,0.5179316997528076,-0.004572425503283739,0.6281535029411316,0.49999359250068665,-0.009840922430157661,0.6139357089996338,0.5347104668617249,-0.021202614530920982,0.5766555666923523,0.4601818919181824,-0.0335000716149807,0.5566746592521667,0.4185970425605774,-0.03920181468129158,0.5411884188652039,0.3862387537956238,-0.04199367016553879,0.5811639428138733,0.5540183782577515,-0.02910790778696537,0.5414978861808777,0.46878793835639954,-0.043149594217538834,0.5215277671813965,0.41805246472358704,-0.04918690770864487,0.5073801875114441,0.3804422616958618,-0.05227811262011528,0.5495603680610657,0.5777544975280762,-0.03569331392645836,0.5149199366569519,0.4972107410430908,-0.047322917729616165,0.49451425671577454,0.4458193778991699,-0.05266890302300453,0.48015296459198,0.40720635652542114,-0.054901041090488434,0.5209880471229553,0.6038048267364502,-0.04127705469727516,0.4937626123428345,0.5331732034683228,-0.051026489585638046,0.4780678153038025,0.4924006462097168,-0.05354579538106918,0.46659931540489197,0.459854394197464,-0.05375519022345543,thankyou
0.5997440218925476,0.6920262575149536,1.431992302514118e-07,0.6333423852920532,0.6316872835159302,0.002121145138517022,0.6501666307449341,0.5663849115371704,-0.0013928543776273727,0.6471167802810669,0.5165271162986755,-0.004989073146134615,0.6294050216674805,0.49280989170074463,-0.010385914705693722,0.6183794140815735,0.5318089723587036,-0.023684866726398468,0.5776681303977966,0.45679938793182373,-0.03626920282840729,0.5553424954414368,0.41651538014411926,-0.04163480922579765,0.5373588800430298,0.3857729434967041,-0.04402705281972885,0.5858252048492432,0.5525050759315491,-0.03170730918645859,0.5445321798324585,0.46778854727745056,-0.04557064175605774,0.5236077308654785,0.4200526475906372,-0.05067349970340729,0.5076463222503662,0.3857401907444,-0.05329393222928047,0.5532658100128174,0.575869619846344,-0.038271885365247726,0.5170386433601379,0.4955384135246277,-0.04976050928235054,0.4966345429420471,0.4465479552745819,-0.05375504493713379,0.48113542795181274,0.41014400124549866,-0.05526825785636902,0.5221962332725525,0.6009715795516968,-0.043686989694833755,0.4939141571521759,0.5319885015487671,-0.053282398730516434,0.4780493974685669,0.4919048249721527,-0.05508717894554138,0.46547171473503113,0.45942506194114685,-0.0548609159886837,thankyou
0.6122088432312012,0.6952131986618042,1.775333657860756e-07,0.6432800889015198,0.6309670209884644,0.0028305284213274717,0.6556416153907776,0.5621771812438965,-0.0004546829150058329,0.6523545980453491,0.5120548605918884,-0.004359982907772064,0.6351534724235535,0.49050211906433105,-0.010116567835211754,0.62615966796875,0.5281490683555603,-0.021071037277579308,0.5826273560523987,0.4544333219528198,-0.034067023545503616,0.5600948929786682,0.4135866165161133,-0.04031573608517647,0.5427385568618774,0.381771981716156,-0.04327167198061943,0.5943973660469055,0.5485624074935913,-0.030232664197683334,0.5494486093521118,0.4628044068813324,-0.04428306967020035,0.5273634791374207,0.41192832589149475,-0.04999880492687225,0.5117290616035461,0.37425780296325684,-0.05289673060178757,0.5616204738616943,0.5732032656669617,-0.03811626508831978,0.5216078758239746,0.4904240071773529,-0.05017346143722534,0.500947892665863,0.4396806061267853,-0.05439269542694092,0.48656079173088074,0.40207940340042114,-0.055677711963653564,0.5298728346824646,0.6005876660346985,-0.04488111659884453,0.49944350123405457,0.5273593664169312,-0.054558783769607544,0.4834786057472229,0.4861544370651245,-0.055828217417001724,0.47183430194854736,0.45305323600769043,-0.0550885945558548,thankyou
0.6361715197563171,0.7207288146018982,2.594194654648163e-07,0.6693871021270752,0.6516199111938477,-0.001088927616365254,0.6818769574165344,0.5779841542243958,-0.00925796665251255,0.6770704388618469,0.5220800638198853,-0.017375415191054344,0.6569011807441711,0.4896097481250763,-0.02802184782922268,0.6549347639083862,0.5430759191513062,-0.035184431821107864,0.6043565273284912,0.4486420750617981,-0.05329302325844765,0.5772221088409424,0.3979262709617615,-0.06142929196357727,0.5565972328186035,0.358501136302948,-0.06514526903629303,0.6204319000244141,0.5671768188476562,-0.044936131685972214,0.5677429437637329,0.4614133834838867,-0.06426837295293808,0.5404727458953857,0.39913976192474365,-0.07286148518323898,0.5223479866981506,0.35300272703170776,-0.07751338183879852,0.5830945372581482,0.5946152210235596,-0.05305342376232147,0.5366642475128174,0.4911617040634155,-0.06960006803274155,0.5101404786109924,0.4256036877632141,-0.0769934132695198,0.4920700788497925,0.3767041563987732,-0.0801771804690361,0.5457764267921448,0.623141348361969,-0.05980892851948738,0.5100717544555664,0.533625066280365,-0.07372535765171051,0.490926593542099,0.48172879219055176,-0.07711818069219589,0.4766768217086792,0.44054070115089417,-0.0774250403046608,thankyou
0.6803637742996216,0.8862701058387756,5.449409172797459e-07,0.7239080667495728,0.8074270486831665,-0.01781632751226425,0.741631805896759,0.7182732820510864,-0.03871717303991318,0.7386360764503479,0.6436113119125366,-0.05540027841925621,0.7140853404998779,0.6013817191123962,-0.07340271770954132,0.7109799981117249,0.7189031839370728,-0.07792412489652634,0.6573647260665894,0.5818725228309631,-0.1086813285946846,0.6287875771522522,0.5102430582046509,-0.11975721269845963,0.6063975691795349,0.45866233110427856,-0.1231028363108635,0.6576446890830994,0.752252459526062,-0.0822429433465004,0.603188157081604,0.6022575497627258,-0.1130027323961258,0.5736366510391235,0.5152139067649841,-0.12291427701711655,0.5544003248214722,0.45251351594924927,-0.1273222416639328,0.6061598658561707,0.7792041301727295,-0.08434760570526123,0.5588269233703613,0.6392346024513245,-0.10601569712162018,0.5309898853302002,0.5555228590965271,-0.11295519769191742,0.5115349292755127,0.4951745271682739,-0.11586464941501617,0.561836838722229,0.7989273071289062,-0.08611242473125458,0.5285120606422424,0.6911177635192871,-0.10149529576301575,0.5102001428604126,0.6260590553283691,-0.10460621118545532,0.49645209312438965,0.5763291716575623,-0.10489360988140106,thankyou
0.6672785878181458,0.9532366991043091,5.142971986060729e-07,0.7085840702056885,0.8675991296768188,-0.017521001398563385,0.7337965965270996,0.7800010442733765,-0.044451262801885605,0.7445642352104187,0.7159683704376221,-0.06757169961929321,0.73894864320755,0.6826996207237244,-0.0936625599861145,0.719653844833374,0.8012787699699402,-0.09690780192613602,0.6640899777412415,0.6773833632469177,-0.13588233292102814,0.6315699815750122,0.6043817400932312,-0.15183140337467194,0.6059574484825134,0.5458734035491943,-0.15976613759994507,0.6679160594940186,0.8417970538139343,-0.10521169006824493,0.6104229688644409,0.7014546990394592,-0.1458616703748703,0.5805756449699402,0.6181282997131348,-0.15790356695652008,0.5623255372047424,0.5547991394996643,-0.16455727815628052,0.6146852374076843,0.8715781569480896,-0.11066204309463501,0.5613130331039429,0.7407112717628479,-0.14234083890914917,0.5312853455543518,0.6568896770477295,-0.14947909116744995,0.5125279426574707,0.5932431221008301,-0.15158627927303314,0.5665005445480347,0.8889750838279724,-0.11549568176269531,0.5281758308410645,0.7824676632881165,-0.13865937292575836,0.5062553882598877,0.717984139919281,-0.144023135304451,0.4899135231971741,0.6685503721237183,-0.14587542414665222,thankyou
0.6195245981216431,0.8995554447174072,-1.374127265307834e-07,0.6688297390937805,0.831783652305603,-0.019984319806098938,0.7062036991119385,0.7697318196296692,-0.04722020402550697,0.7303578853607178,0.717818021774292,-0.07107770442962646,0.7416127920150757,0.663815438747406,-0.10083084553480148,0.7001671195030212,0.7806920409202576,-0.09462754428386688,0.658499538898468,0.6600016951560974,-0.1385071724653244,0.6271758079528809,0.5844708681106567,-0.1663728952407837,0.5971105694770813,0.5256890058517456,-0.18363191187381744,0.656316339969635,0.8163914680480957,-0.1036626473069191,0.6032820343971252,0.6792253255844116,-0.1413261592388153,0.5692039728164673,0.596463680267334,-0.16174408793449402,0.5417308211326599,0.5369857549667358,-0.18084946274757385,0.6106271147727966,0.8419179916381836,-0.1102752685546875,0.5568446516990662,0.7149791121482849,-0.14174269139766693,0.528740406036377,0.6359594464302063,-0.15225641429424286,0.5075043439865112,0.5821143984794617,-0.16204744577407837,0.5688887238502502,0.8549798130989075,-0.11652914434671402,0.5211018323898315,0.7604202032089233,-0.14150148630142212,0.49606502056121826,0.6968298554420471,-0.14642640948295593,0.47599050402641296,0.6491857171058655,-0.15080079436302185,thankyou
0.6229437589645386,0.7203453183174133,2.0444281290110666e-07,0.6541401743888855,0.638979971408844,0.011725523509085178,0.6657168865203857,0.5657933354377747,0.011509738862514496,0.663550615310669,0.5098455548286438,0.009270570240914822,0.6435598731040955,0.4811379313468933,0.00522565096616745,0.6361289024353027,0.5251140594482422,-0.014549867250025272,0.5818343758583069,0.43839389085769653,-0.02523617446422577,0.5567867159843445,0.39560139179229736,-0.028466269373893738,0.539614200592041,0.3628443777561188,-0.028691699728369713,0.6027169823646545,0.5504974126815796,-0.02679414302110672,0.5466248989105225,0.45258113741874695,-0.03906320407986641,0.5204037427902222,0.3989498019218445,-0.04283168166875839,0.5034083724021912,0.3579508066177368,-0.04432269185781479,0.5674841403961182,0.5786349773406982,-0.03701232746243477,0.5205607414245605,0.48471584916114807,-0.04684242233633995,0.4947608411312103,0.42701369524002075,-0.049695029854774475,0.47727519273757935,0.380879282951355,-0.05034374073147774,0.5329914689064026,0.6084811091423035,-0.04519002512097359,0.4970681369304657,0.5251625180244446,-0.05257724970579147,0.47836434841156006,0.4794633388519287,-0.052032750099897385,0.4635881185531616,0.4418308138847351,-0.04998577758669853,thankyou
0.6075282096862793,0.6860331296920776,1.3048662594883353e-07,0.6387327909469604,0.6189149618148804,0.004313519224524498,0.6523406505584717,0.5487176179885864,0.002172364853322506,0.6458152532577515,0.49490153789520264,5.637662616209127e-05,0.6237191557884216,0.48184236884117126,-0.0040809391066432,0.621033787727356,0.5208314657211304,-0.021726908162236214,0.575929582118988,0.44853198528289795,-0.032144080847501755,0.5511077046394348,0.4116356372833252,-0.03581339493393898,0.5323317050933838,0.384665310382843,-0.03710179030895233,0.5894588232040405,0.5425863265991211,-0.02975517138838768,0.5414540767669678,0.4590980112552643,-0.041929882019758224,0.5183026790618896,0.4145350754261017,-0.045011669397354126,0.5023323893547058,0.3848397135734558,-0.045983053743839264,0.5572919249534607,0.5678763389587402,-0.03593984246253967,0.5151392221450806,0.48739632964134216,-0.04596594721078873,0.493145227432251,0.4399728775024414,-0.048191532492637634,0.4774707853794098,0.40580686926841736,-0.04838009923696518,0.5267693400382996,0.5958477854728699,-0.04071754589676857,0.49508580565452576,0.5242318511009216,-0.04831790179014206,0.4790351092815399,0.48580652475357056,-0.048016905784606934,0.46735450625419617,0.4553889036178589,-0.04637653008103371,thankyou
0.6092512011528015,0.6854100227355957,1.0665137040177797e-07,0.6407033205032349,0.621860921382904,0.004224850796163082,0.6541179418563843,0.5555616617202759,0.0024105808697640896,0.6506822109222412,0.5059805512428284,-0.00026572716888040304,0.6343973875045776,0.4821869730949402,-0.004908197559416294,0.6207956671714783,0.5167951583862305,-0.016043487936258316,0.5763929486274719,0.449399471282959,-0.026206551119685173,0.5526331663131714,0.413300484418869,-0.031547535210847855,0.5337004065513611,0.38479024171829224,-0.034572258591651917,0.5900425314903259,0.5385474562644958,-0.025172796100378036,0.5439297556877136,0.4614928662776947,-0.03621921315789223,0.5210996270179749,0.41733700037002563,-0.041418932378292084,0.5037169456481934,0.3850206732749939,-0.04470597207546234,0.558807909488678,0.5641987919807434,-0.033117666840553284,0.5188398957252502,0.4892653226852417,-0.04316820576786995,0.4976609945297241,0.44175973534584045,-0.047388430684804916,0.4814766049385071,0.40560394525527954,-0.04951052367687225,0.5286095142364502,0.5920410752296448,-0.03986110910773277,0.4968305826187134,0.5254555344581604,-0.04905637353658676,0.4801911413669586,0.48748624324798584,-0.05070381239056587,0.46706101298332214,0.4558020830154419,-0.05056597664952278,thankyou
0.6529785394668579,0.7162854075431824,1.6216522169543168e-07,0.673982560634613,0.6456837058067322,0.0023188760969787836,0.671721339225769,0.5687569975852966,-0.002373026218265295,0.6522786021232605,0.5116259455680847,-0.007866346277296543,0.627770185470581,0.4773564338684082,-0.01530766673386097,0.6604113578796387,0.5398940443992615,-0.023070314899086952,0.6087050437927246,0.4584288001060486,-0.03858446702361107,0.5763378143310547,0.41191232204437256,-0.04742675647139549,0.5501875877380371,0.37763530015945435,-0.0520213320851326,0.6270281672477722,0.5634411573410034,-0.033067986369132996,0.5722374320030212,0.4726003110408783,-0.04816150665283203,0.5403826236724854,0.41696593165397644,-0.0560341477394104,0.5160494446754456,0.37410247325897217,-0.06085098534822464,0.5901517868041992,0.5892054438591003,-0.04165215417742729,0.5415746569633484,0.5011990070343018,-0.05340064316987991,0.5129566192626953,0.44315293431282043,-0.05798787623643875,0.4924261271953583,0.39903101325035095,-0.06006952375173569,0.5521845817565918,0.615992546081543,-0.049119412899017334,0.5147809982299805,0.5381150841712952,-0.05882435292005539,0.4937435984611511,0.49124327301979065,-0.059792231768369675,0.47868502140045166,0.4535371661186218,-0.05862024798989296,thankyou
0.7265785932540894,0.8839949369430542,7.483027957277955e-07,0.6421765685081482,0.852142333984375,-0.003772471332922578,0.5827674865722656,0.7781527042388916,-0.014759620651602745,0.5576421022415161,0.6896984577178955,-0.02622673660516739,0.5522308945655823,0.6239274740219116,-0.037210430949926376,0.5762166380882263,0.785936713218689,-0.02873295731842518,0.531609058380127,0.6774952411651611,-0.048709750175476074,0.5062717199325562,0.6026593446731567,-0.05934455245733261,0.48647522926330566,0.5426201820373535,-0.06446728110313416,0.6181500554084778,0.7559086680412292,-0.04066372290253639,0.5704692602157593,0.6319608092308044,-0.05846546217799187,0.5394549369812012,0.543432354927063,-0.0690646767616272,0.5165108442306519,0.4756779670715332,-0.07528504729270935,0.6671255230903625,0.7183873653411865,-0.051614657044410706,0.6198117136955261,0.5960848331451416,-0.0678803026676178,0.5841363072395325,0.5078687071800232,-0.0778593048453331,0.5581238865852356,0.44302740693092346,-0.08238819241523743,0.7173914909362793,0.6786941885948181,-0.06186335161328316,0.6745237112045288,0.5732408761978149,-0.07374848425388336,0.6410115957260132,0.4977305829524994,-0.07673440873622894,0.6154370307922363,0.4354642331600189,-0.0764240100979805,thankyou
0.6383562088012695,0.7201921939849854,4.0925817756942706e-07,0.6675771474838257,0.6263540387153625,0.009023932740092278,0.6763272285461426,0.5460070967674255,0.0063207633793354034,0.6689199805259705,0.48563718795776367,0.0018094215774908662,0.6443958282470703,0.46085765957832336,-0.004024123307317495,0.6418513655662537,0.5140699744224548,-0.01835140585899353,0.5827115774154663,0.4180186986923218,-0.03213857114315033,0.5517816543579102,0.367174357175827,-0.03731108829379082,0.5280179381370544,0.32753556966781616,-0.03826145455241203,0.6036314368247986,0.5419845581054688,-0.030084509402513504,0.5458002686500549,0.43336358666419983,-0.04381838068366051,0.5152148604393005,0.3721865117549896,-0.048706162720918655,0.49280935525894165,0.3248693346977234,-0.050643403083086014,0.5654779076576233,0.5718472003936768,-0.03968989849090576,0.5177781581878662,0.46813642978668213,-0.0485677495598793,0.4890672564506531,0.4057488441467285,-0.050627995282411575,0.46748149394989014,0.35478711128234863,-0.050848718732595444,0.530723512172699,0.6012364029884338,-0.047915853559970856,0.49661123752593994,0.5084752440452576,-0.05248691514134407,0.4783678650856018,0.4550809860229492,-0.04988272860646248,0.4641612768173218,0.4105111360549927,-0.04641019552946091,thankyou
0.6090858578681946,0.6667841672897339,7.902408327709054e-08,0.6383345723152161,0.5994686484336853,0.0035646497271955013,0.652122974395752,0.529620349407196,1.276177863474004e-05,0.6468639373779297,0.4794462323188782,-0.004472360946238041,0.626227855682373,0.4613270163536072,-0.011173751205205917,0.6206900477409363,0.49540001153945923,-0.0177953839302063,0.5736960768699646,0.4215262830257416,-0.029551252722740173,0.5493640303611755,0.38337188959121704,-0.03608480468392372,0.5303201079368591,0.3533310890197754,-0.039493631571531296,0.5908763408660889,0.5181941390037537,-0.027335215359926224,0.5412147045135498,0.4345478117465973,-0.038944367319345474,0.5145776867866516,0.3874497413635254,-0.04472072049975395,0.49393966794013977,0.3529244661331177,-0.04854715242981911,0.5590140223503113,0.5438666343688965,-0.03564305976033211,0.5165066123008728,0.4617171883583069,-0.045534487813711166,0.49244531989097595,0.41349849104881287,-0.04901653155684471,0.4738422632217407,0.37796229124069214,-0.05060913413763046,0.5266188383102417,0.5708056688308716,-0.04292009025812149,0.4950907826423645,0.4958500266075134,-0.05104405805468559,0.4784097373485565,0.4559566080570221,-0.051171764731407166,0.4643056392669678,0.4238002598285675,-0.0500122494995594,thankyou
0.5998901724815369,0.6544575691223145,1.196200969388883e-07,0.6306184530258179,0.5944170355796814,0.002142744604498148,0.6478921175003052,0.528285026550293,-0.0019061339553445578,0.6429988741874695,0.47626417875289917,-0.006075609475374222,0.6192620396614075,0.45927703380584717,-0.012359450571238995,0.6143292188644409,0.49306532740592957,-0.02223413810133934,0.5694767832756042,0.42387017607688904,-0.03390640392899513,0.5464915633201599,0.38810965418815613,-0.03931599110364914,0.5296536087989807,0.36110949516296387,-0.041904348880052567,0.5838974118232727,0.515330970287323,-0.030666043981909752,0.5364273190498352,0.4347754716873169,-0.042771387845277786,0.5136793851852417,0.3896302878856659,-0.047375503927469254,0.4973054528236389,0.3585852384567261,-0.050065550953149796,0.5534248948097229,0.5411005616188049,-0.03767197206616402,0.5127511620521545,0.46309077739715576,-0.048295095562934875,0.49137330055236816,0.416793555021286,-0.05170512944459915,0.47565725445747375,0.38375481963157654,-0.05305061489343643,0.5240267515182495,0.5689892172813416,-0.04355749860405922,0.4927856922149658,0.4988645315170288,-0.05241484194993973,0.47658735513687134,0.46071165800094604,-0.05321838706731796,0.46371930837631226,0.43019017577171326,-0.05247727781534195,thankyou
0.6079818606376648,0.6576970219612122,9.907682141374607e-08,0.6384187340736389,0.5985230803489685,0.00203390559181571,0.6519488096237183,0.5319929122924805,-0.002900214632973075,0.6474025249481201,0.4812273681163788,-0.00814145803451538,0.628371000289917,0.4600221514701843,-0.015373331494629383,0.6240665912628174,0.4907844066619873,-0.022173499688506126,0.5760346055030823,0.4227675497531891,-0.0343199260532856,0.550697922706604,0.3867528736591339,-0.040687400847673416,0.5311826467514038,0.3582654297351837,-0.04400975629687309,0.5936072468757629,0.5123637318611145,-0.030867310240864754,0.5428913235664368,0.43166542053222656,-0.04321739077568054,0.5168332457542419,0.3856847584247589,-0.048095423728227615,0.49741196632385254,0.3525671362876892,-0.0508674718439579,0.5618245601654053,0.5369428396224976,-0.038196295499801636,0.5180392265319824,0.45847436785697937,-0.04800357669591904,0.49483203887939453,0.41104376316070557,-0.0505191832780838,0.47796446084976196,0.3760225772857666,-0.05124850198626518,0.5309233069419861,0.5635849237442017,-0.044578198343515396,0.4978203773498535,0.4927525520324707,-0.052316997200250626,0.480510413646698,0.4539142847061157,-0.05205613747239113,0.46733662486076355,0.4223116636276245,-0.05046367645263672,thankyou
0.6662489771842957,0.6724532842636108,2.1790158655221603e-07,0.6848217248916626,0.5946983098983765,-0.0010687332833185792,0.6802366375923157,0.5107083916664124,-0.008147845976054668,0.6554602980613708,0.4512907564640045,-0.014481954276561737,0.623406708240509,0.4260847270488739,-0.022598667070269585,0.6771978139877319,0.48888078331947327,-0.03206774219870567,0.6156564950942993,0.4025132954120636,-0.04837093502283096,0.5822535753250122,0.36237025260925293,-0.05636461824178696,0.5619416832923889,0.3358594477176666,-0.05973850563168526,0.6416431665420532,0.5190212726593018,-0.040021758526563644,0.5814429521560669,0.42202994227409363,-0.05517145246267319,0.5500029921531677,0.3670099079608917,-0.06192518398165703,0.5294930934906006,0.3267054855823517,-0.06578434258699417,0.602471113204956,0.5489975810050964,-0.046373672783374786,0.5508759021759033,0.4527928829193115,-0.05866188183426857,0.5210781097412109,0.3924923241138458,-0.06286562234163284,0.5008792877197266,0.34802359342575073,-0.06465495377779007,0.5630910992622375,0.5766280293464661,-0.05146150663495064,0.5275771617889404,0.49227118492126465,-0.06165912002325058,0.5084488391876221,0.4436204433441162,-0.06200498715043068,0.49406811594963074,0.403632789850235,-0.060456208884716034,thankyou
0.7071731090545654,0.8099004626274109,3.6528240343614016e-07,0.746491551399231,0.7203890085220337,-0.01524066086858511,0.74863201379776,0.6096916198730469,-0.03444192558526993,0.7222105264663696,0.5198211669921875,-0.0495070181787014,0.6909906268119812,0.45869624614715576,-0.06868619471788406,0.7536553144454956,0.6215882301330566,-0.08444986492395401,0.703057050704956,0.48604267835617065,-0.11847711354494095,0.665677011013031,0.402604877948761,-0.1348232924938202,0.632665753364563,0.33770737051963806,-0.14412252604961395,0.7035563588142395,0.655903697013855,-0.0932304784655571,0.6523709893226624,0.5101380348205566,-0.1278684139251709,0.613879919052124,0.4118235409259796,-0.14430586993694305,0.5853433609008789,0.3345203697681427,-0.15528468787670135,0.6507302522659302,0.6851649284362793,-0.09859599173069,0.601730227470398,0.5409097671508789,-0.12736420333385468,0.5651216506958008,0.43790730834007263,-0.1395616978406906,0.538687527179718,0.3593600392341614,-0.14609910547733307,0.5979213714599609,0.7071309089660645,-0.10266558080911636,0.5611206293106079,0.5894418358802795,-0.12874294817447662,0.5389296412467957,0.5063377618789673,-0.13812506198883057,0.5237504243850708,0.43935394287109375,-0.14202679693698883,thankyou
0.6748179793357849,0.7808865308761597,4.792362346961454e-07,0.7156924605369568,0.6880772709846497,-0.013662795536220074,0.7092334628105164,0.5872781872749329,-0.02587009221315384,0.6725210547447205,0.5134474039077759,-0.03480461984872818,0.6333528757095337,0.47339576482772827,-0.04639407619833946,0.6939436793327332,0.5872193574905396,-0.05933554843068123,0.6369950175285339,0.4672507345676422,-0.08538095653057098,0.5982034802436829,0.39456212520599365,-0.09735643863677979,0.565629243850708,0.33889326453208923,-0.10327982902526855,0.6462196707725525,0.6197096109390259,-0.06465572118759155,0.5917333960533142,0.4896931052207947,-0.09083499759435654,0.5556260347366333,0.40361136198043823,-0.10349998623132706,0.5287774801254272,0.3364786207675934,-0.11097124218940735,0.5989323258399963,0.651629626750946,-0.0680684819817543,0.5492500066757202,0.5283470153808594,-0.08987240493297577,0.5183789730072021,0.4452666640281677,-0.10083955526351929,0.49679362773895264,0.38385263085365295,-0.10612413287162781,0.5551973581314087,0.6795152425765991,-0.07081230729818344,0.5183246731758118,0.5753474831581116,-0.08968725800514221,0.49826779961586,0.5069302320480347,-0.09695477783679962,0.4841030240058899,0.45217442512512207,-0.09958402812480927,thankyou
0.6317247748374939,0.6859637498855591,1.1235736963044474e-07,0.6603183746337891,0.6045237183570862,0.006460908334702253,0.6702362298965454,0.5315622687339783,0.0006304942653514445,0.6633815765380859,0.4765019416809082,-0.006626820657402277,0.6432205438613892,0.4476054310798645,-0.017283080145716667,0.6497318148612976,0.49502333998680115,-0.027050655335187912,0.591090202331543,0.40547284483909607,-0.04273807257413864,0.5621040463447571,0.35880398750305176,-0.05044130980968475,0.5403276085853577,0.3204609155654907,-0.05404099076986313,0.6180811524391174,0.5226083397865295,-0.039607830345630646,0.5573362708091736,0.42286235094070435,-0.05378420650959015,0.524652361869812,0.36751818656921387,-0.05964452400803566,0.502024233341217,0.32617127895355225,-0.06367863714694977,0.5820949673652649,0.5535768270492554,-0.05011913925409317,0.530992329120636,0.45519834756851196,-0.06131616607308388,0.501596212387085,0.39611440896987915,-0.06421414762735367,0.4813649654388428,0.3499950170516968,-0.06581687927246094,0.5444703102111816,0.5860087871551514,-0.05910814553499222,0.5070380568504333,0.49734261631965637,-0.06831733137369156,0.4882187247276306,0.44863301515579224,-0.06749670207500458,0.4727883040904999,0.4082387089729309,-0.06570165604352951,thankyou
0.6051357388496399,0.6658815145492554,4.526990693420885e-08,0.6340929865837097,0.596210241317749,0.004347392823547125,0.6481310129165649,0.525317907333374,0.00034696137299761176,0.6399635672569275,0.47388187050819397,-0.0041538989171385765,0.6145267486572266,0.45954951643943787,-0.01120054628700018,0.6177389621734619,0.4962430000305176,-0.02073160745203495,0.56630539894104,0.4235505759716034,-0.03301946818828583,0.5396701097488403,0.38799238204956055,-0.03939729183912277,0.5202160477638245,0.36170411109924316,-0.04232633113861084,0.5883257389068604,0.5217477679252625,-0.029961124062538147,0.5337035059928894,0.43744534254074097,-0.041089244186878204,0.5065590143203735,0.39198020100593567,-0.0454576313495636,0.487504780292511,0.3604264259338379,-0.04829012602567673,0.5577637553215027,0.5489889979362488,-0.03766469284892082,0.5108662843704224,0.4659676253795624,-0.04660309478640556,0.4862319827079773,0.4176788926124573,-0.04875802621245384,0.4679943919181824,0.38213199377059937,-0.04972156882286072,0.5276639461517334,0.5771329402923584,-0.04414038732647896,0.49242591857910156,0.5010921359062195,-0.05110280588269234,0.4754250645637512,0.4628230631351471,-0.04988507181406021,0.460828572511673,0.4318811297416687,-0.04800092801451683,thankyou
0.6011785864830017,0.6582841873168945,1.1451015780039597e-07,0.6324354410171509,0.5908133387565613,0.0030841929838061333,0.6455395817756653,0.5205630660057068,0.00014524128346238285,0.6325318813323975,0.47060197591781616,-0.003224490210413933,0.6061198711395264,0.46159428358078003,-0.008782652206718922,0.6139127612113953,0.4945265054702759,-0.01862829178571701,0.5674159526824951,0.42829227447509766,-0.02890395000576973,0.5429362058639526,0.39409947395324707,-0.03398073837161064,0.5244249105453491,0.3677271008491516,-0.036711834371089935,0.5825563073158264,0.5159873962402344,-0.026980478316545486,0.5349644422531128,0.44001445174217224,-0.037137456238269806,0.5107367634773254,0.39688003063201904,-0.04158132150769234,0.4930627942085266,0.3665076494216919,-0.04454037919640541,0.551460325717926,0.5413245558738708,-0.03394931182265282,0.5098354816436768,0.4677519202232361,-0.04259820654988289,0.48782700300216675,0.423572838306427,-0.046258628368377686,0.47195670008659363,0.3912842273712158,-0.04827570170164108,0.5219077467918396,0.5684677958488464,-0.039830517023801804,0.4900558590888977,0.5007621645927429,-0.04677443578839302,0.4737507104873657,0.4638075828552246,-0.047285325825214386,0.4612075686454773,0.4332386553287506,-0.04680630937218666,thankyou
0.5966441035270691,0.6573556661605835,8.353299563168548e-08,0.6245048642158508,0.5965124368667603,0.0022772401571273804,0.6417675614356995,0.5314526557922363,-0.002857872750610113,0.6402043104171753,0.48097920417785645,-0.008274764753878117,0.6190760135650635,0.46077457070350647,-0.015987692400813103,0.6134904026985168,0.4958565831184387,-0.024375146254897118,0.567342221736908,0.42902782559394836,-0.03783879429101944,0.5424385070800781,0.3942491412162781,-0.04481327161192894,0.5230629444122314,0.3672754168510437,-0.0485166497528553,0.58469557762146,0.518937349319458,-0.03368568792939186,0.5357174277305603,0.4410252273082733,-0.04741741344332695,0.5104579329490662,0.3973705768585205,-0.05324697121977806,0.49181705713272095,0.36699753999710083,-0.05690125375986099,0.5539849400520325,0.544884979724884,-0.04153898358345032,0.5104636549949646,0.4678114056587219,-0.053547490388154984,0.48765629529953003,0.42330223321914673,-0.05729159340262413,0.47125405073165894,0.39081746339797974,-0.05893809720873833,0.5237173438072205,0.5723432302474976,-0.048249613493680954,0.49147704243659973,0.5031529068946838,-0.05842581391334534,0.47503599524497986,0.46578386425971985,-0.059789322316646576,0.4625031650066376,0.4351397752761841,-0.05941764637827873,thankyou
0.655707597732544,0.6558955311775208,-9.749551388438249e-09,0.6732805967330933,0.580450713634491,-0.0012209415435791016,0.6611154079437256,0.49881353974342346,-0.011006409302353859,0.6220887899398804,0.44939225912094116,-0.02078564465045929,0.582802951335907,0.4376797676086426,-0.03277527913451195,0.6654284596443176,0.4778726398944855,-0.030209830030798912,0.6020090579986572,0.40536007285118103,-0.051335692405700684,0.5609250664710999,0.3803916573524475,-0.0634319931268692,0.5368417501449585,0.36959701776504517,-0.06895206868648529,0.6366758346557617,0.5041362643241882,-0.03812040016055107,0.577234148979187,0.4275364875793457,-0.05438830330967903,0.5434991121292114,0.3994407653808594,-0.05952504277229309,0.5242518186569214,0.3844231367111206,-0.06260786205530167,0.6035492420196533,0.5342569351196289,-0.04526432976126671,0.5501842498779297,0.45556241273880005,-0.05755940452218056,0.5193697214126587,0.4206838011741638,-0.05676095187664032,0.5024811625480652,0.4000505805015564,-0.0552271269261837,0.5690109133720398,0.5632202625274658,-0.05155998468399048,0.5296210646629333,0.4905393421649933,-0.060509007424116135,0.5090376138687134,0.45485544204711914,-0.0584881454706192,0.49603286385536194,0.4290983974933624,-0.05553695186972618,thankyou
0.755488395690918,0.802785336971283,-8.996761948765197e-07,0.7553762793540955,0.7757989764213562,-0.0302044115960598,0.7547664046287537,0.7145823240280151,-0.0666988417506218,0.7487465739250183,0.643977701663971,-0.09952797740697861,0.7381153106689453,0.5959378480911255,-0.13727331161499023,0.7755485773086548,0.7930726408958435,-0.11101747304201126,0.7319173216819763,0.6654955148696899,-0.1608448028564453,0.7088070511817932,0.5761091709136963,-0.19120359420776367,0.6941011548042297,0.500607430934906,-0.2062719464302063,0.7688718438148499,0.7935722470283508,-0.11454284936189651,0.7257575392723083,0.6461105346679688,-0.154389426112175,0.7034716606140137,0.5412370562553406,-0.16707736253738403,0.6851353049278259,0.4651273488998413,-0.17778143286705017,0.7618941068649292,0.7775846719741821,-0.11596472561359406,0.726557195186615,0.6384835839271545,-0.15470801293849945,0.7052313089370728,0.5419343113899231,-0.15959961712360382,0.6858870983123779,0.4714920222759247,-0.16127590835094452,0.7547948360443115,0.7490540146827698,-0.11810958385467529,0.7271448969841003,0.6354920268058777,-0.1489645093679428,0.7101712226867676,0.5613805055618286,-0.14754633605480194,0.6966583728790283,0.49961167573928833,-0.14409232139587402,thankyou
0.6862726211547852,0.8031778931617737,6.494752824437455e-07,0.6770026087760925,0.7053540945053101,6.275875784922391e-05,0.6568338871002197,0.6140985488891602,-0.00737245287746191,0.6270389556884766,0.5411261320114136,-0.015329043380916119,0.5972867012023926,0.49791574478149414,-0.023512518033385277,0.6452392935752869,0.6041587591171265,-0.02686099335551262,0.5886167287826538,0.5056197643280029,-0.04632323235273361,0.5513731241226196,0.43936944007873535,-0.057884808629751205,0.5169915556907654,0.3872877061367035,-0.06301701068878174,0.6238729953765869,0.6190038919448853,-0.03598558157682419,0.5685200691223145,0.5129685997962952,-0.05441645532846451,0.531253457069397,0.4379649758338928,-0.0648551657795906,0.5024718046188354,0.37742453813552856,-0.06924150139093399,0.6024182438850403,0.6331531405448914,-0.04306281358003616,0.5520466566085815,0.5306368470191956,-0.05770229175686836,0.5185481309890747,0.4532248377799988,-0.06381000578403473,0.4932597279548645,0.3923881947994232,-0.06457600742578506,0.5830673575401306,0.6486207842826843,-0.049068812280893326,0.5436239242553711,0.5546061992645264,-0.05794330686330795,0.5186852812767029,0.4900897145271301,-0.056905243545770645,0.4996497631072998,0.43546250462532043,-0.05250530689954758,thankyou
0.6112921833992004,0.6733415126800537,4.415154464254556e-08,0.6397454142570496,0.6009456515312195,0.006406289990991354,0.6517783999443054,0.5328822731971741,0.003899102099239826,0.6427586078643799,0.48416805267333984,0.00046059361193329096,0.6214917302131653,0.46266400814056396,-0.005893065128475428,0.6207068562507629,0.4983008801937103,-0.018258769065141678,0.5690506100654602,0.42715880274772644,-0.029008297249674797,0.5422710180282593,0.391332745552063,-0.034444455057382584,0.5216379761695862,0.3621557950973511,-0.03736324980854988,0.5905354619026184,0.5245605111122131,-0.028246840462088585,0.5344161987304688,0.4425795376300812,-0.038981035351753235,0.5051131248474121,0.3975610136985779,-0.04370745271444321,0.48333847522735596,0.3648964762687683,-0.047181569039821625,0.5590342283248901,0.5536854267120361,-0.03646330162882805,0.5101800560951233,0.4715731739997864,-0.04639538377523422,0.48383376002311707,0.4249667525291443,-0.04936923459172249,0.46333950757980347,0.3905102014541626,-0.05093509331345558,0.5286969542503357,0.5844438076019287,-0.04307511821389198,0.49217599630355835,0.5092999339103699,-0.052875030785799026,0.47438356280326843,0.47090649604797363,-0.05349664017558098,0.45889750123023987,0.4389705955982208,-0.05256558209657669,thankyou
0.5954356789588928,0.6594765186309814,1.4121086167051544e-07,0.6255680322647095,0.596225380897522,-0.00012030137440888211,0.640363335609436,0.523585855960846,-0.0049363370053470135,0.629336416721344,0.4701278805732727,-0.009044995531439781,0.6015674471855164,0.4604535698890686,-0.015345282852649689,0.6084516048431396,0.5006770491600037,-0.026481177657842636,0.5631858706474304,0.43094515800476074,-0.03904804214835167,0.5384723544120789,0.3938635587692261,-0.04491477087140083,0.5194112062454224,0.3667910099029541,-0.04760753735899925,0.577389657497406,0.5244902968406677,-0.03338875621557236,0.5307095050811768,0.44435957074165344,-0.04605533927679062,0.5057483315467834,0.3980640769004822,-0.05090375617146492,0.4874979853630066,0.3672722280025482,-0.05362555757164955,0.5467566251754761,0.5505198240280151,-0.03876835107803345,0.5055066347122192,0.4732595980167389,-0.049280278384685516,0.48290306329727173,0.4281351864337921,-0.05304580181837082,0.4664407968521118,0.3978181779384613,-0.05455096811056137,0.518162190914154,0.5777662396430969,-0.043173592537641525,0.48792436718940735,0.5065985321998596,-0.05116814747452736,0.47172221541404724,0.4689726233482361,-0.05191836133599281,0.4585731029510498,0.4397442638874054,-0.05129174515604973,thankyou
0.6012322902679443,0.6573100090026855,1.340417270512262e-07,0.630156397819519,0.5941113233566284,0.0008476844523102045,0.6436333060264587,0.5251535177230835,-0.003297201357781887,0.6342489123344421,0.47398796677589417,-0.0074796536937355995,0.6099393963813782,0.4620952904224396,-0.013607727363705635,0.6117624044418335,0.4968102276325226,-0.021758105605840683,0.5653462409973145,0.4306035339832306,-0.033708684146404266,0.540047287940979,0.39489853382110596,-0.039699211716651917,0.5206081867218018,0.36826518177986145,-0.04262600094079971,0.5813307762145996,0.5201106071472168,-0.029466820880770683,0.5322847366333008,0.4433973729610443,-0.04133724421262741,0.5067263841629028,0.39824777841567993,-0.046389102935791016,0.4875328540802002,0.36660125851631165,-0.04937409237027168,0.5510753393173218,0.5461172461509705,-0.035931918770074844,0.5086860060691833,0.4733588397502899,-0.04569830745458603,0.4861833453178406,0.42849409580230713,-0.04914337769150734,0.4695916473865509,0.3960554003715515,-0.0505928210914135,0.5218415856361389,0.5736141800880432,-0.041558802127838135,0.48961400985717773,0.5084260106086731,-0.049208905547857285,0.4722387492656708,0.4712828993797302,-0.04975345730781555,0.458528995513916,0.44070756435394287,-0.048965681344270706,thankyou
0.7050029635429382,0.7183127403259277,3.7638525185457183e-08,0.6396349668502808,0.6974297761917114,-0.0199422650039196,0.6006886959075928,0.619732141494751,-0.032657984644174576,0.5818728804588318,0.5360544323921204,-0.04181563854217529,0.5685243010520935,0.4719068706035614,-0.05058913305401802,0.6158839464187622,0.6167801022529602,-0.05209828168153763,0.5697905421257019,0.5128210186958313,-0.07916101068258286,0.5399238467216492,0.4403529763221741,-0.09128653258085251,0.5180035829544067,0.38716354966163635,-0.09714744985103607,0.6598866581916809,0.5910291075706482,-0.05454687774181366,0.6070119738578796,0.4828585088253021,-0.07951332628726959,0.5756699442863464,0.40523314476013184,-0.09025675058364868,0.5509490966796875,0.3411106765270233,-0.09613647311925888,0.701336145401001,0.567366898059845,-0.05696127563714981,0.6508595943450928,0.46390390396118164,-0.08115772157907486,0.6168289184570312,0.3973838686943054,-0.08698055148124695,0.5874158143997192,0.3460015654563904,-0.08736120909452438,0.7377544641494751,0.5436471700668335,-0.06003258004784584,0.698125422000885,0.459430992603302,-0.08116030693054199,0.6645925641059875,0.40821826457977295,-0.0847996175289154,0.6347330212593079,0.37069159746170044,-0.08355854451656342,thankyou
0.7589935660362244,0.9251372218132019,8.087927199085243e-07,0.6903561353683472,0.9134434461593628,-0.013282733038067818,0.6289733648300171,0.8495428562164307,-0.03095775842666626,0.6007719039916992,0.7673200964927673,-0.04515807330608368,0.5937437415122986,0.6951150298118591,-0.05983658879995346,0.6283654570579529,0.8296488523483276,-0.05545909330248833,0.5806558132171631,0.7087354063987732,-0.08111723512411118,0.5538765788078308,0.6286934018135071,-0.0929013043642044,0.5359335541725159,0.5697842836380005,-0.09744077920913696,0.6723392605781555,0.7943761348724365,-0.06175653263926506,0.6209911108016968,0.6547600626945496,-0.08237379044294357,0.5867983102798462,0.565204381942749,-0.0908413976430893,0.5624074339866638,0.4998141825199127,-0.09551487863063812,0.7206694483757019,0.7620776295661926,-0.06624064594507217,0.6702633500099182,0.629124104976654,-0.08283398300409317,0.635974109172821,0.5499948263168335,-0.08619945496320724,0.6084551215171814,0.49286481738090515,-0.08685995638370514,0.7679796814918518,0.7361186146736145,-0.0703202560544014,0.7272768616676331,0.6320760250091553,-0.08391950279474258,0.6974816918373108,0.5659487247467041,-0.08266060054302216,0.6725349426269531,0.516587495803833,-0.07887233048677444,thankyou
0.6217651963233948,0.7000394463539124,1.594574996488518e-07,0.6491395235061646,0.6180018782615662,0.012933524325489998,0.6601032614707947,0.5444008708000183,0.013757779262959957,0.6562315225601196,0.4864530563354492,0.012443719431757927,0.6318742632865906,0.4610918462276459,0.009291619062423706,0.626030445098877,0.5074208378791809,-0.01094111893326044,0.5708592534065247,0.42746204137802124,-0.019777942448854446,0.5426871180534363,0.38889479637145996,-0.022222647443413734,0.5223926305770874,0.3599889874458313,-0.022069426253437996,0.5959827899932861,0.5303431749343872,-0.022942421957850456,0.5371624827384949,0.4408186376094818,-0.03262718766927719,0.508050799369812,0.3930872082710266,-0.03503739833831787,0.48858797550201416,0.35795581340789795,-0.0357903316617012,0.5644755959510803,0.5588871836662292,-0.03275467827916145,0.5143070220947266,0.47241437435150146,-0.03945564478635788,0.4867616295814514,0.4224341809749603,-0.039640992879867554,0.4677330255508423,0.3830423355102539,-0.03893774375319481,0.5335733294487,0.5915444493293762,-0.04070074111223221,0.4949001669883728,0.5138655304908752,-0.04493008553981781,0.4747689366340637,0.47182902693748474,-0.04203944653272629,0.45886555314064026,0.4381886124610901,-0.038550686091184616,thankyou
0.610232412815094,0.6615912318229675,1.0071505585074192e-07,0.6381149888038635,0.5907357931137085,0.0032144277356565,0.6510209441184998,0.5141260623931885,0.0006786125595681369,0.6358870267868042,0.46277961134910583,-0.0020240722224116325,0.6079127788543701,0.45745620131492615,-0.007269331254065037,0.6173037886619568,0.4907890260219574,-0.019411562010645866,0.5680244565010071,0.42965710163116455,-0.030163418501615524,0.5419003367424011,0.39667975902557373,-0.03582262992858887,0.5223132967948914,0.3711451590061188,-0.038926467299461365,0.585847020149231,0.5168210864067078,-0.028173670172691345,0.5355357527732849,0.44248658418655396,-0.03900298848748207,0.5090764760971069,0.3988230526447296,-0.04388614371418953,0.4893496632575989,0.3687225878238678,-0.04697934538125992,0.5555555820465088,0.545886754989624,-0.03543694689869881,0.5118065476417542,0.47315600514411926,-0.044892359524965286,0.48767971992492676,0.4291578531265259,-0.04871327430009842,0.46953892707824707,0.39724647998809814,-0.050691623240709305,0.5268962979316711,0.5768866539001465,-0.041567008942365646,0.4942750930786133,0.5086230635643005,-0.04928043484687805,0.47675585746765137,0.4714468717575073,-0.04986223578453064,0.46249058842658997,0.44012823700904846,-0.04934484139084816,thankyou
0.6060188412666321,0.6570651531219482,1.124857291756598e-07,0.633305013179779,0.5909653306007385,0.0018694753525778651,0.6497423648834229,0.5219677090644836,-0.003233646973967552,0.6422312259674072,0.4723629951477051,-0.00862490851432085,0.6166603565216064,0.4598062038421631,-0.016141582280397415,0.6188475489616394,0.4912331998348236,-0.021354151889681816,0.5703039169311523,0.42887377738952637,-0.033373791724443436,0.5447226762771606,0.3959926962852478,-0.04009264335036278,0.525122880935669,0.36903971433639526,-0.04389667510986328,0.5892224311828613,0.5164495706558228,-0.030210338532924652,0.5387885570526123,0.4429987370967865,-0.04208812490105629,0.5126567482948303,0.39951181411743164,-0.04816558212041855,0.49332061409950256,0.36796748638153076,-0.052444882690906525,0.5588650703430176,0.5441622138023376,-0.03768812119960785,0.5149523019790649,0.4731183648109436,-0.048143595457077026,0.4914788007736206,0.4301519989967346,-0.05236499384045601,0.47442105412483215,0.39834800362586975,-0.05462468042969704,0.5291433930397034,0.5730043649673462,-0.04415629431605339,0.49643674492836,0.5072536468505859,-0.05238482728600502,0.4793187975883484,0.4717943072319031,-0.053109973669052124,0.4658721685409546,0.44243282079696655,-0.052654948085546494,thankyou
0.6520276665687561,0.6526892781257629,2.895238822020474e-07,0.6754202842712402,0.5851290225982666,-0.005945462733507156,0.6710729598999023,0.5068932175636292,-0.014945576898753643,0.6389880180358887,0.45582595467567444,-0.02315760776400566,0.6037946939468384,0.44092151522636414,-0.03355913981795311,0.6585108637809753,0.48475152254104614,-0.03308291360735893,0.6053535342216492,0.4082033932209015,-0.05216816067695618,0.5777074098587036,0.35737577080726624,-0.0632876306772232,0.5600845813751221,0.31683725118637085,-0.06925727427005768,0.6279889941215515,0.509045422077179,-0.03981539234519005,0.5775673389434814,0.42299577593803406,-0.05609508976340294,0.5514115691184998,0.3640422224998474,-0.06391823291778564,0.5363753437995911,0.3180474638938904,-0.06890272349119186,0.5951926708221436,0.5361784100532532,-0.04564155638217926,0.5493413209915161,0.4525426924228668,-0.058908842504024506,0.5242359638214111,0.39745500683784485,-0.06289904564619064,0.5108596682548523,0.35765066742897034,-0.06435084342956543,0.5603781938552856,0.5639705657958984,-0.051252178847789764,0.5259587168693542,0.49068987369537354,-0.061995405703783035,0.5076568126678467,0.4467785656452179,-0.06328968703746796,0.49615928530693054,0.4117109179496765,-0.06244046613574028,thankyou
0.6363576650619507,0.8771868944168091,1.5615431436799554e-07,0.6671187281608582,0.8057073950767517,0.005836240015923977,0.6759300231933594,0.733124315738678,0.0047429571859538555,0.6695694923400879,0.6800913214683533,0.00293165841139853,0.6501016020774841,0.6512885689735413,-0.0008540924754925072,0.642124593257904,0.6959214806556702,-0.018913952633738518,0.59561687707901,0.6184114813804626,-0.02988695725798607,0.5718100666999817,0.5767738819122314,-0.03430411219596863,0.5539578199386597,0.5452146530151367,-0.035979028791189194,0.6095676422119141,0.7190070748329163,-0.027988361194729805,0.5622965693473816,0.630164623260498,-0.04032263904809952,0.5392447113990784,0.5793368220329285,-0.04448723420500755,0.5230396389961243,0.5424773693084717,-0.04635971039533615,0.5773248076438904,0.7462629675865173,-0.03545943647623062,0.5350666642189026,0.6616252660751343,-0.04548581689596176,0.5115518569946289,0.60935378074646,-0.04920578747987747,0.4944833815097809,0.5694488286972046,-0.05066824331879616,0.5474808216094971,0.7767993211746216,-0.041461121290922165,0.5141578316688538,0.7035987973213196,-0.05049291253089905,0.49537578225135803,0.6617546677589417,-0.05211930349469185,0.4806221127510071,0.6274614930152893,-0.05168437585234642,thankyou
0.6317507028579712,0.8651441931724548,1.7122772533184616e-07,0.6634416580200195,0.7959883809089661,0.006817562505602837,0.6759896278381348,0.719887912273407,0.007039851509034634,0.6672741770744324,0.6647169589996338,0.007079458329826593,0.6440772414207458,0.6459032297134399,0.005335038993507624,0.6433123350143433,0.6821649670600891,-0.018992505967617035,0.5943417549133301,0.604234516620636,-0.028285201638936996,0.5703405737876892,0.5631341934204102,-0.03086993098258972,0.5536758899688721,0.5314714908599854,-0.03131088241934776,0.6095018982887268,0.7052381634712219,-0.027568107470870018,0.5595289468765259,0.6155250072479248,-0.038853030651807785,0.535685122013092,0.5656560659408569,-0.041660573333501816,0.5197089910507202,0.5292794704437256,-0.042470093816518784,0.576241135597229,0.731288731098175,-0.034160271286964417,0.5336248278617859,0.6476917266845703,-0.04329131916165352,0.5106117129325867,0.5977231860160828,-0.04639212414622307,0.49487394094467163,0.5600959062576294,-0.0473429299890995,0.5447022914886475,0.7600181698799133,-0.03911585360765457,0.5130121111869812,0.6870628595352173,-0.046582166105508804,0.4951466917991638,0.6473666429519653,-0.047421496361494064,0.48174887895584106,0.6143700480461121,-0.0465913750231266,thankyou
0.6284283995628357,0.8430701494216919,1.5174690304320393e-07,0.6617304682731628,0.7764033079147339,0.0068611265160143375,0.6745556592941284,0.7071674466133118,0.007464594207704067,0.6693115830421448,0.6522406935691833,0.007248390465974808,0.6470416188240051,0.624849796295166,0.005053079687058926,0.6380457878112793,0.66108638048172,-0.014574170112609863,0.5911721587181091,0.5856837034225464,-0.023008761927485466,0.56831294298172,0.5466747283935547,-0.02594009041786194,0.5522873401641846,0.5164676308631897,-0.026856767013669014,0.6065517067909241,0.6824988126754761,-0.023345820605754852,0.5575681924819946,0.5952919125556946,-0.03378068283200264,0.5340595245361328,0.5469073057174683,-0.036941442638635635,0.5178741216659546,0.5116009712219238,-0.03826115280389786,0.5748089551925659,0.7095320820808411,-0.03056490235030651,0.5321870446205139,0.6275912523269653,-0.04004673659801483,0.5088112950325012,0.5793310403823853,-0.04326438158750534,0.4922667443752289,0.5430748462677002,-0.044248323887586594,0.5437971353530884,0.7401549816131592,-0.03622984513640404,0.511772871017456,0.6681669354438782,-0.044815294444561005,0.4943031668663025,0.6288678646087646,-0.046107616275548935,0.4811762273311615,0.5972141027450562,-0.045400723814964294,thankyou
0.6738877892494202,0.8378103971481323,8.338314927414103e-08,0.6957952380180359,0.7487550377845764,0.0017790073761716485,0.6870772838592529,0.6517513394355774,-0.004254013765603304,0.6533098220825195,0.5870310664176941,-0.010968268848955631,0.6194799542427063,0.5491006374359131,-0.02022235095500946,0.694990336894989,0.62693190574646,-0.026885971426963806,0.6348681449890137,0.5475285053253174,-0.044838473200798035,0.5952380895614624,0.4999051094055176,-0.05613408610224724,0.5635204315185547,0.46296989917755127,-0.06308227777481079,0.6627289056777954,0.6538200378417969,-0.03789588809013367,0.6010867357254028,0.5626929998397827,-0.05394405499100685,0.5643013119697571,0.50801682472229,-0.06220849230885506,0.5352792739868164,0.46809494495391846,-0.06837242096662521,0.6238035559654236,0.6845555305480957,-0.047475822269916534,0.5688631534576416,0.590141773223877,-0.0606503002345562,0.5352910757064819,0.533259391784668,-0.0646342784166336,0.5096489191055298,0.4917166233062744,-0.06711722910404205,0.5819180607795715,0.7166734337806702,-0.055890973657369614,0.5444909334182739,0.6321292519569397,-0.06786013394594193,0.5225169062614441,0.581402599811554,-0.06999269127845764,0.5045760869979858,0.5398666262626648,-0.07014301419258118,thankyou
0.7218809127807617,0.8597038984298706,3.6020961147187336e-07,0.7315022349357605,0.7343552112579346,0.013957825489342213,0.7116034030914307,0.6393086314201355,0.014739631675183773,0.6659630537033081,0.5846251845359802,0.011928066611289978,0.6187944412231445,0.5793718099594116,0.005920694209635258,0.7068913578987122,0.6254006624221802,-0.0016670069890096784,0.6285057067871094,0.5306304693222046,-0.011759132146835327,0.5893948674201965,0.4815806448459625,-0.016848452389240265,0.5627025961875916,0.44454947113990784,-0.017814265564084053,0.67186439037323,0.6615371704101562,-0.01631586253643036,0.5973408818244934,0.5543620586395264,-0.025212273001670837,0.5564538240432739,0.4942670464515686,-0.030898815020918846,0.5271402597427368,0.4490254521369934,-0.033488549292087555,0.629880964756012,0.7013238072395325,-0.02942316234111786,0.5686604976654053,0.5903186798095703,-0.03566555306315422,0.5297451019287109,0.5255346894264221,-0.038781724870204926,0.5014431476593018,0.473472535610199,-0.039556365460157394,0.5840181112289429,0.7427100539207458,-0.040430981665849686,0.5365327000617981,0.6366969347000122,-0.04311192408204079,0.5122227668762207,0.5763084888458252,-0.03921385481953621,0.49275222420692444,0.526614785194397,-0.03484778851270676,thankyou
0.635241687297821,0.8086063265800476,1.6291636484311312e-07,0.6583837866783142,0.724737823009491,0.0070549617521464825,0.6621236205101013,0.6464135050773621,0.0058508217334747314,0.6436793208122253,0.5973690152168274,0.002928610658273101,0.6162039041519165,0.5838080644607544,-0.0022819703444838524,0.6283934116363525,0.6168925166130066,-0.011137198656797409,0.573582649230957,0.548462450504303,-0.02058008313179016,0.5450798869132996,0.5122841000556946,-0.026132170110940933,0.5237752795219421,0.48349082469940186,-0.029056692495942116,0.5961329936981201,0.6441735625267029,-0.021767277270555496,0.5404098033905029,0.5629869103431702,-0.030404003337025642,0.5120888352394104,0.5157594680786133,-0.03489704057574272,0.49181246757507324,0.48088133335113525,-0.037793006747961044,0.5645287036895752,0.6764011979103088,-0.031011389568448067,0.5166217684745789,0.5974453687667847,-0.0375157929956913,0.490909606218338,0.5493307113647461,-0.03986411169171333,0.47227245569229126,0.5118271112442017,-0.04131859540939331,0.5347028970718384,0.7114657759666443,-0.039086468517780304,0.49955928325653076,0.6403666138648987,-0.044240791350603104,0.4807034134864807,0.6012585759162903,-0.04268459975719452,0.4644603729248047,0.567848265171051,-0.04066237434744835,thankyou
0.626002848148346,0.8019900321960449,1.644377505272132e-07,0.6539292335510254,0.7298207879066467,0.004303019028156996,0.6619201302528381,0.6563830375671387,0.0027681125793606043,0.6528849601745605,0.6033611297607422,0.00029223578167147934,0.6291840076446533,0.5878894925117493,-0.0041768476366996765,0.6220637559890747,0.6249642372131348,-0.014717107638716698,0.5735882520675659,0.5590269565582275,-0.024171097204089165,0.5481387972831726,0.523138165473938,-0.0289419274777174,0.5285826921463013,0.4951317310333252,-0.0315387137234211,0.5894496440887451,0.6497161388397217,-0.02344086579978466,0.5405905842781067,0.575181782245636,-0.033405568450689316,0.5148245096206665,0.5313721299171448,-0.03804769366979599,0.4960182011127472,0.4983851909637451,-0.04106692969799042,0.5583436489105225,0.6797431111335754,-0.030927378684282303,0.5163239240646362,0.6065704822540283,-0.039241496473550797,0.49141421914100647,0.5601948499679565,-0.04327007383108139,0.47305864095687866,0.524107813835144,-0.045715607702732086,0.5303839445114136,0.7124564051628113,-0.03733648359775543,0.497597336769104,0.646733820438385,-0.0445776991546154,0.4785492420196533,0.6094388961791992,-0.04552150517702103,0.4634529650211334,0.5781990885734558,-0.04525793716311455,thankyou
0.684005618095398,0.8073648810386658,7.081561648192292e-08,0.6975034475326538,0.7302623987197876,-0.0018035650718957186,0.6811282634735107,0.6371332406997681,-0.009650587104260921,0.6375570297241211,0.5791731476783752,-0.017115842550992966,0.5965450406074524,0.5527528524398804,-0.026701701804995537,0.6914166212081909,0.6074833869934082,-0.03198564052581787,0.6200658679008484,0.5360448360443115,-0.05041087791323662,0.5749261379241943,0.49878478050231934,-0.06076696515083313,0.5410037636756897,0.4722527861595154,-0.06643334031105042,0.6622204184532166,0.6407663822174072,-0.04151003807783127,0.5931296944618225,0.5580402612686157,-0.058816615492105484,0.5499020218849182,0.50795978307724,-0.06839718669652939,0.5148603320121765,0.4716997444629669,-0.07499708980321884,0.6257671117782593,0.6753966808319092,-0.04954694211483002,0.5664995312690735,0.5898206233978271,-0.06272480636835098,0.5287483334541321,0.5357935428619385,-0.06761398166418076,0.49996525049209595,0.496194064617157,-0.07021816819906235,0.5855422616004944,0.7075675129890442,-0.05665458366274834,0.5407123565673828,0.6272117495536804,-0.06718666851520538,0.5154783725738525,0.578537106513977,-0.0688040480017662,0.496069073677063,0.5398099422454834,-0.068520188331604,thankyou
0.6387378573417664,0.8041267991065979,1.1801821386825395e-07,0.6654157638549805,0.7009056806564331,0.01454789750277996,0.670988917350769,0.6195344924926758,0.014650587923824787,0.6456577777862549,0.5699957013130188,0.01155197061598301,0.6156479120254517,0.5585205554962158,0.006250642240047455,0.6433990597724915,0.5905032157897949,-0.001029080362059176,0.5823327302932739,0.5158743858337402,-0.007221010513603687,0.552330493927002,0.48131054639816284,-0.010686248540878296,0.5308101773262024,0.4514654278755188,-0.012279638089239597,0.6110856533050537,0.6139249801635742,-0.014256656169891357,0.5507242679595947,0.5282005667686462,-0.016087951138615608,0.5221748948097229,0.48664113879203796,-0.01708369329571724,0.5016281604766846,0.4535834491252899,-0.0190815981477499,0.578122079372406,0.6445844173431396,-0.02572680450975895,0.5265142321586609,0.5587692260742188,-0.02453988790512085,0.49988341331481934,0.5147400498390198,-0.02273131161928177,0.4808552861213684,0.47832128405570984,-0.0234370157122612,0.5452718734741211,0.6796914935112,-0.035814281553030014,0.5067577362060547,0.6062726974487305,-0.03367053344845772,0.48781704902648926,0.5653140544891357,-0.028225814923644066,0.47095146775245667,0.531058669090271,-0.02470991387963295,thankyou
0.6248576641082764,0.7829283475875854,1.2745135791192297e-07,0.6536033749580383,0.7041710019111633,0.00429772213101387,0.6617609262466431,0.6185958385467529,0.002311466261744499,0.6381977200508118,0.5630504488945007,0.0004153030749876052,0.6053774952888489,0.5574604272842407,-0.004103848244994879,0.6287152767181396,0.6021213531494141,-0.02105214260518551,0.5763298273086548,0.5285869240760803,-0.030668120831251144,0.5492421388626099,0.4916377067565918,-0.03484300151467323,0.529319167137146,0.46381619572639465,-0.0366281196475029,0.5947120785713196,0.6303069591522217,-0.029001452028751373,0.5434393882751465,0.5470874905586243,-0.03748536854982376,0.5154635310173035,0.5010054111480713,-0.04026873782277107,0.4955349862575531,0.46965688467025757,-0.04222219064831734,0.5622811913490295,0.6599103808403015,-0.03508671745657921,0.5182844996452332,0.5790370106697083,-0.04117397218942642,0.4940413534641266,0.5328083038330078,-0.04317564517259598,0.476995050907135,0.5001893043518066,-0.044675420969724655,0.5318306684494019,0.6905200481414795,-0.039942044764757156,0.4987163543701172,0.6167199611663818,-0.04417542368173599,0.4816907048225403,0.5786010026931763,-0.04264235123991966,0.4679350256919861,0.5479095578193665,-0.04111485555768013,thankyou
0.6233543157577515,0.7748948335647583,1.0870405020568796e-07,0.6529698371887207,0.7043956518173218,0.0020802116487175226,0.6676025986671448,0.6311399936676025,-0.0026472986210137606,0.6549491286277771,0.5786243677139282,-0.007478369865566492,0.6279667615890503,0.5653420686721802,-0.014667068608105183,0.6358258724212646,0.6007168292999268,-0.02328544296324253,0.5824311971664429,0.5341565012931824,-0.03598376363515854,0.5537040829658508,0.49902838468551636,-0.04274628683924675,0.5320670008659363,0.47154176235198975,-0.046362970024347305,0.6036375164985657,0.6275037527084351,-0.03226950019598007,0.5461766719818115,0.5477052927017212,-0.044546905905008316,0.5158855319023132,0.502089262008667,-0.05019455775618553,0.4938279092311859,0.4705735445022583,-0.05388367548584938,0.5709864497184753,0.6576850414276123,-0.03970562666654587,0.5206129550933838,0.5808396935462952,-0.050181083381175995,0.494429349899292,0.5348002314567566,-0.053869664669036865,0.47588104009628296,0.5024514198303223,-0.05559956654906273,0.5392161011695862,0.6893603801727295,-0.046026937663555145,0.5025038719177246,0.6183474659919739,-0.05456056445837021,0.48329487442970276,0.579903244972229,-0.055069223046302795,0.46836549043655396,0.5486297607421875,-0.054187942296266556,thankyou
0.6995063424110413,0.8050103187561035,1.7768859095212974e-07,0.7149493098258972,0.71604323387146,0.000544063514098525,0.7059687972068787,0.6162513494491577,-0.0065066199749708176,0.6657966375350952,0.5479794144630432,-0.012716223485767841,0.6211706399917603,0.5237314701080322,-0.021415287628769875,0.7014185190200806,0.6053956747055054,-0.033687423914670944,0.6308326721191406,0.5200580358505249,-0.051704421639442444,0.5890535116195679,0.4785419702529907,-0.06052292883396149,0.5593688488006592,0.45082592964172363,-0.06433851271867752,0.6677292585372925,0.642167329788208,-0.0433962307870388,0.5938045978546143,0.5422261953353882,-0.060291845351457596,0.553137481212616,0.48478764295578003,-0.06755882501602173,0.523465633392334,0.4437604546546936,-0.07181067019701004,0.6291685104370117,0.6772810816764832,-0.051093555986881256,0.5633767247200012,0.5751304626464844,-0.06497320532798767,0.5264840126037598,0.5125056505203247,-0.0688609778881073,0.5002894997596741,0.46663933992385864,-0.07011701166629791,0.5876643657684326,0.7096468806266785,-0.05720571056008339,0.5394476652145386,0.6163548827171326,-0.06820937991142273,0.5147474408149719,0.5621014833450317,-0.06864286214113235,0.49639809131622314,0.518095850944519,-0.06701429933309555,thankyou
0.3366118371486664,0.7964144945144653,3.9256983086488617e-07,0.3032938241958618,0.7194541096687317,-0.0021582439076155424,0.30350178480148315,0.6423070430755615,-0.004280060529708862,0.32740628719329834,0.5942301154136658,-0.005556055344641209,0.3503837287425995,0.584248960018158,-0.007223034277558327,0.3443593382835388,0.6152777671813965,-0.015473493374884129,0.3937619626522064,0.5548543930053711,-0.02305140160024166,0.4231817424297333,0.5175279378890991,-0.02794492430984974,0.44492992758750916,0.4891165494918823,-0.030947046354413033,0.3822942078113556,0.6421173214912415,-0.019934147596359253,0.42814746499061584,0.5723375678062439,-0.024763306602835655,0.4573817253112793,0.5280545949935913,-0.02837490476667881,0.4785301387310028,0.49282580614089966,-0.031314559280872345,0.4146708846092224,0.6719548106193542,-0.023622356355190277,0.45365455746650696,0.6007852554321289,-0.028327643871307373,0.47833237051963806,0.5558900833129883,-0.0321267768740654,0.4954444169998169,0.5205209851264954,-0.03492969647049904,0.4395551383495331,0.7018436789512634,-0.02708408609032631,0.469779372215271,0.6421701908111572,-0.03221132978796959,0.4885673522949219,0.6042487621307373,-0.03296509385108948,0.5036839246749878,0.5725605487823486,-0.03263086825609207,thankyou
0.3430994749069214,0.7992013096809387,4.1969212816184154e-07,0.3075692653656006,0.7195465564727783,-0.004919169005006552,0.3072201907634735,0.6399531960487366,-0.009386315010488033,0.33537915349006653,0.5916468501091003,-0.012835413217544556,0.3650149703025818,0.5874642133712769,-0.01691443845629692,0.35269999504089355,0.6180297136306763,-0.019743474200367928,0.3992893397808075,0.5566810965538025,-0.029639050364494324,0.4280967116355896,0.5182731747627258,-0.0364447757601738,0.45030006766319275,0.48854926228523254,-0.04075710475444794,0.38973888754844666,0.6444403529167175,-0.023821856826543808,0.4342487156391144,0.5728833675384521,-0.030177541077136993,0.4632270336151123,0.5267144441604614,-0.03428477793931961,0.48501238226890564,0.49000442028045654,-0.03758496046066284,0.4204642176628113,0.6736892461776733,-0.027311082929372787,0.45907115936279297,0.6022668480873108,-0.03270938619971275,0.48306018114089966,0.5564447045326233,-0.03608286380767822,0.5005212426185608,0.5210283398628235,-0.03852614760398865,0.44361600279808044,0.7034763097763062,-0.03099612519145012,0.47442567348480225,0.6442692279815674,-0.03650178387761116,0.4929894804954529,0.6059316992759705,-0.036855001002550125,0.5082069635391235,0.5748888254165649,-0.03617551550269127,thankyou
0.34819650650024414,0.807974636554718,3.868009059715405e-07,0.3128814697265625,0.7299538850784302,-0.005746336653828621,0.31123024225234985,0.6455814838409424,-0.009556334465742111,0.3402010202407837,0.596641480922699,-0.011876573786139488,0.36880889534950256,0.5975444912910461,-0.014762072823941708,0.3612934350967407,0.6369473934173584,-0.025035902857780457,0.40637192130088806,0.5650821328163147,-0.03541329503059387,0.4344416856765747,0.5218347311019897,-0.04172288253903389,0.4553970694541931,0.489814817905426,-0.04544451832771301,0.3975096642971039,0.665770411491394,-0.02830957993865013,0.44102320075035095,0.5840168595314026,-0.03589650243520737,0.468600869178772,0.5327006578445435,-0.04014891758561134,0.48862046003341675,0.494762659072876,-0.04317362233996391,0.42742621898651123,0.6933621764183044,-0.030646152794361115,0.4662613272666931,0.613794207572937,-0.03674304485321045,0.48913025856018066,0.5619654655456543,-0.04149364307522774,0.5046890377998352,0.5252152681350708,-0.0444415807723999,0.45029860734939575,0.7177736163139343,-0.033088263124227524,0.4823409914970398,0.6524527668952942,-0.04015235975384712,0.5004228949546814,0.6099590063095093,-0.04259280860424042,0.5146647691726685,0.5786131024360657,-0.0430402047932148,thankyou
0.3496900200843811,0.8312281370162964,4.4207351379554893e-07,0.3128535747528076,0.75175940990448,-0.005479396320879459,0.31233537197113037,0.6647838354110718,-0.010330836288630962,0.34386157989501953,0.612602174282074,-0.013471982441842556,0.3767958879470825,0.6090818643569946,-0.01717749610543251,0.35510438680648804,0.6555682420730591,-0.02749926969408989,0.40414732694625854,0.5806151032447815,-0.039104051887989044,0.43370258808135986,0.5346832871437073,-0.04501301795244217,0.45630747079849243,0.5008000135421753,-0.048491984605789185,0.3959369659423828,0.6841087341308594,-0.031652260571718216,0.44203200936317444,0.5984224677085876,-0.041406434029340744,0.4713636636734009,0.5423063039779663,-0.047441981732845306,0.49380171298980713,0.49858784675598145,-0.051823876798152924,0.4303482472896576,0.7130063772201538,-0.034522894769907,0.47058990597724915,0.6308379769325256,-0.04384256899356842,0.4965265989303589,0.5750392079353333,-0.05098029971122742,0.5155296921730042,0.5315046310424805,-0.055661898106336594,0.45710501074790955,0.740119993686676,-0.036989059299230576,0.48921847343444824,0.6762853860855103,-0.047273024916648865,0.5077143907546997,0.6319674253463745,-0.051476478576660156,0.5228424072265625,0.5952348113059998,-0.05320099741220474,thankyou
0.31159889698028564,0.9177733659744263,9.249029062630143e-07,0.27296462655067444,0.8336184620857239,-0.027915652841329575,0.2619706392288208,0.7348536252975464,-0.05538283288478851,0.2750609517097473,0.6676386594772339,-0.07486432790756226,0.2963838577270508,0.6215263605117798,-0.09500054270029068,0.2819709777832031,0.7858465313911438,-0.10844817757606506,0.3639093041419983,0.6634825468063354,-0.14372916519641876,0.4137569069862366,0.592930793762207,-0.15475289523601532,0.450987309217453,0.5419735908508301,-0.1575564444065094,0.3271855413913727,0.8382595181465149,-0.1081223413348198,0.4073944091796875,0.6958748698234558,-0.1403503268957138,0.45556560158729553,0.607720673084259,-0.14947812259197235,0.4892386198043823,0.5428929924964905,-0.15482984483242035,0.37246185541152954,0.8752260804176331,-0.1040305569767952,0.4445696771144867,0.7398099303245544,-0.12902973592281342,0.4883189797401428,0.6561443209648132,-0.13490994274616241,0.516350507736206,0.5904898047447205,-0.13730843365192413,0.41070500016212463,0.8940048217773438,-0.09947420656681061,0.4680529832839966,0.7906844615936279,-0.11789905279874802,0.5020601749420166,0.7288470268249512,-0.12019690871238708,0.5238121747970581,0.6772915124893188,-0.12046678364276886,thankyou
0.31215354800224304,0.8536471128463745,9.87767180049559e-07,0.2785826027393341,0.7906336784362793,-0.02737804874777794,0.2525714039802551,0.7475168704986572,-0.06085522100329399,0.26134589314460754,0.7161019444465637,-0.0874074175953865,0.30003952980041504,0.6987096667289734,-0.11565642058849335,0.2250847965478897,0.8670737743377686,-0.11733908951282501,0.30226951837539673,0.7529493570327759,-0.15260866284370422,0.3535347580909729,0.6758415102958679,-0.16514891386032104,0.39612844586372375,0.6244708895683289,-0.16972379386425018,0.2721743881702423,0.9324655532836914,-0.12061268836259842,0.3527567386627197,0.7847838401794434,-0.15253770351409912,0.4047481417655945,0.6915451884269714,-0.15631331503391266,0.44684475660324097,0.6284508109092712,-0.15959779918193817,0.3260383605957031,0.9676196575164795,-0.1195131465792656,0.4036951959133148,0.8308130502700806,-0.14699596166610718,0.4513266384601593,0.7411338090896606,-0.14570075273513794,0.4854165315628052,0.6785917282104492,-0.14366215467453003,0.37802696228027344,0.9815232753753662,-0.11837443709373474,0.42992550134658813,0.8860964179039001,-0.13547056913375854,0.46175122261047363,0.8254334926605225,-0.13020449876785278,0.48104366660118103,0.7781124711036682,-0.12689289450645447,thankyou
0.3313910663127899,0.8509626984596252,6.89613671056577e-07,0.30216604471206665,0.7557926177978516,-0.000922731647733599,0.2911592423915863,0.6720970869064331,-0.009937424212694168,0.30443549156188965,0.6142961382865906,-0.01762503571808338,0.327463299036026,0.5898450016975403,-0.026131536811590195,0.33151644468307495,0.6544393301010132,-0.0369674377143383,0.3895106315612793,0.5674556493759155,-0.054008886218070984,0.4247884154319763,0.5147445201873779,-0.06322702020406723,0.45241039991378784,0.4764089286327362,-0.06755991280078888,0.3739365339279175,0.6867265105247498,-0.04438237473368645,0.4298632740974426,0.5861826539039612,-0.057513948529958725,0.46558132767677307,0.5216376781463623,-0.06383123248815536,0.49085697531700134,0.47313162684440613,-0.06810459494590759,0.412569522857666,0.7188735008239746,-0.04922895133495331,0.45945659279823303,0.6216944456100464,-0.059206485748291016,0.4899212718009949,0.5586206912994385,-0.0634993389248848,0.5106748342514038,0.5111516118049622,-0.06604207307100296,0.44299495220184326,0.7492733597755432,-0.05293554067611694,0.47743821144104004,0.6678860783576965,-0.06203180551528931,0.4971052408218384,0.6161208748817444,-0.062289852648973465,0.513414740562439,0.5748071670532227,-0.06084587797522545,thankyou
0.3442990481853485,0.7915946841239929,4.2381685716463835e-07,0.3129379451274872,0.7106904983520508,-0.00040842831367626786,0.3114282190799713,0.6309548616409302,-0.0037054673302918673,0.3385712504386902,0.5820915699005127,-0.006615478545427322,0.3659225404262543,0.58279949426651,-0.010409833863377571,0.3529767692089081,0.6112924218177795,-0.019398638978600502,0.4031248688697815,0.5471621751785278,-0.028063790872693062,0.4322323799133301,0.5079680681228638,-0.0332086943089962,0.45399874448776245,0.47878748178482056,-0.036623407155275345,0.39089593291282654,0.6371841430664062,-0.025441892445087433,0.4357362687587738,0.5611158013343811,-0.03130895644426346,0.46302303671836853,0.5127236843109131,-0.03475343436002731,0.4821662902832031,0.4745676517486572,-0.03773242235183716,0.42332980036735535,0.6663090586662292,-0.030170703306794167,0.46212834119796753,0.5908030271530151,-0.035271141678094864,0.4861132502555847,0.5432987213134766,-0.0390583761036396,0.5020883083343506,0.5058638453483582,-0.04197400063276291,0.44836530089378357,0.6974841952323914,-0.03448691591620445,0.47979289293289185,0.6333746910095215,-0.0408606231212616,0.4977242946624756,0.5929072499275208,-0.04220651835203171,0.5114828944206238,0.5590677857398987,-0.042188871651887894,thankyou
0.3480771481990814,0.7984464168548584,4.0745896967564477e-07,0.3134252429008484,0.7181045413017273,-0.0029272055253386497,0.309047132730484,0.6369059085845947,-0.008061706088483334,0.33608850836753845,0.5850667953491211,-0.012446817010641098,0.36850932240486145,0.5787468552589417,-0.017542829737067223,0.35373935103416443,0.614260733127594,-0.02297530323266983,0.401685893535614,0.5495741963386536,-0.03374804928898811,0.4300884008407593,0.5099256038665771,-0.04045433923602104,0.4513702392578125,0.47910958528518677,-0.04483427852392197,0.39073508977890015,0.640419065952301,-0.028645113110542297,0.4344158470630646,0.5653752684593201,-0.03671470656991005,0.46166300773620605,0.5177700519561768,-0.041323572397232056,0.48096156120300293,0.47898420691490173,-0.04490775614976883,0.4224199652671814,0.6694238185882568,-0.03318175673484802,0.46009016036987305,0.5941174626350403,-0.04018700122833252,0.48405298590660095,0.5463042855262756,-0.0440666638314724,0.5000964999198914,0.5086947679519653,-0.0466502346098423,0.447577565908432,0.7000222206115723,-0.03752429038286209,0.47826439142227173,0.6350824236869812,-0.04455447942018509,0.4964263439178467,0.5944583415985107,-0.045510709285736084,0.5107691287994385,0.5612101554870605,-0.0450117327272892,thankyou
0.34882426261901855,0.7911324501037598,4.4987152136855e-07,0.313732385635376,0.7089211344718933,-0.0038277048151940107,0.31164368987083435,0.6305582523345947,-0.00838188361376524,0.33870863914489746,0.5862542986869812,-0.012160769663751125,0.3648880124092102,0.584169864654541,-0.01657169684767723,0.3522092401981354,0.6119402647018433,-0.020553212612867355,0.4029330611228943,0.5501235127449036,-0.030133303254842758,0.4319637417793274,0.5121763944625854,-0.03627151623368263,0.45330244302749634,0.4821065366268158,-0.04025306552648544,0.39045724272727966,0.6376924514770508,-0.02533915638923645,0.4355669319629669,0.5671030282974243,-0.03230835869908333,0.4624703526496887,0.5209952592849731,-0.036843035370111465,0.48136165738105774,0.48373883962631226,-0.04044819250702858,0.42270800471305847,0.6651114821434021,-0.029283011332154274,0.4617598056793213,0.5939099192619324,-0.034994062036275864,0.4851202070713043,0.547908365726471,-0.03915071114897728,0.5008858442306519,0.5115917921066284,-0.042069341987371445,0.4474331736564636,0.6928291320800781,-0.03324953466653824,0.4792531430721283,0.6337299346923828,-0.038859669119119644,0.49814656376838684,0.5946887135505676,-0.039835479110479355,0.513114333152771,0.5625113844871521,-0.03958001732826233,thankyou
0.33031028509140015,0.817506730556488,2.2955779854783032e-07,0.29739832878112793,0.7319793701171875,-0.002808291232213378,0.29962512850761414,0.6541343331336975,-0.002809857949614525,0.32502010464668274,0.6073142290115356,-0.0016718623228371143,0.3469805121421814,0.5914469957351685,2.321800138815888e-06,0.3690708875656128,0.6311356425285339,-0.00669459905475378,0.4135558307170868,0.572982132434845,-0.01064902450889349,0.44171786308288574,0.5414313077926636,-0.013229452073574066,0.462933748960495,0.5202568173408508,-0.014099324122071266,0.40561050176620483,0.6638461351394653,-0.008202172815799713,0.44487395882606506,0.5956488251686096,-0.008312057703733444,0.46892011165618896,0.5560696125030518,-0.008371422998607159,0.4878394901752472,0.5277281999588013,-0.008586986921727657,0.43188196420669556,0.6965451836585999,-0.00983948539942503,0.4661048948764801,0.6293261051177979,-0.011020632460713387,0.4865702986717224,0.5883401036262512,-0.011310112662613392,0.5019089579582214,0.5595471262931824,-0.011391197331249714,0.4485135078430176,0.7271233797073364,-0.011655456386506557,0.4754118323326111,0.6717805862426758,-0.013682789169251919,0.4917566180229187,0.6375277042388916,-0.011804765090346336,0.5053347945213318,0.6113508939743042,-0.009161602705717087,thankyou
0.33288684487342834,0.8169629573822021,2.3221502942760708e-07,0.29728376865386963,0.7387237548828125,-0.004722056910395622,0.2984161376953125,0.6612260937690735,-0.006244405638426542,0.32697492837905884,0.6109374761581421,-0.0061475420370697975,0.3533056974411011,0.5975732803344727,-0.0054399967193603516,0.36851418018341064,0.6349800825119019,-0.009551114402711391,0.41184329986572266,0.5758782625198364,-0.014552010223269463,0.43881839513778687,0.5440211296081543,-0.017958099022507668,0.4601689577102661,0.5233472585678101,-0.019429603591561317,0.40435662865638733,0.6675281524658203,-0.010407228954136372,0.44463402032852173,0.5982311367988586,-0.01169392466545105,0.46969226002693176,0.557846188545227,-0.013016429729759693,0.4898993670940399,0.5299644470214844,-0.014124754816293716,0.43001842498779297,0.7001019716262817,-0.011365395970642567,0.4660680890083313,0.633427619934082,-0.013758513145148754,0.48826736211776733,0.592174768447876,-0.015940243378281593,0.5049031376838684,0.5639520883560181,-0.017260294407606125,0.4462816119194031,0.730099081993103,-0.012500371783971786,0.47578999400138855,0.6766877770423889,-0.015308454632759094,0.4931328296661377,0.6426906585693359,-0.014741160906851292,0.507704496383667,0.6174145936965942,-0.013052500784397125,thankyou
0.3186042308807373,0.8246845602989197,3.4435146289979457e-07,0.2838786244392395,0.7484262585639954,-0.007208730559796095,0.27669215202331543,0.6651907563209534,-0.013943994417786598,0.2992062568664551,0.6114668250083923,-0.019148025661706924,0.3276556134223938,0.6002663373947144,-0.024429164826869965,0.34855690598487854,0.6443027257919312,-0.02361130155622959,0.401705265045166,0.5802373886108398,-0.034110505133867264,0.4342189431190491,0.544244647026062,-0.03996996954083443,0.4581017792224884,0.5202598571777344,-0.04285896569490433,0.3859451115131378,0.6784998774528503,-0.0270822923630476,0.4356626570224762,0.6038221120834351,-0.03450661525130272,0.466361939907074,0.5593439936637878,-0.038773056119680405,0.490255743265152,0.5264266729354858,-0.04145342484116554,0.4145315885543823,0.7132599949836731,-0.030155841261148453,0.4591854214668274,0.6388454437255859,-0.03751049563288689,0.48700210452079773,0.5922783613204956,-0.04165162891149521,0.5082952976226807,0.5587612390518188,-0.04384712129831314,0.4344807267189026,0.7475445866584778,-0.03322433680295944,0.46949923038482666,0.6863391995429993,-0.04065515100955963,0.490213006734848,0.6470736265182495,-0.04151951149106026,0.5080930590629578,0.6159821152687073,-0.040301475673913956,thankyou
0.2712039649486542,0.8813695311546326,4.778114544023992e-07,0.23996341228485107,0.7927535772323608,-0.013019374571740627,0.2552695870399475,0.694502592086792,-0.025649866089224815,0.2974560260772705,0.6328908205032349,-0.035370539873838425,0.3414004445075989,0.6047191023826599,-0.044863779097795486,0.2836901545524597,0.7097663879394531,-0.04551607370376587,0.3427813649177551,0.6197605133056641,-0.06606966257095337,0.3822357654571533,0.5689440965652466,-0.07449081540107727,0.41303548216819763,0.5346477627754211,-0.07756916433572769,0.321422278881073,0.7441937923431396,-0.05018436908721924,0.3839564323425293,0.6404460072517395,-0.06936037540435791,0.42649775743484497,0.5766136646270752,-0.0783521980047226,0.4588651955127716,0.5280006527900696,-0.08331824839115143,0.3559345304965973,0.7771642804145813,-0.053890474140644073,0.4180286228656769,0.6742961406707764,-0.07210126519203186,0.45965689420700073,0.6066107153892517,-0.08096367120742798,0.49101293087005615,0.5541280508041382,-0.0847800225019455,0.38610443472862244,0.8050463199615479,-0.057056307792663574,0.4372653365135193,0.7251896262168884,-0.07245170325040817,0.47125181555747986,0.6720156073570251,-0.07679148763418198,0.49749642610549927,0.6291446089744568,-0.07765394449234009,thankyou
0.3306286633014679,0.8323050737380981,3.172251297201001e-07,0.2864474654197693,0.7561165690422058,-0.017965374514460564,0.27983003854751587,0.6780274510383606,-0.03029199130833149,0.29306647181510925,0.6302115321159363,-0.039308153092861176,0.31141626834869385,0.6097730398178101,-0.048508353531360626,0.35780319571495056,0.6603275537490845,-0.04063083976507187,0.4191891551017761,0.5951036214828491,-0.05578181520104408,0.45508086681365967,0.5586482882499695,-0.06380341947078705,0.48225104808807373,0.5315748453140259,-0.06780029088258743,0.39639756083488464,0.6990054249763489,-0.040045514702796936,0.4502374529838562,0.6198389530181885,-0.05060900002717972,0.4827588200569153,0.571401834487915,-0.057024333626031876,0.5093061923980713,0.5380048751831055,-0.06187135726213455,0.423929363489151,0.736323893070221,-0.03962692245841026,0.47386348247528076,0.6607662439346313,-0.050117094069719315,0.5048422813415527,0.6117891073226929,-0.058091115206480026,0.5280634164810181,0.5797193646430969,-0.06289686262607574,0.44225388765335083,0.768210232257843,-0.03988196328282356,0.4827638566493988,0.7147256135940552,-0.050163038074970245,0.5059601068496704,0.677351713180542,-0.05467803031206131,0.5231228470802307,0.6479631662368774,-0.056069567799568176,thankyou
0.3298744559288025,0.7998813390731812,2.476226370617951e-07,0.2981831729412079,0.7145293354988098,-0.0020949041936546564,0.30581900477409363,0.637444019317627,-0.001789967529475689,0.33781254291534424,0.5926047563552856,0.000413563713664189,0.3636394143104553,0.5858409404754639,0.002511222381144762,0.37145310640335083,0.6225488185882568,-0.014270229265093803,0.4223657250404358,0.5649245381355286,-0.01976366527378559,0.4528450667858124,0.5327137112617493,-0.022245414555072784,0.47595566511154175,0.5113240480422974,-0.0229494571685791,0.4064987003803253,0.6592773795127869,-0.015611797571182251,0.452930748462677,0.5902878046035767,-0.017877303063869476,0.48096394538879395,0.5506376624107361,-0.018260570243000984,0.5027973651885986,0.523135781288147,-0.01853334903717041,0.4320873022079468,0.6951916217803955,-0.016231277957558632,0.47220370173454285,0.6274847984313965,-0.019088132306933403,0.49695178866386414,0.5857981443405151,-0.020908327773213387,0.5154731273651123,0.5574902296066284,-0.021928803995251656,0.4485355615615845,0.7271193861961365,-0.016530374065041542,0.4796695411205292,0.6713534593582153,-0.02016565389931202,0.49818626046180725,0.636017918586731,-0.020049596205353737,0.5138298273086548,0.6096581816673279,-0.018658766523003578,thankyou
0.33028557896614075,0.7974990606307983,2.4435880163764523e-07,0.30107957124710083,0.7149008512496948,-0.0028877260629087687,0.30661070346832275,0.6379128098487854,-0.003662328002974391,0.3372982442378998,0.5928540229797363,-0.0025968938134610653,0.36315444111824036,0.5879417061805725,-0.0012683598324656487,0.37465012073516846,0.623367965221405,-0.012961773201823235,0.4241335093975067,0.5633765459060669,-0.01781241036951542,0.4526878893375397,0.5311962366104126,-0.019761374220252037,0.4743574261665344,0.5106817483901978,-0.02017010934650898,0.4097980260848999,0.657737672328949,-0.013816110789775848,0.4565674662590027,0.5867273807525635,-0.015808552503585815,0.4834658205509186,0.5464246869087219,-0.016112856566905975,0.5037635564804077,0.5200245976448059,-0.01611318439245224,0.43473193049430847,0.6918028593063354,-0.014089646749198437,0.4754934012889862,0.6240769028663635,-0.01631428487598896,0.4992719292640686,0.5844444036483765,-0.01764170452952385,0.5164572596549988,0.5583672523498535,-0.018193194642663002,0.44961971044540405,0.7232211232185364,-0.014183609746396542,0.4822739064693451,0.6696001887321472,-0.016959169879555702,0.5009524822235107,0.6359826326370239,-0.016356708481907845,0.5166721940040588,0.6114050149917603,-0.014522772282361984,thankyou
0.3343438506126404,0.8025690317153931,2.4469667891935387e-07,0.3033202290534973,0.7195490002632141,-0.0011735556181520224,0.3078750967979431,0.6398573517799377,-0.001726488466374576,0.33817702531814575,0.5902321338653564,-0.0009045386104844511,0.364206999540329,0.5836536884307861,-2.775607981675421e-06,0.37577271461486816,0.6201138496398926,-0.010748590342700481,0.4241734743118286,0.5629147887229919,-0.01517803780734539,0.45312801003456116,0.5322571396827698,-0.01747720316052437,0.4754648506641388,0.5123945474624634,-0.01839735358953476,0.4107121229171753,0.6542948484420776,-0.013035308569669724,0.45602577924728394,0.5862544775009155,-0.014915786683559418,0.48328131437301636,0.5475437045097351,-0.015522297471761703,0.5046883225440979,0.5207610130310059,-0.01585903763771057,0.43623363971710205,0.6895250678062439,-0.014632497914135456,0.4761733412742615,0.6227270364761353,-0.01711314730346203,0.5012341737747192,0.5822534561157227,-0.018678387627005577,0.5196515917778015,0.5546873211860657,-0.019483326002955437,0.45240986347198486,0.7233901023864746,-0.015880228951573372,0.4837552607059479,0.6675832271575928,-0.01841793768107891,0.5024994015693665,0.6331120133399963,-0.01728188991546631,0.5181889533996582,0.6076082587242126,-0.015217800624668598,thankyou
0.31192755699157715,0.885759711265564,6.113688186815125e-07,0.27100199460983276,0.788457989692688,-0.015663307160139084,0.27653631567955017,0.6893332600593567,-0.029819030314683914,0.317258358001709,0.6280827522277832,-0.040158987045288086,0.3581037223339081,0.6006707549095154,-0.05115702748298645,0.3308626711368561,0.6995342969894409,-0.05391465499997139,0.39587873220443726,0.6059267520904541,-0.07573314011096954,0.4388156533241272,0.5516226887702942,-0.0853787362575531,0.4733372926712036,0.5120012760162354,-0.08924522250890732,0.3752090334892273,0.7412410974502563,-0.057641129940748215,0.44001609086990356,0.6305276155471802,-0.07628250122070312,0.48320794105529785,0.5628818273544312,-0.08457208424806595,0.5170503854751587,0.5105366706848145,-0.08929318189620972,0.4110952317714691,0.7784463167190552,-0.0599370039999485,0.4726167321205139,0.6699923872947693,-0.07716703414916992,0.5116744041442871,0.600870668888092,-0.08472789824008942,0.5419421792030334,0.5464226007461548,-0.0881032720208168,0.4378000795841217,0.8084173798561096,-0.06188218668103218,0.48568859696388245,0.7221658229827881,-0.0773790255188942,0.5171693563461304,0.6680720448493958,-0.08035708218812943,0.5425211191177368,0.623656690120697,-0.07996771484613419,thankyou
0.4651625156402588,0.7278268933296204,-4.812108045371133e-07,0.48519134521484375,0.6168601512908936,0.01674138754606247,0.5304051637649536,0.539609432220459,0.022229893133044243,0.5834031105041504,0.4966851770877838,0.026122136041522026,0.6209865212440491,0.5008234977722168,0.032975196838378906,0.5887815952301025,0.533438503742218,-0.0009567731758579612,0.6536224484443665,0.5301693677902222,0.00604487769305706,0.6373189091682434,0.5478805303573608,0.01825610361993313,0.6093308925628662,0.557529091835022,0.02736172452569008,0.6147983074188232,0.6037067770957947,-0.009799489751458168,0.6724351644515991,0.5866091251373291,0.003725712653249502,0.6544253826141357,0.5990617275238037,0.016942037269473076,0.6275924444198608,0.6123189926147461,0.023274512961506844,0.6317845582962036,0.6759119629859924,-0.015261450782418251,0.6819779276847839,0.6474723219871521,-0.003548462875187397,0.6635990738868713,0.6564867496490479,0.011882848106324673,0.6366901397705078,0.6693137288093567,0.018574941903352737,0.6386191248893738,0.7420524954795837,-0.018765006214380264,0.6833015084266663,0.708562433719635,-0.008287862874567509,0.6649448275566101,0.7147049903869629,0.008011925034224987,0.6412817239761353,0.7279030084609985,0.01890280470252037,sorry
0.4123106002807617,0.8048765659332275,-5.215977694206231e-07,0.4449347257614136,0.6777583360671997,0.007532542571425438,0.49770739674568176,0.601406455039978,0.005132314283400774,0.5624999403953552,0.5777170658111572,0.0019294049125164747,0.6044602990150452,0.5937392711639404,0.0018058603163808584,0.5532995462417603,0.6300949454307556,-0.009183227084577084,0.6197222471237183,0.6114828586578369,-0.010432333685457706,0.591443657875061,0.6184099316596985,-0.008610599674284458,0.5612346529960632,0.6266083717346191,-0.007176936138421297,0.5722777247428894,0.7095958590507507,-0.016073694452643394,0.632050633430481,0.6733680367469788,-0.00819229707121849,0.6090602278709412,0.675153374671936,-0.0002919802500400692,0.5794845223426819,0.6857337355613708,0.0020822074729949236,0.5817770957946777,0.7808805108070374,-0.020702101290225983,0.6315348148345947,0.7381238341331482,-0.01259172335267067,0.6107246279716492,0.7377591133117676,0.000834879232570529,0.5813747048377991,0.7469781637191772,0.006181430071592331,0.5814269185066223,0.841427743434906,-0.02429749257862568,0.6199333071708679,0.7945275902748108,-0.01590091548860073,0.5992553234100342,0.794402539730072,0.0003307886072434485,0.5755380988121033,0.8067812919616699,0.011193229816854,sorry
0.47114765644073486,0.7064716219902039,-2.6542861064626777e-07,0.4948514699935913,0.5875738263130188,0.007593977265059948,0.5454980134963989,0.5191102027893066,0.007429863326251507,0.6007519364356995,0.5034700632095337,0.006348977331072092,0.6396316885948181,0.524469256401062,0.008753420785069466,0.5962488055229187,0.49499794840812683,0.00034623395185917616,0.6586772203445435,0.5007394552230835,0.0029396177269518375,0.6426594853401184,0.5279095768928528,0.007332964800298214,0.6185701489448547,0.5369688868522644,0.010725962929427624,0.6226654052734375,0.5680911540985107,-0.005863591097295284,0.6770139336585999,0.5628470778465271,0.004596106242388487,0.661617636680603,0.581628143787384,0.011101466603577137,0.6365323662757874,0.5937646627426147,0.013396832160651684,0.6401652097702026,0.6416909694671631,-0.010243172757327557,0.6840530633926392,0.6272404193878174,0.0012117227306589484,0.6680260300636292,0.6387872695922852,0.01238331664353609,0.6433631181716919,0.6493543982505798,0.01666775345802307,0.6488105058670044,0.7085785865783691,-0.01397001650184393,0.6828479766845703,0.6828866004943848,-0.0006854664534330368,0.6665332317352295,0.689652681350708,0.01540219783782959,0.6468588709831238,0.7011049389839172,0.026269255205988884,sorry
0.4184330701828003,0.9047805070877075,-6.554716378559533e-07,0.45990052819252014,0.7881762385368347,0.0037481149192899466,0.5180643796920776,0.7076592445373535,-0.0011863141553476453,0.5791027545928955,0.6751145124435425,-0.008018985390663147,0.6178412437438965,0.696053683757782,-0.011776428669691086,0.5801284313201904,0.7675829529762268,-0.007705331314355135,0.6415630578994751,0.7218009233474731,-0.016482815146446228,0.6082997918128967,0.7193040251731873,-0.02160465344786644,0.5768578052520752,0.7338114380836487,-0.023671714588999748,0.59176105260849,0.845299482345581,-0.015265649184584618,0.650898814201355,0.7921614050865173,-0.016450798138976097,0.6234816908836365,0.7841470241546631,-0.015084844082593918,0.5936459898948669,0.8013032674789429,-0.014768755063414574,0.5951637029647827,0.9149466753005981,-0.02154468186199665,0.6512265205383301,0.8654938340187073,-0.022677244618535042,0.6287065744400024,0.8551742434501648,-0.014038844965398312,0.598691463470459,0.8681986927986145,-0.00855717621743679,0.5912699699401855,0.9749179482460022,-0.026963740587234497,0.6426026821136475,0.9292944669723511,-0.025588950142264366,0.6243553161621094,0.9199226498603821,-0.012569579295814037,0.5985172986984253,0.9327603578567505,-0.0016623111441731453,sorry
0.4324343800544739,0.6931116580963135,-3.9908894677864737e-07,0.4569416642189026,0.576981246471405,0.010615290142595768,0.5083457231521606,0.5166764259338379,0.010943836532533169,0.56526118516922,0.5016746520996094,0.009304673410952091,0.6030212640762329,0.5166196823120117,0.010089438408613205,0.5619717836380005,0.4972917139530182,0.0024528177455067635,0.6157639622688293,0.4901098906993866,0.0016753176460042596,0.6015639305114746,0.5106192231178284,0.0021016111131757498,0.5776365995407104,0.5211029052734375,0.003804513020440936,0.5894976854324341,0.5666723251342773,-0.004914226476103067,0.6341279745101929,0.5447389483451843,0.002205069176852703,0.6177083253860474,0.5580571889877319,0.005332416854798794,0.5925799608230591,0.5725120306015015,0.0062971352599561214,0.6069762706756592,0.6378882527351379,-0.010377724654972553,0.6493645906448364,0.6062538623809814,-0.00283281528390944,0.6352244019508362,0.6098713278770447,0.004415734205394983,0.609612226486206,0.6210389137268066,0.007590458728373051,0.6144062876701355,0.7031379342079163,-0.014539613388478756,0.6479942798614502,0.6679271459579468,-0.005167469847947359,0.6355527639389038,0.6599522233009338,0.007100704126060009,0.6164627075195312,0.6618149280548096,0.016689321026206017,sorry
0.4968358874320984,0.8298534750938416,-6.276827662077267e-07,0.5204256772994995,0.7145665287971497,0.010757043957710266,0.5725878477096558,0.6317089796066284,0.01383473165333271,0.6299998164176941,0.5894200801849365,0.014494890347123146,0.6734776496887207,0.5800666213035583,0.018075115978717804,0.641137957572937,0.6593815088272095,0.0017543002031743526,0.7053945660591125,0.6212035417556763,0.00027809813036583364,0.6820920705795288,0.6225571036338806,0.0021303039975464344,0.6527710556983948,0.6399956345558167,0.005094397347420454,0.6608492136001587,0.7318992614746094,-0.006720417644828558,0.7183085680007935,0.6855899095535278,-0.0012957786675542593,0.6956232786178589,0.6852594614028931,0.0036853940691798925,0.6676530838012695,0.7052058577537537,0.006013853941112757,0.6708863377571106,0.8029798865318298,-0.01330987922847271,0.7248958349227905,0.7549950480461121,-0.009556272998452187,0.703739583492279,0.7516284584999084,0.0011581321014091372,0.6762262582778931,0.7673342227935791,0.006863548420369625,0.6720992922782898,0.8676885366439819,-0.018373195081949234,0.7231889367103577,0.8225398659706116,-0.013962839730083942,0.7048481106758118,0.8166753053665161,0.000339533609803766,0.680570125579834,0.8312139511108398,0.011382684111595154,sorry
0.4256000518798828,0.7265689373016357,-4.1207704271073453e-07,0.453708291053772,0.6122011542320251,0.009747057221829891,0.5055146217346191,0.5411611795425415,0.007618377450853586,0.5620893836021423,0.514443576335907,0.003767970949411392,0.5978569984436035,0.5265008211135864,0.0018346143187955022,0.5528001189231873,0.5522496700286865,-0.014042522758245468,0.6240738034248352,0.5324850082397461,-0.01978721283376217,0.6081767082214355,0.5495599508285522,-0.01940983533859253,0.5804072618484497,0.5635582804679871,-0.017100680619478226,0.5771682858467102,0.6277550458908081,-0.022927960380911827,0.6429799199104309,0.5955585241317749,-0.018737804144620895,0.6262615323066711,0.6031188368797302,-0.01175947580486536,0.5966859459877014,0.6156514286994934,-0.00856968853622675,0.5921863317489624,0.7015593647956848,-0.02923152595758438,0.6520079374313354,0.6643058061599731,-0.022876258939504623,0.6352567076683044,0.6653833985328674,-0.009492987766861916,0.6062750816345215,0.6754238605499268,-0.0030827235896140337,0.5957837700843811,0.7671138644218445,-0.034199308604002,0.6468424201011658,0.7278434634208679,-0.025069216266274452,0.6300381422042847,0.7242316603660583,-0.00772447232156992,0.6046349406242371,0.7331048250198364,0.0044007571414113045,sorry
0.5463793277740479,0.7169262766838074,-3.8366883359230997e-07,0.5703296065330505,0.5934870839118958,0.006503865122795105,0.6242455244064331,0.52552330493927,0.003952288068830967,0.6823064088821411,0.5125489234924316,-0.001148895244114101,0.7173318266868591,0.5334464311599731,-0.003610300598666072,0.6773715615272522,0.488802969455719,0.003975651692599058,0.7367894053459167,0.49514245986938477,-0.0023322871420532465,0.7217516899108887,0.5243785381317139,-0.009871664457023144,0.6970043182373047,0.5341804623603821,-0.014927657321095467,0.7070549726486206,0.5586003065109253,-0.0064348457381129265,0.7563899755477905,0.5566983222961426,-0.002129570348188281,0.7422356605529785,0.5773442387580872,-0.0030055998358875513,0.7169036269187927,0.5895323753356934,-0.006158891599625349,0.727768063545227,0.6334320902824402,-0.01624155230820179,0.7695690989494324,0.6202130317687988,-0.011405812576413155,0.7534071207046509,0.6340911984443665,-0.0034370257053524256,0.7261029481887817,0.6469863653182983,-0.00037074272404424846,0.737952709197998,0.7051807045936584,-0.02604599855840206,0.7681801319122314,0.6772767305374146,-0.017492016777396202,0.7497592568397522,0.6865501999855042,-0.0019587078131735325,0.7269776463508606,0.7006446719169617,0.009254353120923042,sorry
0.551537036895752,0.8610829710960388,-5.468841095535026e-07,0.5670182704925537,0.7441951036453247,0.003656012238934636,0.6167860627174377,0.6580631732940674,0.0023212810046970844,0.6715813875198364,0.6167649626731873,1.3777882941212738e-06,0.7045481204986572,0.5916638374328613,0.0005577124538831413,0.6915605664253235,0.6873236298561096,-0.009279416874051094,0.7512384653091431,0.6423448324203491,-0.016822686418890953,0.723375141620636,0.6470743417739868,-0.019218670204281807,0.6926177740097046,0.6678077578544617,-0.01864837482571602,0.7157148122787476,0.7610487937927246,-0.016565876081585884,0.7742114663124084,0.7091992497444153,-0.0168652031570673,0.7468501329421997,0.7081290483474731,-0.013012701645493507,0.7187703251838684,0.7299299240112305,-0.010337810032069683,0.7285982966423035,0.8327904939651489,-0.022652728483080864,0.786038339138031,0.7841154336929321,-0.02343829721212387,0.7619937658309937,0.7790416479110718,-0.013074403628706932,0.7339602112770081,0.797370970249176,-0.006401877850294113,0.7315928936004639,0.8986916542053223,-0.027891695499420166,0.7777644395828247,0.8540924191474915,-0.02689269185066223,0.7576389908790588,0.8469880819320679,-0.013407421298325062,0.7336287498474121,0.8633031249046326,-0.002064276020973921,sorry
0.4218394160270691,0.9469744563102722,-5.182579911888752e-07,0.4337736964225769,0.8362292647361755,-0.000697326089721173,0.485501229763031,0.7661165595054626,0.0031637728679925203,0.5365158319473267,0.7453410029411316,0.006695413030683994,0.5700355172157288,0.7544386386871338,0.012758823111653328,0.592663586139679,0.7805630564689636,0.019157597795128822,0.6001554727554321,0.7661316990852356,0.020289938896894455,0.5747076869010925,0.7822284698486328,0.01253932248800993,0.5521982908248901,0.7965870499610901,0.006628596689552069,0.6100986003875732,0.8465681672096252,0.016926944255828857,0.6124860048294067,0.829833447933197,0.026098430156707764,0.5863519906997681,0.8371593952178955,0.0206863135099411,0.5610051155090332,0.8491520881652832,0.014570760540664196,0.6097192168235779,0.9079233407974243,0.014064756222069263,0.6131349205970764,0.8910219073295593,0.018902476876974106,0.5900068879127502,0.8950203657150269,0.01778692565858364,0.5646700263023376,0.9071602821350098,0.015434847213327885,0.6008490920066833,0.9661937952041626,0.01060651894658804,0.6065093278884888,0.9500705003738403,0.015642784535884857,0.5863365530967712,0.9523153901100159,0.022645216435194016,0.5667366981506348,0.9596772789955139,0.02866494096815586,sorry
0.3526696264743805,0.7527751326560974,-5.136555500939721e-07,0.3733242154121399,0.6372578144073486,0.0008340371423400939,0.4240869879722595,0.5579053163528442,-0.0037731416523456573,0.48126116394996643,0.5158036351203918,-0.00905426125973463,0.5266634225845337,0.5015815496444702,-0.010570905171334743,0.47469186782836914,0.5877354741096497,-0.015071258880198002,0.5451506972312927,0.535144567489624,-0.025124073028564453,0.5178907513618469,0.543515145778656,-0.026447562500834465,0.4870360195636749,0.5648902654647827,-0.024075355380773544,0.500420868396759,0.6544151306152344,-0.02066170424222946,0.5698909759521484,0.5947778820991516,-0.02675090916454792,0.5435957908630371,0.6006978154182434,-0.024110620841383934,0.513112485408783,0.6257720589637756,-0.02035585604608059,0.5178510546684265,0.719797670841217,-0.024861188605427742,0.5833595395088196,0.6615791916847229,-0.02877434715628624,0.5596153140068054,0.6643193960189819,-0.017727360129356384,0.5305055975914001,0.6859398484230042,-0.009229547344148159,0.5258919596672058,0.7789162397384644,-0.028341984376311302,0.5814074277877808,0.7333741188049316,-0.02843518555164337,0.5611112117767334,0.7306299209594727,-0.015046092681586742,0.5362717509269714,0.7482043504714966,-0.0034507529344409704,sorry
0.4701569080352783,0.7047815322875977,-4.933751824864885e-07,0.48896753787994385,0.5945008397102356,0.016447639092803,0.5353661179542542,0.511326253414154,0.023468192666769028,0.5888856053352356,0.4664689898490906,0.028325870633125305,0.6267951726913452,0.4703090786933899,0.036133840680122375,0.5958709716796875,0.507407009601593,0.008943060413002968,0.6574594974517822,0.49177879095077515,0.016419410705566406,0.6410022377967834,0.5115570425987244,0.025003621354699135,0.6133149862289429,0.5256392359733582,0.03150484710931778,0.6251612901687622,0.5745017528533936,0.0008235113928094506,0.6792093515396118,0.5485424399375916,0.0143445348367095,0.6582238674163818,0.5646023750305176,0.024292100220918655,0.6298868060112,0.5799356698989868,0.0291192177683115,0.6443994045257568,0.6431981325149536,-0.004661933984607458,0.698533833026886,0.6117064356803894,0.0067424774169921875,0.679288387298584,0.6196315288543701,0.019235434010624886,0.6501884460449219,0.6330079436302185,0.0247481856495142,0.6521556973457336,0.7085233926773071,-0.008186389692127705,0.699462354183197,0.6761745810508728,0.002397747477516532,0.6810062527656555,0.679165244102478,0.01765277422964573,0.6556753516197205,0.6914263367652893,0.028452076017856598,sorry
0.471957266330719,0.8989097476005554,-4.7546839709866617e-07,0.500184178352356,0.7840155959129333,0.004546623211354017,0.553505539894104,0.6947460174560547,0.002151521621271968,0.6193072199821472,0.6585440635681152,-0.0016857102746143937,0.667120099067688,0.6659865975379944,-0.00245978613384068,0.6091629266738892,0.7428090572357178,-0.011271166615188122,0.690669059753418,0.6960269808769226,-0.018557149916887283,0.6751164793968201,0.6940144300460815,-0.01843266561627388,0.6465599536895752,0.7105951309204102,-0.015529057011008263,0.6341747641563416,0.817696750164032,-0.01816919818520546,0.7106682062149048,0.7640588283538818,-0.01706145517528057,0.6885432004928589,0.7588958740234375,-0.010791064240038395,0.6592703461647034,0.7755065560340881,-0.006553061306476593,0.6477681994438171,0.8883637189865112,-0.023718470707535744,0.7244551181793213,0.8382447361946106,-0.023669997230172157,0.7016993761062622,0.8287180066108704,-0.011331465095281601,0.6707174181938171,0.8421379923820496,-0.003270907560363412,0.650288462638855,0.9510787129402161,-0.02813124470412731,0.715032696723938,0.9108842015266418,-0.026091326028108597,0.6976699233055115,0.898644745349884,-0.01141192577779293,0.6699531078338623,0.9093915224075317,0.0005796102341264486,sorry
0.3719414174556732,0.7903322577476501,-4.7449776729990845e-07,0.40474581718444824,0.683728814125061,0.01253534946590662,0.4571232795715332,0.6029937267303467,0.012108235619962215,0.5108916759490967,0.5650700330734253,0.007010379806160927,0.5496364831924438,0.556900143623352,0.004538890440016985,0.5034066438674927,0.6035627126693726,0.002930986462160945,0.5839163661003113,0.595791757106781,-0.011738034896552563,0.5661696791648865,0.621374249458313,-0.021248798817396164,0.5313079357147217,0.6323548555374146,-0.024135153740644455,0.5232183933258057,0.6652575135231018,-0.01176096685230732,0.5981335043907166,0.6584872007369995,-0.016726749017834663,0.5797516703605652,0.683250367641449,-0.0176155436784029,0.5454543232917786,0.694389820098877,-0.018023628741502762,0.5392763018608093,0.734552264213562,-0.02591742016375065,0.606856644153595,0.7212004661560059,-0.027993055060505867,0.5875754952430725,0.7409372329711914,-0.016722161322832108,0.5538937449455261,0.7514430284500122,-0.00958908349275589,0.5469922423362732,0.8043126463890076,-0.039373353123664856,0.6055918335914612,0.7840740084648132,-0.03816012293100357,0.5849498510360718,0.7981508374214172,-0.022877467796206474,0.5560140609741211,0.8096764087677002,-0.010743816383183002,sorry
0.488243043422699,0.6600667238235474,-3.997614612671896e-07,0.5052605867385864,0.5420059561729431,0.01914404332637787,0.5489934682846069,0.4652782082557678,0.025830868631601334,0.5997769236564636,0.43164390325546265,0.028998490422964096,0.6347303986549377,0.4398953318595886,0.034478139132261276,0.6049047708511353,0.4457017183303833,0.012252085842192173,0.6596591472625732,0.4377228021621704,0.02296997234225273,0.652111291885376,0.4636475741863251,0.03514740988612175,0.6279269456863403,0.4801996350288391,0.043726563453674316,0.638001024723053,0.5029985904693604,0.001357048749923706,0.6857292056083679,0.4880114495754242,0.01762634702026844,0.6734820604324341,0.5123626589775085,0.027196582406759262,0.6488284468650818,0.5303199291229248,0.031026778742671013,0.6627293229103088,0.5666371583938599,-0.006417267024517059,0.708250880241394,0.5418626666069031,0.007157882675528526,0.6942692399024963,0.5597502589225769,0.018797697499394417,0.6683047413825989,0.5771499276161194,0.023079197853803635,0.674777626991272,0.630085289478302,-0.012370673939585686,0.7194237112998962,0.5988777279853821,-0.0005827504210174084,0.7048652768135071,0.609743595123291,0.015481406822800636,0.6819342970848083,0.62513267993927,0.02684135176241398,sorry
0.5349613428115845,0.7752895355224609,-5.209878395362466e-07,0.5549525618553162,0.6604400277137756,0.010512643493711948,0.6077681183815002,0.5700701475143433,0.015461512841284275,0.6686761379241943,0.5251492261886597,0.017635516822338104,0.7065061330795288,0.5352925062179565,0.022801151499152184,0.6770668625831604,0.5876824855804443,0.012759094126522541,0.7352497577667236,0.5565130114555359,0.014011712744832039,0.7147835493087769,0.5664578080177307,0.014941591769456863,0.6869082450866699,0.5830091238021851,0.016773028299212456,0.7022621035575867,0.6566888093948364,0.005573407281190157,0.7573322653770447,0.6130977272987366,0.012089799158275127,0.7359180450439453,0.6195315718650818,0.015144938603043556,0.7059814929962158,0.639194130897522,0.01716100238263607,0.7185324430465698,0.7242015600204468,-0.0004388095112517476,0.7708244919776917,0.6774486899375916,0.004180720541626215,0.752294659614563,0.6794721484184265,0.01103434432297945,0.7234054207801819,0.6956610083580017,0.015062353573739529,0.7249122858047485,0.7845408320426941,-0.005152374040335417,0.77081698179245,0.7409132719039917,-0.00013804140326101333,0.7537854909896851,0.7405912280082703,0.011264030821621418,0.7299355864524841,0.756588339805603,0.020731739699840546,sorry
0.38637495040893555,0.8971357345581055,-5.026984695177816e-07,0.4267953634262085,0.7878862619400024,0.0007333269459195435,0.4852733314037323,0.7090394496917725,-0.004785998724400997,0.5515931844711304,0.6823309659957886,-0.011587103828787804,0.5953155159950256,0.6995018720626831,-0.01440130453556776,0.5338334441184998,0.7674221396446228,-0.014692427590489388,0.6206617951393127,0.7307930588722229,-0.026781970635056496,0.5944945216178894,0.7279837131500244,-0.03045470267534256,0.5616539716720581,0.7399981617927551,-0.02986273542046547,0.5484236478805542,0.8412601351737976,-0.02164558507502079,0.6330172419548035,0.8003832101821899,-0.02783902734518051,0.6068395376205444,0.7946063280105591,-0.024867957457900047,0.5740547776222229,0.8081489205360413,-0.021129358559846878,0.5545901656150818,0.9090097546577454,-0.027663016691803932,0.632777750492096,0.8722411394119263,-0.03183335065841675,0.6090441942214966,0.8633933663368225,-0.019826557487249374,0.5762600302696228,0.873762309551239,-0.010582849383354187,0.5519934892654419,0.9690572619438171,-0.033258918672800064,0.6189227104187012,0.9404083490371704,-0.0341419093310833,0.6001654863357544,0.9295892715454102,-0.02011346071958542,0.5699291229248047,0.9390779733657837,-0.007860894314944744,sorry
0.4191014766693115,0.7094128131866455,-4.0808947687764885e-07,0.4406481385231018,0.6023131012916565,0.00927049107849598,0.4853880703449249,0.5291150212287903,0.007981400936841965,0.5402643084526062,0.4978741407394409,0.004873169120401144,0.5777876377105713,0.4995034337043762,0.004464741796255112,0.5468940734863281,0.5216497182846069,-0.00614980747923255,0.6147828698158264,0.5134032368659973,-0.010269582271575928,0.6014276742935181,0.5328821539878845,-0.010241281241178513,0.5738353133201599,0.5422163009643555,-0.008456474170088768,0.5726152062416077,0.5925346612930298,-0.014928361400961876,0.6326622366905212,0.5741170048713684,-0.009504920803010464,0.6163884401321411,0.5863217115402222,-0.0042559439316391945,0.5874693989753723,0.5976333022117615,-0.002358697820454836,0.588248074054718,0.664559543132782,-0.02177981473505497,0.6469792723655701,0.6390185356140137,-0.015967698767781258,0.6321271657943726,0.6424346566200256,-0.0047865803353488445,0.6039267182350159,0.6504554152488708,0.0005104964366182685,0.5934430956840515,0.7313199639320374,-0.027496399357914925,0.6464280486106873,0.7000308632850647,-0.020936088636517525,0.63474440574646,0.6955196261405945,-0.006568973883986473,0.6127191781997681,0.6992007493972778,0.004224611446261406,sorry
0.5337750911712646,0.7150706052780151,-3.244932997858996e-07,0.5627424120903015,0.5943004488945007,0.01593777909874916,0.6197357177734375,0.5259479284286499,0.018109986558556557,0.6788931488990784,0.5214769840240479,0.015395945869386196,0.7131649851799011,0.5514242649078369,0.014890446327626705,0.6697592735290527,0.48708298802375793,0.017268767580389977,0.7392815947532654,0.5111960768699646,0.013470916077494621,0.7280698418617249,0.5427684783935547,0.008825263008475304,0.699012041091919,0.5501505136489868,0.006421381141990423,0.698723554611206,0.5528022050857544,0.0030688936822116375,0.7561632990837097,0.5667500495910645,0.009139398112893105,0.7432236075401306,0.5935003161430359,0.009119268506765366,0.7158321142196655,0.6037108898162842,0.007241714745759964,0.720568060874939,0.6248061060905457,-0.010268730111420155,0.7696132063865662,0.6277154088020325,-0.0035031945444643497,0.7516403198242188,0.6488263607025146,0.005278248805552721,0.7229044437408447,0.6571288704872131,0.009040758945047855,0.7319890260696411,0.6961191892623901,-0.023034485056996346,0.7739664316177368,0.6869244575500488,-0.013377325609326363,0.752184271812439,0.7033768892288208,0.0029190387576818466,0.7256461381912231,0.7129213213920593,0.014919768087565899,sorry
0.40410518646240234,0.9015448689460754,-6.382265951287991e-07,0.4397958517074585,0.7891127467155457,0.004860877059400082,0.4990844130516052,0.7147120237350464,0.0029499060474336147,0.5636676549911499,0.6859923601150513,-0.0006207221886143088,0.6097061634063721,0.6957253217697144,-8.393730240641162e-05,0.5491986274719238,0.7795894145965576,-0.012888963334262371,0.6316108703613281,0.7306810021400452,-0.019750624895095825,0.604188859462738,0.7276358008384705,-0.016993220895528793,0.5727939605712891,0.745819628238678,-0.012079980224370956,0.5677710175514221,0.8536159992218018,-0.01924283243715763,0.649830162525177,0.8003696799278259,-0.023624172434210777,0.6232702136039734,0.7916229963302612,-0.01748161017894745,0.5928436517715454,0.8105118870735168,-0.011223893612623215,0.576867401599884,0.9198238849639893,-0.02378549799323082,0.6598080992698669,0.8725231885910034,-0.027643678709864616,0.6380830407142639,0.8604738116264343,-0.014852028340101242,0.6081268191337585,0.8744571208953857,-0.0041769808158278465,0.5764846801757812,0.9747129082679749,-0.02716699056327343,0.6490113735198975,0.9490535855293274,-0.026905329897999763,0.6425071358680725,0.9322038888931274,-0.013710252940654755,0.6213718056678772,0.9370347261428833,-0.0015536430291831493,sorry
0.3945469558238983,0.8078575134277344,-4.550684309378994e-07,0.4156699776649475,0.7001174688339233,0.007412470877170563,0.4650285243988037,0.6146017909049988,0.007657643873244524,0.5227197408676147,0.5783107876777649,0.0051208194345235825,0.5573517680168152,0.5763102769851685,0.005409884266555309,0.5283023715019226,0.6579286456108093,0.0030302261002361774,0.5986916422843933,0.6168056130409241,-0.0021177707239985466,0.5735423564910889,0.6176729798316956,-0.004645789973437786,0.5445190072059631,0.6352919936180115,-0.004192490130662918,0.5465689301490784,0.7248045802116394,-0.004859547596424818,0.614778459072113,0.6762586236000061,-0.005911651067435741,0.5916536450386047,0.6739713549613953,-0.005763513967394829,0.5618568062782288,0.694182813167572,-0.004370041657239199,0.5577734112739563,0.788070797920227,-0.011756631545722485,0.6186979413032532,0.7410473823547363,-0.011664684861898422,0.600619912147522,0.7362330555915833,-0.005748881958425045,0.5730037689208984,0.7528933882713318,-0.0009858463890850544,0.5622330904006958,0.8443509340286255,-0.017621418461203575,0.6191224455833435,0.8012472987174988,-0.01430683396756649,0.6039460301399231,0.7948578596115112,-0.003114044899120927,0.5782447457313538,0.8109225630760193,0.006496068090200424,sorry
0.5667979717254639,0.6695265769958496,-3.433507913541689e-07,0.5832265019416809,0.5550430417060852,0.01385736744850874,0.6305111646652222,0.4841867983341217,0.014000381343066692,0.6878427267074585,0.47686412930488586,0.010647915303707123,0.7255730032920837,0.5050086379051208,0.009377353824675083,0.6968377828598022,0.4468803405761719,0.005385736469179392,0.7560682892799377,0.46600133180618286,0.005557345692068338,0.7458884119987488,0.49988463521003723,0.006523592863231897,0.7227907180786133,0.512251079082489,0.006961757317185402,0.7278185486793518,0.5107454061508179,-0.007537282537668943,0.7799656391143799,0.5239529013633728,0.00032573295175097883,0.7649412751197815,0.5510371923446655,0.004226831253618002,0.7377355694770813,0.5646882057189941,0.004603076260536909,0.7495347261428833,0.5823270082473755,-0.01848863810300827,0.7982461452484131,0.5867233276367188,-0.010963779874145985,0.7799230217933655,0.6049485206604004,-0.0006160861812531948,0.7516635656356812,0.6160238981246948,0.003576504299417138,0.7593021988868713,0.6548997163772583,-0.02855054847896099,0.8019840121269226,0.6473020911216736,-0.019706258550286293,0.781922459602356,0.6596530675888062,-0.003537538694217801,0.7566890120506287,0.6707702279090881,0.008191118016839027,sorry
0.48800230026245117,0.8246880173683167,-4.052616588978708e-07,0.5098872184753418,0.7187069654464722,0.0006417073891498148,0.5616906881332397,0.6432675123214722,-0.004260710906237364,0.6193831562995911,0.6057093143463135,-0.009755928069353104,0.6643937826156616,0.5841540694236755,-0.011884561739861965,0.6164662837982178,0.6751207709312439,-0.01934816874563694,0.6971596479415894,0.6347464919090271,-0.03129275143146515,0.6865299940109253,0.6342888474464417,-0.03257628157734871,0.6566405892372131,0.647232174873352,-0.029040880501270294,0.6383729577064514,0.7458660006523132,-0.0256064310669899,0.7179970741271973,0.6976945400238037,-0.030561959370970726,0.7037685513496399,0.6955406069755554,-0.026958927512168884,0.6758213639259338,0.7111676931381226,-0.0234337467700243,0.6502200365066528,0.8143940567970276,-0.030742935836315155,0.7303820252418518,0.7706291675567627,-0.03565645590424538,0.7153061032295227,0.7648418545722961,-0.02506858855485916,0.6869683861732483,0.7765790224075317,-0.016936803236603737,0.6527760624885559,0.875504732131958,-0.035095516592264175,0.7187307476997375,0.8427442312240601,-0.0382968969643116,0.7107669711112976,0.8314839005470276,-0.027083134278655052,0.68951815366745,0.8378897905349731,-0.0165418554097414,sorry
0.3945886492729187,0.7410193681716919,-2.840005492998898e-07,0.4226146638393402,0.6238165497779846,0.003908495418727398,0.47300219535827637,0.5440303087234497,-0.0015846812166273594,0.5295192003250122,0.5093422532081604,-0.008882847614586353,0.5717408657073975,0.5097748041152954,-0.012448588386178017,0.5151069164276123,0.5319488048553467,-0.007958589121699333,0.585697591304779,0.5208543539047241,-0.01874616928398609,0.5674070119857788,0.550290584564209,-0.023961713537573814,0.538339376449585,0.5628756880760193,-0.024346068501472473,0.5401414632797241,0.6004234552383423,-0.017736302688717842,0.6090559363365173,0.5820260643959045,-0.02311680279672146,0.5875704884529114,0.6065438985824585,-0.02394406870007515,0.5539337992668152,0.6243262887001038,-0.022582856938242912,0.5620514154434204,0.6729074716567993,-0.02654235251247883,0.6228368282318115,0.6485796570777893,-0.026939650997519493,0.6039680242538452,0.6642518639564514,-0.017927046865224838,0.5728713870048523,0.6809263229370117,-0.011045158840715885,0.5769931077957153,0.742683470249176,-0.03499830141663551,0.6301338076591492,0.7056743502616882,-0.030476506799459457,0.6121134757995605,0.7132622003555298,-0.015671685338020325,0.586250901222229,0.7303001880645752,-0.003138311905786395,sorry
0.511523425579071,0.688405454158783,-4.349862763319834e-07,0.5247839093208313,0.5782900452613831,0.023219658061861992,0.5680191516876221,0.5014619827270508,0.03103714808821678,0.6195006370544434,0.46456772089004517,0.03411329165101051,0.6518698930740356,0.4571966528892517,0.03930751979351044,0.6335912346839905,0.46032553911209106,0.016513831913471222,0.6967382431030273,0.4635297358036041,0.02499323897063732,0.6907098293304443,0.49591130018234253,0.033485446125268936,0.6663973331451416,0.5120487213134766,0.03941315412521362,0.666023313999176,0.5155569314956665,0.001941572641953826,0.7210217118263245,0.5174498558044434,0.019674867391586304,0.7079205513000488,0.546079158782959,0.029037795960903168,0.6814150214195251,0.5598320960998535,0.031404852867126465,0.688570499420166,0.5808842182159424,-0.009824281558394432,0.7417171597480774,0.5676651000976562,0.004794075153768063,0.7255194187164307,0.5903509855270386,0.018290501087903976,0.6974932551383972,0.6039352416992188,0.022640883922576904,0.6985968351364136,0.6481561660766602,-0.019792549312114716,0.748422384262085,0.6240781545639038,-0.006768048740923405,0.7309005260467529,0.6386244297027588,0.011495267041027546,0.7043065428733826,0.6495158076286316,0.023506518453359604,sorry
0.49104997515678406,0.7951874732971191,-4.7598112473679066e-07,0.5121254324913025,0.6823606491088867,0.01080468948930502,0.5571690201759338,0.6017250418663025,0.010139601305127144,0.616931140422821,0.5615148544311523,0.008154642768204212,0.6611127853393555,0.5627029538154602,0.010131328366696835,0.6126523613929749,0.6133832931518555,-0.01129013579338789,0.6871417760848999,0.5924097895622253,-0.012962407432496548,0.669700026512146,0.607764482498169,-0.005465987138450146,0.6377984285354614,0.6203517913818359,0.0021186801604926586,0.6385956406593323,0.6825856566429138,-0.019377553835511208,0.7127872109413147,0.6527173519134521,-0.015720704570412636,0.6926678419113159,0.6642941236495972,-0.005500928033143282,0.6598817706108093,0.6764575839042664,0.0010464269435033202,0.6558747291564941,0.7527179718017578,-0.024709759280085564,0.7241455316543579,0.7196369171142578,-0.020362429320812225,0.7060579061508179,0.726550281047821,-0.005817696917802095,0.6752479672431946,0.7362335920333862,0.0024597442243248224,0.6620877385139465,0.8181328177452087,-0.028471998870372772,0.7227250933647156,0.7936241030693054,-0.024730293080210686,0.7104940414428711,0.792080283164978,-0.0111734289675951,0.6872351169586182,0.7953863739967346,-0.0005994766834191978,sorry
0.4235159158706665,0.7801145315170288,-5.327194116944156e-07,0.4405847191810608,0.6590250730514526,-0.003592038294300437,0.48889708518981934,0.5733022689819336,-0.007480067666620016,0.5516882538795471,0.5322160720825195,-0.011374559253454208,0.5989048480987549,0.5265201926231384,-0.011776481755077839,0.5598528981208801,0.6431411504745483,-0.016537120565772057,0.6238815188407898,0.559325098991394,-0.021537942811846733,0.5954186320304871,0.5365532040596008,-0.01942506805062294,0.5685798525810242,0.5543792843818665,-0.01620563305914402,0.5851328372955322,0.7093684673309326,-0.018256276845932007,0.6546844244003296,0.6212063431739807,-0.02278123050928116,0.6276805996894836,0.5933753848075867,-0.017970910295844078,0.600668728351593,0.6091334819793701,-0.012954998761415482,0.594427227973938,0.7630006074905396,-0.01882416196167469,0.6626819372177124,0.6846780776977539,-0.02224458009004593,0.641963005065918,0.6578614115715027,-0.012231927365064621,0.6175095438957214,0.6691630482673645,-0.004062827210873365,0.5946081876754761,0.802828848361969,-0.019037235528230667,0.6555286645889282,0.7451160550117493,-0.01797555945813656,0.6463876962661743,0.7202533483505249,-0.0066503435373306274,0.6275041103363037,0.7256333827972412,0.003158237086609006,sorry
0.4704977869987488,0.6760147213935852,-5.69086012092157e-07,0.4784359335899353,0.555696427822113,-0.0007935142493806779,0.5264537334442139,0.4684995412826538,0.0008801143267191947,0.5798871517181396,0.42546674609184265,0.0021945578046143055,0.6160913705825806,0.41411733627319336,0.006544163916260004,0.6042081713676453,0.5148113369941711,-0.004416353534907103,0.6506729125976562,0.4361298084259033,-0.005065015517175198,0.6248084306716919,0.4272885322570801,-0.0019352115923538804,0.6018737554550171,0.4496568739414215,0.001473043579608202,0.631864607334137,0.5772275924682617,-0.006167334970086813,0.6788471937179565,0.49670130014419556,-0.004526547621935606,0.6512619256973267,0.48263829946517944,-7.564469706267118e-05,0.6282006502151489,0.5055599808692932,0.0035583011340349913,0.6452234387397766,0.6327613592147827,-0.0070841507986187935,0.6930736899375916,0.5582461357116699,-0.007682592608034611,0.6701470613479614,0.541769802570343,-0.0010692999931052327,0.6478188633918762,0.5607988834381104,0.0035917507484555244,0.6481119394302368,0.6779155135154724,-0.00744386063888669,0.6868864893913269,0.6189360022544861,-0.0069763436913490295,0.671716570854187,0.600104570388794,0.0017285651993006468,0.6521628499031067,0.6124157905578613,0.009551861323416233,sorry
0.6052995920181274,0.7231340408325195,-4.900942940366804e-07,0.6154634952545166,0.6084492206573486,0.007442253641784191,0.6569265127182007,0.5258216857910156,0.006585216615349054,0.7085079550743103,0.4846036434173584,0.0037577850744128227,0.744415283203125,0.485748291015625,0.0033256011083722115,0.7243466377258301,0.522982120513916,-0.009244219399988651,0.7909641265869141,0.4959163963794708,-0.013046550564467907,0.7762012481689453,0.5198189616203308,-0.010996410623192787,0.7483355402946472,0.5381370186805725,-0.007775591686367989,0.7571138739585876,0.5903132557868958,-0.01845613867044449,0.8155872821807861,0.5567231774330139,-0.015152372419834137,0.7977065443992615,0.5731772780418396,-0.009740820154547691,0.7692337036132812,0.5941358804702759,-0.006455215159803629,0.7797167301177979,0.6599149107933044,-0.025552107021212578,0.8324469327926636,0.6217300891876221,-0.023039720952510834,0.8142396211624146,0.6316849589347839,-0.01168431993573904,0.7872059941291809,0.6506692171096802,-0.004789332393556833,0.7900702953338623,0.7266516089439392,-0.03159445524215698,0.837884247303009,0.6880276799201965,-0.027019986882805824,0.8211196660995483,0.6914357542991638,-0.011314206756651402,0.7985949516296387,0.7079092264175415,0.001218230463564396,sorry
0.5285323262214661,0.8256536722183228,-4.668408450925199e-07,0.5583884119987488,0.7235656380653381,0.024565355852246284,0.6120675206184387,0.6528768539428711,0.02980254590511322,0.6697195172309875,0.617902934551239,0.029022010043263435,0.7067886590957642,0.5916188359260559,0.030070483684539795,0.6749512553215027,0.6429703831672668,0.008520013652741909,0.7537296414375305,0.6399329304695129,0.004119695629924536,0.7509337663650513,0.670233964920044,0.005765148904174566,0.7236728668212891,0.687120258808136,0.009976509027183056,0.69330233335495,0.7009249329566956,-0.010602383874356747,0.7744148373603821,0.7020245790481567,-0.008149903267621994,0.7639658451080322,0.7299025654792786,-0.0029315813444554806,0.7327175140380859,0.7385798096656799,0.00011098969844169915,0.704116940498352,0.7684744596481323,-0.027167603373527527,0.7862129211425781,0.7612113952636719,-0.02393067441880703,0.772375762462616,0.7810522317886353,-0.009462051093578339,0.7427882552146912,0.7866631150245667,-0.0011249996023252606,0.7048521041870117,0.8399561643600464,-0.04161281883716583,0.781478226184845,0.8220357298851013,-0.035942841321229935,0.7704281210899353,0.8292365074157715,-0.018055226653814316,0.7452704310417175,0.831356942653656,-0.004837301094084978,sorry
0.41915929317474365,0.7733749151229858,-2.874321012313885e-07,0.4571046233177185,0.6827350854873657,0.01690736971795559,0.5211499333381653,0.6170876026153564,0.015535471960902214,0.5839678049087524,0.5936824679374695,0.009735875762999058,0.6331406831741333,0.5934203863143921,0.006482832599431276,0.5662019848823547,0.6051385402679443,-0.0074475109577178955,0.6571739912033081,0.6266608238220215,-0.01765744574368,0.6554468274116516,0.6472851634025574,-0.015821419656276703,0.6328319907188416,0.6526801586151123,-0.01062961295247078,0.5767591595649719,0.6580232977867126,-0.023984041064977646,0.6744880080223083,0.6774279475212097,-0.029915520921349525,0.6610838174819946,0.6980955004692078,-0.020813697949051857,0.6303119659423828,0.700314998626709,-0.012452217750251293,0.5805277228355408,0.7214616537094116,-0.03845338150858879,0.6730946898460388,0.7297959327697754,-0.03965069353580475,0.6556186079978943,0.7441576719284058,-0.020058253780007362,0.6268556118011475,0.7452908158302307,-0.00632863026112318,0.574420154094696,0.7892245054244995,-0.051524221897125244,0.6582050323486328,0.785179853439331,-0.04485337808728218,0.6462011933326721,0.7879292368888855,-0.024064458906650543,0.6207461357116699,0.7869764566421509,-0.008542349562048912,sorry
0.5108094215393066,0.6079326272010803,-4.381555243071489e-07,0.5244203805923462,0.5001646280288696,0.01499705109745264,0.5688056349754333,0.4293316602706909,0.019579272717237473,0.6216922998428345,0.39221838116645813,0.023401927202939987,0.6573106050491333,0.383880615234375,0.03050641156733036,0.6340988278388977,0.42413175106048584,-0.00613357312977314,0.6977450847625732,0.4041239321231842,0.0022803288884460926,0.6868131160736084,0.4246369004249573,0.01730281114578247,0.6601741313934326,0.4392583966255188,0.02946092002093792,0.6612550020217896,0.49049317836761475,-0.013466582633554935,0.7223983407020569,0.46265044808387756,-0.0007442428031936288,0.7074224352836609,0.4763442873954773,0.012937472201883793,0.6799178123474121,0.49117761850357056,0.021174611523747444,0.6770046353340149,0.5593499541282654,-0.016910186037421227,0.7397477626800537,0.5243022441864014,-0.006001174915581942,0.7266293168067932,0.5286997556686401,0.008650860749185085,0.7007301449775696,0.5384680032730103,0.016150183975696564,0.6794496774673462,0.6240217089653015,-0.01819431781768799,0.7365590929985046,0.5967036485671997,-0.008925001136958599,0.7285671234130859,0.591485321521759,0.006336709018796682,0.7085838317871094,0.5941885709762573,0.017611388117074966,sorry
0.5385823845863342,0.8042163848876953,-6.596871457986708e-07,0.5667628645896912,0.6817187666893005,0.0024114856496453285,0.626573920249939,0.6080574989318848,-0.0018169056857004762,0.691485583782196,0.5751383304595947,-0.006772195920348167,0.7400048971176147,0.5710241198539734,-0.008265435695648193,0.6869379878044128,0.6558599472045898,-0.01995585486292839,0.759732723236084,0.606324315071106,-0.02890082821249962,0.7288182377815247,0.6031997799873352,-0.02929665893316269,0.6979155540466309,0.6210537552833557,-0.027017785236239433,0.7060010433197021,0.7331456542015076,-0.026910660788416862,0.775585949420929,0.6780141592025757,-0.029092732816934586,0.7437472939491272,0.6717583537101746,-0.02311110869050026,0.7128862738609314,0.6938692331314087,-0.018756255507469177,0.7147362232208252,0.803461492061615,-0.032003894448280334,0.7857692837715149,0.7549483776092529,-0.034023724496364594,0.7592378258705139,0.7432568669319153,-0.020324768498539925,0.728312611579895,0.7615693211555481,-0.011063581332564354,0.7148714661598206,0.8644447922706604,-0.036208655685186386,0.7789017558097839,0.824333906173706,-0.03468434512615204,0.7601065635681152,0.8097913861274719,-0.01865624450147152,0.7338095307350159,0.8228303790092468,-0.005649381782859564,sorry
0.35501930117607117,0.7692527770996094,-5.203165187595005e-07,0.38817307353019714,0.665508508682251,0.0029029021970927715,0.448429673910141,0.5859276056289673,-0.0004129284934606403,0.5125501155853271,0.555160641670227,-0.006205567624419928,0.5567318201065063,0.5614829063415527,-0.00816820003092289,0.4932610094547272,0.6152124404907227,-0.004175132140517235,0.5752773284912109,0.5965755581855774,-0.02026449330151081,0.5511994361877441,0.6092287302017212,-0.029102718457579613,0.5129407644271851,0.61876380443573,-0.030680615454912186,0.5120705962181091,0.6822129487991333,-0.012847155332565308,0.586683452129364,0.6618292331695557,-0.020821494981646538,0.5630061030387878,0.6730365753173828,-0.02306058071553707,0.5255938172340393,0.6836491823196411,-0.022771872580051422,0.5250692367553711,0.7509697675704956,-0.021597210317850113,0.5946742296218872,0.7320325970649719,-0.027718491852283478,0.5726717710494995,0.7388905882835388,-0.02066764421761036,0.5370741486549377,0.7463546991348267,-0.01463244203478098,0.5301293730735779,0.8140084147453308,-0.030008943751454353,0.5856673121452332,0.7939408421516418,-0.0341697596013546,0.5638525485992432,0.7975654006004333,-0.024105703458189964,0.5352755784988403,0.8072404861450195,-0.014126460067927837,sorry
0.6088839769363403,0.7002052664756775,-3.454003376646142e-07,0.6077741980552673,0.6022209525108337,0.00871300045400858,0.5653700828552246,0.5267456769943237,0.013715988956391811,0.5166904926300049,0.49048006534576416,0.01669725775718689,0.4762565791606903,0.4912859797477722,0.01953716389834881,0.490060418844223,0.5200249552726746,0.0016399247106164694,0.42943209409713745,0.5125612020492554,-0.003574641887098551,0.4374311566352844,0.5464383959770203,-0.006764688063412905,0.4626901149749756,0.5650620460510254,-0.007210119161754847,0.46411073207855225,0.5754173994064331,-0.004188631661236286,0.4025131165981293,0.569132387638092,-0.0048705716617405415,0.4203774631023407,0.601163923740387,-0.00115420192014426,0.44915926456451416,0.6131771206855774,0.0014582506846636534,0.44831129908561707,0.6388058662414551,-0.008935223333537579,0.38713908195495605,0.6291863918304443,-0.01108783483505249,0.4072483777999878,0.6539871096611023,-0.002273774007335305,0.43769171833992004,0.6640148162841797,0.0038199431728571653,0.44174274802207947,0.704250693321228,-0.012265753000974655,0.3874455392360687,0.6938758492469788,-0.013134222477674484,0.4019041657447815,0.707882285118103,-0.002021883148699999,0.42880675196647644,0.7151824235916138,0.007780092302709818,sorry
0.4909018278121948,0.7549288272857666,-1.6251996726168727e-07,0.4877827763557434,0.6443802118301392,0.004363488871604204,0.44461125135421753,0.5730602145195007,0.003929681610316038,0.4010451138019562,0.5794138312339783,0.0028274606447666883,0.3718571364879608,0.6212284564971924,-8.565817552153021e-05,0.36305755376815796,0.5535063147544861,0.001363098039291799,0.3731147050857544,0.5698752403259277,-0.007928159087896347,0.39661160111427307,0.5977516174316406,-0.021897513419389725,0.4166516363620758,0.6172101497650146,-0.03151760622859001,0.3244820833206177,0.6152181029319763,-0.004916818346828222,0.3352473974227905,0.6253697872161865,0.0002071290509775281,0.3579605221748352,0.6476238369941711,-0.0016218054806813598,0.3810477554798126,0.6663275957107544,-0.0070400843396782875,0.30619341135025024,0.6908100843429565,-0.010451811365783215,0.3107806444168091,0.6937466859817505,-0.007553898263722658,0.33740556240081787,0.7106460332870483,-0.004150893539190292,0.3623761236667633,0.7232303023338318,-0.005642341915518045,0.3041435480117798,0.7643646597862244,-0.01546536386013031,0.30828067660331726,0.769024670124054,-0.013935815542936325,0.335537850856781,0.7771002650260925,-0.005174052435904741,0.3568275272846222,0.783420205116272,0.0012613506987690926,sorry
0.6728991270065308,0.8525579571723938,-3.3107016861322336e-07,0.655460000038147,0.7371280193328857,0.0033080477733165026,0.5938849449157715,0.6842367649078369,0.005045672412961721,0.5372223854064941,0.6979426741600037,0.006077494006603956,0.5042756795883179,0.7371507883071899,0.0075675020925700665,0.5087414979934692,0.6844081878662109,0.004095853306353092,0.4873105585575104,0.7146068811416626,-0.0034616023767739534,0.5131944417953491,0.735794186592102,-0.014670170843601227,0.5391644239425659,0.7390842437744141,-0.0223986878991127,0.48149374127388,0.7515549063682556,-0.0015067079802975059,0.4734721779823303,0.7717827558517456,-0.00033264647936448455,0.5022514462471008,0.7898013591766357,-0.0036970567889511585,0.5325034260749817,0.7919539213180542,-0.007122544106096029,0.4722001552581787,0.8263638615608215,-0.006501011550426483,0.47124963998794556,0.8410581946372986,-0.003991599194705486,0.49988245964050293,0.8505920171737671,-0.001411932404153049,0.5279254913330078,0.8465772271156311,-0.002165410667657852,0.47309672832489014,0.8967632055282593,-0.011741125956177711,0.4811393618583679,0.911375880241394,-0.011839676648378372,0.5106815099716187,0.9156289100646973,-0.006091057322919369,0.5331916213035583,0.9116467237472534,-0.0004948576679453254,sorry
0.552094042301178,0.639854371547699,-2.0229722963449603e-07,0.5564732551574707,0.5397921800613403,0.008354438468813896,0.5211682319641113,0.4618534743785858,0.011856643483042717,0.4768424332141876,0.4322468638420105,0.012895026244223118,0.44028133153915405,0.4495009779930115,0.013478783890604973,0.4492662250995636,0.444163978099823,0.00581764243543148,0.3982396721839905,0.43824219703674316,0.002311382908374071,0.40671586990356445,0.4702848196029663,-0.0021419913973659277,0.43093445897102356,0.4885978400707245,-0.004210270009934902,0.41752156615257263,0.49392735958099365,-0.001158535829745233,0.36899426579475403,0.4869329333305359,0.0018553859554231167,0.38512372970581055,0.5192533135414124,0.004260040353983641,0.413711816072464,0.5364900231361389,0.004984715487807989,0.39659327268600464,0.5533283948898315,-0.0071933758445084095,0.3503330945968628,0.5410886406898499,-0.006061611231416464,0.36816027760505676,0.5685416460037231,0.0013716684188693762,0.3971688449382782,0.5827827453613281,0.005197899881750345,0.3848843574523926,0.6148069500923157,-0.012196909636259079,0.342909574508667,0.6002142429351807,-0.012018071487545967,0.35956060886383057,0.619382917881012,-0.0009689818252809346,0.3862460255622864,0.633433997631073,0.008463711477816105,sorry
0.4976257085800171,0.8577631711959839,-2.780082581921306e-07,0.5050413012504578,0.7390782237052917,0.0011218778090551496,0.45765799283981323,0.6626280546188354,0.0030841801781207323,0.40879496932029724,0.6542165875434875,0.004310251213610172,0.3754847049713135,0.6819383502006531,0.005076978821307421,0.3572411835193634,0.6329619884490967,0.009016490541398525,0.3715812563896179,0.6406416893005371,0.0028471050318330526,0.3980664014816284,0.6660272479057312,-0.01060926727950573,0.4136810898780823,0.6871880292892456,-0.021499795839190483,0.3215750455856323,0.7007407546043396,0.003363254712894559,0.33675986528396606,0.7044147849082947,0.0067228954285383224,0.36466291546821594,0.7247083187103271,0.0016768721397966146,0.38461291790008545,0.7459021210670471,-0.005252703092992306,0.3058527708053589,0.781383752822876,-0.002358658006414771,0.3155496120452881,0.7731764316558838,-0.0019047900568693876,0.3443301022052765,0.7847762703895569,-0.0002663942868821323,0.3664869964122772,0.800679624080658,-0.0019052950665354729,0.3042457699775696,0.8593198657035828,-0.008230585604906082,0.3091672360897064,0.8432846069335938,-0.008914255537092686,0.33731546998023987,0.8495208024978638,-0.0006478551658801734,0.3560848534107208,0.8624783158302307,0.006101262755692005,sorry
0.6535248160362244,0.7703493237495422,-2.239351459820682e-07,0.6576723456382751,0.6509139537811279,0.0006555125582963228,0.6069238185882568,0.5727347135543823,0.0032134903594851494,0.5562304854393005,0.5545626282691956,0.0054578413255512714,0.521994948387146,0.5675798654556274,0.0077424743212759495,0.49050575494766235,0.5758206248283386,0.00509002385661006,0.5030827522277832,0.5776753425598145,-0.0008125602616928518,0.5341996550559998,0.5945361852645874,-0.013700777664780617,0.552949070930481,0.6123811602592468,-0.023168984800577164,0.4664260149002075,0.6451049447059631,0.0006107446388341486,0.4801645278930664,0.6388086676597595,0.006574833299964666,0.5105260610580444,0.6491658091545105,0.003957596141844988,0.5326761603355408,0.670109212398529,-0.0019201423274353147,0.46296226978302,0.7205450534820557,-0.003636303823441267,0.46893227100372314,0.705582320690155,-0.0005305704544298351,0.4972371459007263,0.7116965055465698,0.003911955282092094,0.5209639072418213,0.7286915183067322,0.0035724372137337923,0.47093331813812256,0.7911901473999023,-0.008145518600940704,0.4680081307888031,0.7714511156082153,-0.007052834611386061,0.49336662888526917,0.7748467326164246,0.0029723711777478456,0.5124503970146179,0.7892207503318787,0.01074586994946003,sorry
0.5491114258766174,0.6886565089225769,-5.078178233475228e-08,0.5596287846565247,0.5622870326042175,-0.011484988033771515,0.5235164165496826,0.47064393758773804,-0.01584050804376602,0.46784263849258423,0.4288707375526428,-0.01850438304245472,0.4232725203037262,0.4355374574661255,-0.018587464466691017,0.4215434491634369,0.508247435092926,-0.008637149818241596,0.40018558502197266,0.4451274275779724,-0.020258048549294472,0.43480512499809265,0.4532884955406189,-0.032443732023239136,0.45834261178970337,0.4790455102920532,-0.039503131061792374,0.391571044921875,0.5663689374923706,-0.007106856442987919,0.3786137104034424,0.49786898493766785,-0.00963964406400919,0.40749484300613403,0.4996066391468048,-0.01447188388556242,0.428367555141449,0.5283456444740295,-0.01931189000606537,0.3803107440471649,0.6196236610412598,-0.006240170914679766,0.3693653345108032,0.5539277791976929,-0.006766568403691053,0.39312052726745605,0.553375244140625,-0.002055963035672903,0.41260504722595215,0.5798528790473938,-0.0006156750023365021,0.3799450695514679,0.6643237471580505,-0.006557725369930267,0.3678673505783081,0.6024014353752136,-0.006182324606925249,0.38751813769340515,0.6014514565467834,0.0029995376244187355,0.40426409244537354,0.6257181167602539,0.010444817133247852,sorry
0.4851250946521759,0.7816174030303955,-3.564832411484531e-07,0.4845738112926483,0.6765866875648499,-0.002319490071386099,0.43374645709991455,0.5995979309082031,-0.003249288769438863,0.37984442710876465,0.5788434147834778,-0.004777396097779274,0.34167349338531494,0.6033980250358582,-0.005843080580234528,0.3570915460586548,0.599196195602417,-0.004298136569559574,0.3055039942264557,0.6040454506874084,-0.015448753722012043,0.3240359425544739,0.6326397061347961,-0.025453535839915276,0.3531259298324585,0.646678626537323,-0.030357785522937775,0.3258635103702545,0.6648975014686584,-0.0075976429507136345,0.27979418635368347,0.6664807200431824,-0.010567285120487213,0.3034551739692688,0.6903178095817566,-0.011805458925664425,0.33521002531051636,0.7010834813117981,-0.012700848281383514,0.30903398990631104,0.735837459564209,-0.011179868131875992,0.2637330889701843,0.7320806980133057,-0.013619039207696915,0.2874401807785034,0.7483401894569397,-0.008920102380216122,0.3191153109073639,0.755069375038147,-0.0062141274102032185,0.3039851784706116,0.8029868602752686,-0.01471022143959999,0.26653605699539185,0.7970997095108032,-0.014828012324869633,0.2872564494609833,0.8076296448707581,-0.005105852615088224,0.31482982635498047,0.8137305378913879,0.0033574614208191633,sorry
0.6246766448020935,0.881497323513031,-2.6201141167803144e-07,0.6087784767150879,0.7814770936965942,0.009923464618623257,0.5495004653930664,0.7304217219352722,0.01799906976521015,0.49942609667778015,0.7206133604049683,0.024558965116739273,0.47089484333992004,0.7342246174812317,0.030781881883740425,0.4383256137371063,0.7351404428482056,0.025023890659213066,0.443992555141449,0.7681642174720764,0.02820897288620472,0.4702273905277252,0.7830736041069031,0.01839180663228035,0.49131420254707336,0.7840552926063538,0.010409645736217499,0.41613274812698364,0.8016417622566223,0.01998823508620262,0.42659181356430054,0.8275637030601501,0.03194516524672508,0.4554724097251892,0.8376899361610413,0.02658192440867424,0.481902152299881,0.8393303751945496,0.020325718447566032,0.4146941304206848,0.8743348717689514,0.016165370121598244,0.4200189709663391,0.8893935084342957,0.02551734820008278,0.44821909070014954,0.8929194211959839,0.025014521554112434,0.4732729196548462,0.8909991383552551,0.021880462765693665,0.425339937210083,0.9397029876708984,0.012817317619919777,0.42637646198272705,0.9488877654075623,0.01934817060828209,0.4551279842853546,0.9493429064750671,0.027340343222022057,0.47698020935058594,0.9475036859512329,0.034308984875679016,sorry
0.5473533868789673,0.6514560580253601,-1.8655713063253643e-07,0.5513855218887329,0.5466504693031311,0.008811326697468758,0.5126388669013977,0.4670697748661041,0.012422613799571991,0.468222051858902,0.4300745129585266,0.01414127741008997,0.438230037689209,0.44077664613723755,0.01570211350917816,0.4449653923511505,0.46718302369117737,-0.002038371516391635,0.38979053497314453,0.4472675323486328,-0.007036704104393721,0.40643203258514404,0.47159868478775024,-0.010973499156534672,0.43442192673683167,0.48936736583709717,-0.011877166107296944,0.41640716791152954,0.5236954689025879,-0.008158059790730476,0.36656439304351807,0.4991566836833954,-0.0056694368831813335,0.38843128085136414,0.5230531692504883,-0.0017266097711399198,0.4173232614994049,0.5417017936706543,0.00016568679711781442,0.3967644274234772,0.5853264927864075,-0.012772529385983944,0.34838807582855225,0.5554115772247314,-0.010357077233493328,0.369126558303833,0.5737742781639099,-0.0012162482598796487,0.39840754866600037,0.5900026559829712,0.003610120387747884,0.38583263754844666,0.644817590713501,-0.016213171184062958,0.34137195348739624,0.6158429384231567,-0.014627289958298206,0.35906991362571716,0.6283262372016907,-0.002919744234532118,0.3855349123477936,0.643334150314331,0.006560890004038811,sorry
0.49663081765174866,0.8247042894363403,-1.4871197606680653e-07,0.5016921162605286,0.6973578333854675,0.011679394170641899,0.442939817905426,0.6204037070274353,0.024235188961029053,0.39412587881088257,0.6093633770942688,0.03495542332530022,0.36532893776893616,0.6334097385406494,0.04420366883277893,0.33745747804641724,0.6289554238319397,0.026103252544999123,0.3487509489059448,0.6334898471832275,0.033563725650310516,0.3774380385875702,0.6434621214866638,0.02793620340526104,0.39877888560295105,0.65285325050354,0.021392956376075745,0.31357571482658386,0.7016679048538208,0.02083754725754261,0.32364535331726074,0.6980155110359192,0.03824758157134056,0.3527470827102661,0.704105019569397,0.03809618949890137,0.3777932822704315,0.720399022102356,0.032296862453222275,0.31165602803230286,0.7799579501152039,0.01645023003220558,0.3175607919692993,0.7667953968048096,0.026987290009856224,0.34374314546585083,0.7663362622261047,0.02740856632590294,0.3691956102848053,0.7791624069213867,0.023143669590353966,0.3228434920310974,0.8467134237289429,0.012984372675418854,0.3278573751449585,0.825523316860199,0.019417962059378624,0.34940198063850403,0.8245896100997925,0.02564752660691738,0.3659623861312866,0.8357100486755371,0.029009193181991577,sorry
0.6393541097640991,0.7677012085914612,-1.607050847951541e-07,0.623678982257843,0.6511934995651245,0.003860929748043418,0.5641564726829529,0.5962440967559814,0.007861737161874771,0.5101574659347534,0.6129211783409119,0.011062861420214176,0.4833926558494568,0.6595016717910767,0.013849952258169651,0.464228093624115,0.6029243469238281,0.015286301262676716,0.46975457668304443,0.6315960884094238,0.014898319728672504,0.4975475072860718,0.6492006778717041,0.004336400888860226,0.5211203694343567,0.6526648998260498,-0.004054182209074497,0.4378776252269745,0.6649871468544006,0.011285519227385521,0.4453645944595337,0.6847134232521057,0.022385822609066963,0.47375547885894775,0.6981338858604431,0.019161932170391083,0.5025216341018677,0.7041867971420288,0.01365889422595501,0.4318593144416809,0.7336000800132751,0.00794879999011755,0.43821847438812256,0.7459778785705566,0.015177328139543533,0.4668762683868408,0.752983808517456,0.01626245304942131,0.49413028359413147,0.7533015608787537,0.013894503936171532,0.43720051646232605,0.7969949245452881,0.004569633398205042,0.4411625266075134,0.8084877729415894,0.008617484010756016,0.469410240650177,0.8122932314872742,0.016832396388053894,0.4924567937850952,0.8134158253669739,0.023625414818525314,sorry
0.49273979663848877,0.7250295877456665,1.7235765037426631e-09,0.4909130036830902,0.5826017260551453,-0.0066038332879543304,0.438333123922348,0.49219629168510437,-0.00840466283261776,0.387088418006897,0.48545777797698975,-0.009911204688251019,0.3634244203567505,0.5265078544616699,-0.010683450847864151,0.3361997902393341,0.5544406771659851,0.001977805746719241,0.3356182277202606,0.4911993443965912,-0.009250081144273281,0.3712316155433655,0.4971764385700226,-0.024884872138500214,0.39155325293540955,0.5238032937049866,-0.03550871089100838,0.31492936611175537,0.6203985810279846,0.0002719565818551928,0.31647568941116333,0.5512345433235168,-0.0048117018304765224,0.3502192497253418,0.5488214492797852,-0.014171954244375229,0.37052467465400696,0.5776195526123047,-0.02171175926923752,0.31444865465164185,0.6802254319190979,-0.0021438756957650185,0.3068374991416931,0.6114793419837952,-0.0055678109638392925,0.33606433868408203,0.6017776131629944,-0.004564893431961536,0.3559153974056244,0.6225759983062744,-0.004796919412910938,0.3249247074127197,0.7272158861160278,-0.004988003987818956,0.31208088994026184,0.6657392978668213,-0.005587535910308361,0.3349076807498932,0.6524009704589844,0.003100848291069269,0.35147514939308167,0.6644546985626221,0.00996329728513956,sorry
0.5463641881942749,0.9140611886978149,-1.2330477261457418e-07,0.5382599234580994,0.7876303791999817,-0.015616008080542088,0.47723570466041565,0.7162778377532959,-0.018668482080101967,0.4117664396762848,0.6916676759719849,-0.01977861486375332,0.3626784086227417,0.682926595211029,-0.016201922670006752,0.3917466998100281,0.7964581847190857,-0.006099038757383823,0.3397757411003113,0.721625804901123,-0.019790181890130043,0.3765645921230316,0.7146141529083252,-0.03011777251958847,0.40695375204086304,0.7393468618392944,-0.033949218690395355,0.37277430295944214,0.8572971224784851,-0.0013302903389558196,0.32354357838630676,0.7765319347381592,-0.00692380266264081,0.3539007604122162,0.7626854777336121,-0.010411703959107399,0.3811560571193695,0.7865844964981079,-0.012054895050823689,0.36926695704460144,0.9032865166664124,0.0014308411628007889,0.3222927749156952,0.830553412437439,-0.0007041006465442479,0.3480011224746704,0.8158047795295715,0.0048739733174443245,0.3736911714076996,0.8357536792755127,0.008614874444901943,0.3735146224498749,0.9361555576324463,0.002627950394526124,0.3319586515426636,0.8748071193695068,0.003111321246251464,0.3489210605621338,0.8615226149559021,0.011820292100310326,0.36992114782333374,0.8754051923751831,0.01925773173570633,sorry
0.6141682863235474,0.7486618757247925,-3.5057144032180076e-07,0.6129800081253052,0.6321742534637451,0.0017669666558504105,0.5645790100097656,0.5471439361572266,0.0044897692278027534,0.5127233266830444,0.5237705111503601,0.006973096635192633,0.47966015338897705,0.5510993599891663,0.009786860086023808,0.472115695476532,0.5689778923988342,-0.0030542598105967045,0.43654096126556396,0.5524860620498657,-0.010121235623955727,0.463898628950119,0.5730794668197632,-0.01870846189558506,0.49164292216300964,0.59163498878479,-0.023624509572982788,0.44719198346138,0.6356980204582214,-0.006827949080616236,0.41228798031806946,0.6147758960723877,-0.005478210281580687,0.4422208070755005,0.6296990513801575,-0.0047897701151669025,0.4727846086025238,0.6467973589897156,-0.006037423387169838,0.4358951151371002,0.70402592420578,-0.010030453093349934,0.4021693170070648,0.6795685887336731,-0.008214999921619892,0.4304448962211609,0.6872392892837524,-0.002397064818069339,0.46095240116119385,0.7008132934570312,-0.00068631925387308,0.43554598093032837,0.7657061815261841,-0.012871169485151768,0.40667951107025146,0.7418190836906433,-0.01093870960175991,0.43035414814949036,0.7455753087997437,-0.0008687959052622318,0.4553598463535309,0.7570857405662537,0.006564970128238201,sorry
0.5488364696502686,0.7860960960388184,-2.5004567305586534e-07,0.5450639128684998,0.6816512942314148,0.01198734249919653,0.4983040690422058,0.6126301288604736,0.02089124172925949,0.45062020421028137,0.591884434223175,0.026861995458602905,0.41965681314468384,0.5923237204551697,0.03233833238482475,0.39242812991142273,0.6126334071159363,0.024663696065545082,0.3699059784412384,0.6320784687995911,0.027745407074689865,0.3902563750743866,0.655502200126648,0.02234559878706932,0.4161432087421417,0.6641239523887634,0.018492627888917923,0.36756765842437744,0.6773988604545593,0.018308740109205246,0.34498780965805054,0.6875302791595459,0.028000663965940475,0.36873820424079895,0.7091044783592224,0.027018656954169273,0.39892852306365967,0.7181668877601624,0.024731073528528214,0.36036360263824463,0.7475472092628479,0.012866083532571793,0.33453109860420227,0.7496262192726135,0.017491351813077927,0.3596716821193695,0.7656661868095398,0.02056477591395378,0.3905130624771118,0.7716450691223145,0.021738234907388687,0.36513519287109375,0.8141343593597412,0.008655223995447159,0.33585065603256226,0.8110939264297485,0.01242136862128973,0.3579752743244171,0.8203453421592712,0.022549407556653023,0.3849915564060211,0.8249553442001343,0.03169684857130051,sorry
0.555014967918396,0.7314355969429016,-2.1233552160992986e-07,0.555066704750061,0.6200684309005737,0.004960697144269943,0.5115320682525635,0.5316641330718994,0.00622427836060524,0.4558604657649994,0.4901953339576721,0.006963882129639387,0.41823703050613403,0.5135382413864136,0.007076314650475979,0.44016391038894653,0.5440915822982788,-0.009869868867099285,0.3822936415672302,0.5187085866928101,-0.013790120370686054,0.3994748294353485,0.5380949378013611,-0.016893580555915833,0.42500069737434387,0.5532780885696411,-0.01805838942527771,0.4129891097545624,0.6077202558517456,-0.014586522243916988,0.35655108094215393,0.5743120312690735,-0.009890484623610973,0.37964221835136414,0.5905084609985352,-0.005099259316921234,0.406947523355484,0.6090866327285767,-0.004145764280110598,0.39808136224746704,0.6734786629676819,-0.017399322241544724,0.34174418449401855,0.6373211145401001,-0.012975377961993217,0.36349716782569885,0.6447879672050476,-0.003994577564299107,0.3929675817489624,0.66042560338974,-0.0006475673872046173,0.3927971124649048,0.7365359663963318,-0.01911708526313305,0.3388713598251343,0.7040787935256958,-0.01570315845310688,0.353919118642807,0.705440104007721,-0.0033567817881703377,0.37886476516723633,0.7160024046897888,0.00543878972530365,sorry
0.551903486251831,0.8371824026107788,-2.5838849637693784e-07,0.5497221350669861,0.719833493232727,-0.0009358619572594762,0.4947025179862976,0.6389461159706116,-0.0005489618633873761,0.43663978576660156,0.6134567856788635,-0.0003638321068137884,0.39479830861091614,0.6206363439559937,0.00022283554426394403,0.42193174362182617,0.6691838502883911,-0.01434105820953846,0.3680095374584198,0.6453820466995239,-0.025426626205444336,0.3914591670036316,0.6571004986763,-0.032417722046375275,0.42136552929878235,0.6693022847175598,-0.034813858568668365,0.40048840641975403,0.7415047287940979,-0.017533117905259132,0.3460681438446045,0.7078449130058289,-0.021502839401364326,0.3720473647117615,0.7164170145988464,-0.020283617079257965,0.4041285812854767,0.7315644025802612,-0.01964874006807804,0.3909526765346527,0.8115127682685852,-0.02009541168808937,0.3341306746006012,0.7760204672813416,-0.022686077281832695,0.3564050793647766,0.7778052091598511,-0.014825206249952316,0.3888840675354004,0.7901943325996399,-0.009981164708733559,0.3912535607814789,0.87430739402771,-0.022238101810216904,0.33799824118614197,0.8401923179626465,-0.02256503514945507,0.35125598311424255,0.8367793560028076,-0.011537839658558369,0.3759559988975525,0.8456896543502808,-0.002552935853600502,sorry
0.6066404581069946,0.7427840232849121,-1.9582243737659155e-07,0.6031811833381653,0.6238229274749756,0.0029840029310435057,0.5527259111404419,0.5513820052146912,0.004795248620212078,0.5046966075897217,0.5362581610679626,0.005921707954257727,0.4753260612487793,0.5644674897193909,0.0075957984663546085,0.44693225622177124,0.5624443292617798,0.006045487243682146,0.44111621379852295,0.5519190430641174,0.0013183151604607701,0.47228676080703735,0.5691477656364441,-0.008850513957440853,0.4968964755535126,0.5883147716522217,-0.015801550820469856,0.4189780354499817,0.6285839080810547,0.0014383988454937935,0.41753584146499634,0.6124444007873535,0.008146201260387897,0.447890967130661,0.6229668259620667,0.00781367439776659,0.4732591211795807,0.6421770453453064,0.004341497085988522,0.41088253259658813,0.6993454694747925,-0.0028440391179174185,0.40667107701301575,0.6776859760284424,0.002658483339473605,0.434635192155838,0.6809040307998657,0.007570955436676741,0.46091872453689575,0.6949418187141418,0.007895008660852909,0.4158778190612793,0.7627860307693481,-0.007144914474338293,0.40471476316452026,0.7422380447387695,-0.0020022413227707148,0.4290410578250885,0.7423374056816101,0.008849051780998707,0.45024240016937256,0.7533562779426575,0.016894962638616562,sorry
0.5051087141036987,0.6953510046005249,-3.5639973816614656e-07,0.5051720142364502,0.6167047023773193,0.012178737670183182,0.45473387837409973,0.5551902055740356,0.021596314385533333,0.4061996340751648,0.5435147285461426,0.028735172003507614,0.37201225757598877,0.5617339611053467,0.035432521253824234,0.3695874810218811,0.5256521701812744,0.02495758980512619,0.36024290323257446,0.540527880191803,0.027169831097126007,0.3812345564365387,0.5768114924430847,0.021119965240359306,0.4008747637271881,0.598271906375885,0.016329774633049965,0.3406047821044922,0.5658270120620728,0.018612507730722427,0.33249545097351074,0.579650342464447,0.02858901023864746,0.3555760979652405,0.6105758547782898,0.028353046625852585,0.3814786970615387,0.6268404126167297,0.02611825056374073,0.32650959491729736,0.6194528937339783,0.012982524931430817,0.31403255462646484,0.6276581287384033,0.01774473488330841,0.33887726068496704,0.6483444571495056,0.021123040467500687,0.3662579655647278,0.6587817668914795,0.021476857364177704,0.324576735496521,0.6733952164649963,0.008547774516046047,0.3114927113056183,0.6914570331573486,0.009448166005313396,0.3348289132118225,0.7058144807815552,0.01713213138282299,0.3582397699356079,0.7099884152412415,0.024431126192212105,sorry
0.6095372438430786,0.8529950380325317,-1.8394804612853477e-07,0.6036940813064575,0.7261466383934021,-0.003995058126747608,0.5515510439872742,0.6435874700546265,-0.0049057332798838615,0.4932812750339508,0.6194292306900024,-0.00514691649004817,0.4583609104156494,0.6353035569190979,-0.004100416321307421,0.47126200795173645,0.687816858291626,-0.012292139232158661,0.42800143361091614,0.6449884176254272,-0.022605767473578453,0.4552266299724579,0.6522060632705688,-0.030103905126452446,0.482292115688324,0.6726670861244202,-0.0334300696849823,0.4473804235458374,0.7591413259506226,-0.014196796342730522,0.4042738080024719,0.711725115776062,-0.016019154340028763,0.4316914975643158,0.7122581601142883,-0.01532473973929882,0.46031805872917175,0.7339409589767456,-0.016135437414050102,0.43721234798431396,0.8257948160171509,-0.015923069790005684,0.3951340317726135,0.7796987295150757,-0.015041770413517952,0.4196683168411255,0.7748590111732483,-0.007291005924344063,0.44766390323638916,0.791910707950592,-0.004098443780094385,0.4373398721218109,0.8831894993782043,-0.017835572361946106,0.40078017115592957,0.8433076739311218,-0.014786198735237122,0.4198497533798218,0.8363724946975708,-0.0032456896733492613,0.4420442283153534,0.8491132259368896,0.004969744477421045,sorry
0.6675511002540588,0.7267669439315796,-3.0082944135756406e-07,0.6623551845550537,0.6318150162696838,-0.001781044527888298,0.6134740710258484,0.5574626922607422,-0.006221868097782135,0.5493142604827881,0.5441372990608215,-0.010468064807355404,0.5082181096076965,0.5743743777275085,-0.014305505901575089,0.5668113827705383,0.5482484102249146,-0.02067757211625576,0.4929050803184509,0.5474897623062134,-0.03528574854135513,0.5118274688720703,0.5798414945602417,-0.042394399642944336,0.5439531207084656,0.592197060585022,-0.04408415034413338,0.5423997044563293,0.6113371253013611,-0.02473803423345089,0.4691716134548187,0.6039091944694519,-0.03503027185797691,0.4960393011569977,0.6331088542938232,-0.03494727611541748,0.5332187414169312,0.6462387442588806,-0.03257840499281883,0.5240821242332458,0.6767921447753906,-0.027626410126686096,0.45615068078041077,0.6639090180397034,-0.03619913384318352,0.4839923679828644,0.6851868629455566,-0.02708275429904461,0.5217680931091309,0.6953417658805847,-0.01912231370806694,0.5122091174125671,0.7403262853622437,-0.029719814658164978,0.45680806040763855,0.7196661233901978,-0.03675667941570282,0.47918763756752014,0.7348430156707764,-0.026489868760108948,0.5122830867767334,0.7462288737297058,-0.01606273651123047,sorry
0.4766208529472351,0.8440099358558655,-2.7295385507386527e-07,0.481998085975647,0.7062590718269348,0.010241938754916191,0.4305879473686218,0.6272515654563904,0.0198966097086668,0.3826456665992737,0.6235634684562683,0.027263298630714417,0.35337021946907043,0.6632083058357239,0.03251112997531891,0.33224549889564514,0.6395728588104248,0.021119670942425728,0.3469877243041992,0.6454072594642639,0.02497493475675583,0.3801175355911255,0.6643521189689636,0.01629756949841976,0.4039057195186615,0.6814565062522888,0.007850321009755135,0.30539828538894653,0.715961217880249,0.01524766068905592,0.3211650550365448,0.7115525007247925,0.03166976198554039,0.35150980949401855,0.7246504426002502,0.0300410408526659,0.3741883635520935,0.7434255480766296,0.02204604260623455,0.2989122271537781,0.7961011528968811,0.010308516211807728,0.30692440271377563,0.7796710729598999,0.020768044516444206,0.3364134430885315,0.7861372828483582,0.021498167887330055,0.36101841926574707,0.8017229437828064,0.016522230580449104,0.30470436811447144,0.8665828704833984,0.006334158591926098,0.3124157190322876,0.8448004722595215,0.013787117786705494,0.339125394821167,0.8479912281036377,0.022563787177205086,0.3576626181602478,0.8614923357963562,0.027145862579345703,sorry
0.5961156487464905,0.7482848763465881,-2.097210227702817e-07,0.5925194025039673,0.6305395364761353,-0.0023423878010362387,0.5425780415534973,0.5634275674819946,-0.00477985804900527,0.4906073212623596,0.56696617603302,-0.007454549428075552,0.45772916078567505,0.6071599125862122,-0.009384452365338802,0.4475957453250885,0.5497351288795471,0.001943067996762693,0.4338943362236023,0.5520510673522949,-0.007581788115203381,0.4664195775985718,0.5758320093154907,-0.021371010690927505,0.489980012178421,0.5926983952522278,-0.03043917752802372,0.4144267141819,0.6129519939422607,-0.003023686120286584,0.40653330087661743,0.6059973239898682,-0.0009242494124919176,0.4397275745868683,0.6269087791442871,-0.003787218127399683,0.46840137243270874,0.6476614475250244,-0.007207255344837904,0.4000450074672699,0.6840920448303223,-0.00841745175421238,0.3863944411277771,0.6725696325302124,-0.006588888820260763,0.4193580150604248,0.6867360472679138,0.0005663351039402187,0.4481062889099121,0.7000523805618286,0.0037315755616873503,0.39901697635650635,0.7522178292274475,-0.014478285796940327,0.38087961077690125,0.7360051870346069,-0.012380260974168777,0.41213107109069824,0.7453188896179199,0.0010654098587110639,0.4377312660217285,0.7578060030937195,0.012043915688991547,sorry
0.4889835715293884,0.891007125377655,-1.67547455021122e-07,0.4965924024581909,0.7781553268432617,-0.0029714438132941723,0.4434545338153839,0.6943778991699219,0.0014258325099945068,0.38628020882606506,0.6735683083534241,0.0057328310795128345,0.3494650423526764,0.6841091513633728,0.010393315926194191,0.3447016179561615,0.7209959626197815,0.008689351379871368,0.32271748781204224,0.7084721922874451,0.004194327630102634,0.3458821177482605,0.7166721820831299,-0.005182535387575626,0.3687707185745239,0.7299224138259888,-0.01134834997355938,0.32216399908065796,0.7895208597183228,0.007439971435815096,0.29830673336982727,0.767673134803772,0.009884320199489594,0.3243452310562134,0.7725219130516052,0.006357152480632067,0.3511430621147156,0.7894968390464783,0.0022696724627166986,0.31505444645881653,0.8578815460205078,0.005371056497097015,0.2862873375415802,0.8327335119247437,0.004945265129208565,0.3089943826198578,0.8315828442573547,0.006698481272906065,0.33701515197753906,0.8446201682090759,0.006936834193766117,0.31800416111946106,0.9196004867553711,0.0031521483324468136,0.2853473722934723,0.8924129009246826,0.0027625414077192545,0.3032659888267517,0.8888525366783142,0.010323958471417427,0.3256920278072357,0.897794246673584,0.016924547031521797,sorry
0.6256827712059021,0.8671635389328003,-2.5496748889963783e-07,0.6218278408050537,0.7517594695091248,-0.0029860371723771095,0.5680537223815918,0.6699199676513672,-0.003573775989934802,0.5081143379211426,0.6437441110610962,-0.003825950436294079,0.47503307461738586,0.6653057336807251,-0.0029945774003863335,0.490893691778183,0.6934379935264587,-0.008735856041312218,0.4397302269935608,0.6685997247695923,-0.019012754783034325,0.46488165855407715,0.6871565580368042,-0.0272488035261631,0.4940827190876007,0.7043781280517578,-0.030969178304076195,0.463172048330307,0.7587525844573975,-0.010995647870004177,0.41918492317199707,0.7329928278923035,-0.013377475552260876,0.44726473093032837,0.7482566833496094,-0.013081791810691357,0.47791147232055664,0.7655349969863892,-0.012838662602007389,0.44711485505104065,0.8254332542419434,-0.013108131475746632,0.4090847671031952,0.8017646670341492,-0.011905371211469173,0.4354356825351715,0.8111692667007446,-0.004119332414120436,0.4652080833911896,0.8243081569671631,-0.0003418785345274955,0.4405727982521057,0.8859706521034241,-0.015658734366297722,0.4105275869369507,0.8633536100387573,-0.013155973516404629,0.4339256286621094,0.8694289922714233,-0.002116745337843895,0.4575726091861725,0.879859447479248,0.006531276274472475,sorry
0.48202022910118103,0.732548177242279,-2.540076309287542e-07,0.4996287226676941,0.6237484216690063,-0.002044990425929427,0.4628188908100128,0.5540822148323059,-0.0018885679310187697,0.4104824364185333,0.5434590578079224,0.0006739911041222513,0.37261319160461426,0.5726798176765442,0.0025107290130108595,0.37925654649734497,0.507574200630188,-0.0027321905363351107,0.3827928900718689,0.5334827899932861,-0.007067901082336903,0.3994731307029724,0.5711309313774109,-0.017232513055205345,0.4143269956111908,0.5925775170326233,-0.024571852758526802,0.3296811580657959,0.5605259537696838,-0.002709990134462714,0.3380676209926605,0.5754097700119019,0.005586317740380764,0.35956600308418274,0.6067100763320923,0.005338157527148724,0.3819563090801239,0.628062903881073,0.001666744239628315,0.3013693392276764,0.6312952637672424,-0.0016178434016183019,0.30505135655403137,0.6373892426490784,0.003146770875900984,0.33078816533088684,0.6596500873565674,0.006633427459746599,0.35721299052238464,0.6750487089157104,0.0059266663156449795,0.28844544291496277,0.7032740116119385,-0.00019411482207942754,0.2896305024623871,0.7079408168792725,0.001935055828653276,0.3158716559410095,0.7219712734222412,0.011048712767660618,0.3394344449043274,0.7338473200798035,0.018855465576052666,sorry
